image_id,baseline_dice,result_dice,delta_dice,selected_positive,selected_negative,selected_boundary
PolypGen__C1_711OLCV1_100H0006,6.538939528732968e-11,6.257822038335803e-10,5.603928085462506e-10,KvasirCVC__kvasir_cju3u39fog1bo0871lxjrabks_positive;KvasirCVC__kvasir_cju33w4sdcivk0855x879zht7_positive,KvasirCVC__kvasir_cju87vqa0ndwg0850onjdz7ol_negative,KvasirCVC__kvasir_cju2zp89k9q1g0855k1x0f1xa_boundary
PolypGen__C5_EndoCV2021_C5_50000005,6.615944597720969e-11,7.257947715055835e-11,6.4200311733486615e-12,KvasirCVC__kvasir_cju3u39fog1bo0871lxjrabks_positive;KvasirCVC__cvc_444_positive,KvasirCVC__kvasir_cju87vqa0ndwg0850onjdz7ol_negative,KvasirCVC__kvasir_cju2zp89k9q1g0855k1x0f1xa_boundary
PolypGen__C4_35_endocv2021_negative_1058,6.651146994274271e-11,2.836879342549281e-10,2.171764643121854e-10,KvasirCVC__kvasir_cju3u39fog1bo0871lxjrabks_positive;KvasirCVC__cvc_444_positive,KvasirCVC__kvasir_cju87vqa0ndwg0850onjdz7ol_negative,KvasirCVC__kvasir_cju2zp89k9q1g0855k1x0f1xa_boundary
PolypGen__C2_EndoCV2021_001150,6.677350339323596e-11,9.070294515467481e-11,2.3929441761438852e-11,KvasirCVC__kvasir_cju3u39fog1bo0871lxjrabks_positive;KvasirCVC__kvasir_cju33w4sdcivk0855x879zht7_positive,KvasirCVC__kvasir_cju87vqa0ndwg0850onjdz7ol_negative,KvasirCVC__kvasir_cju2zp89k9q1g0855k1x0f1xa_boundary
PolypGen__C4_12_endocv2021_positive_148,6.681365877225787e-11,1.0795638688554376e-10,4.11427281132859e-11,KvasirCVC__kvasir_cju3u39fog1bo0871lxjrabks_positive;KvasirCVC__kvasir_cju33w4sdcivk0855x879zht7_positive,KvasirCVC__kvasir_cju87vqa0ndwg0850onjdz7ol_negative,KvasirCVC__kvasir_cju2zp89k9q1g0855k1x0f1xa_boundary
PolypGen__C4_21_endocv2021_positive_1129,6.694785004146553e-11,2.5773194689548973e-10,1.907840968540242e-10,KvasirCVC__kvasir_cju3u39fog1bo0871lxjrabks_positive;KvasirCVC__cvc_444_positive,KvasirCVC__kvasir_cju87vqa0ndwg0850onjdz7ol_negative,KvasirCVC__kvasir_cju2zp89k9q1g0855k1x0f1xa_boundary
PolypGen__C4_14_endocv2021_positive_192,6.706907945686069e-11,8.887308944327543e-11,2.180400998641474e-11,KvasirCVC__kvasir_cju3u39fog1bo0871lxjrabks_positive;KvasirCVC__kvasir_cju33w4sdcivk0855x879zht7_positive,KvasirCVC__kvasir_cju87vqa0ndwg0850onjdz7ol_negative,KvasirCVC__kvasir_cju2zp89k9q1g0855k1x0f1xa_boundary
PolypGen__C4_17_endocv2021_positive_1456,6.720881490229758e-11,6.798558938037047e-11,7.767744780728947e-13,KvasirCVC__kvasir_cju3u39fog1bo0871lxjrabks_positive;KvasirCVC__cvc_54_positive,KvasirCVC__cvc_210_negative,KvasirCVC__kvasir_cju43kj2pm34f0850l28ahpni_boundary
PolypGen__C4_14_endocv2021_positive_421,6.730380835984207e-11,9.927528937803132e-11,3.197148101818925e-11,KvasirCVC__kvasir_cju3u39fog1bo0871lxjrabks_positive;KvasirCVC__kvasir_cju33w4sdcivk0855x879zht7_positive,KvasirCVC__kvasir_cju87vqa0ndwg0850onjdz7ol_negative,KvasirCVC__kvasir_cju2zp89k9q1g0855k1x0f1xa_boundary
PolypGen__C4_21_endocv2021_positive_812,6.731287055528057e-11,5.941770409023661e-10,5.268641703470855e-10,KvasirCVC__kvasir_cju3u39fog1bo0871lxjrabks_positive;KvasirCVC__cvc_444_positive,KvasirCVC__kvasir_cju87vqa0ndwg0850onjdz7ol_negative,KvasirCVC__kvasir_cju2zp89k9q1g0855k1x0f1xa_boundary
PolypGen__C4_12_endocv2021_positive_38,6.733553298277073e-11,9.710623277703334e-11,2.977069979426261e-11,KvasirCVC__kvasir_cju3u39fog1bo0871lxjrabks_positive;KvasirCVC__kvasir_cju33w4sdcivk0855x879zht7_positive,KvasirCVC__kvasir_cju87vqa0ndwg0850onjdz7ol_negative,KvasirCVC__kvasir_cju2zp89k9q1g0855k1x0f1xa_boundary
PolypGen__C4_12_endocv2021_positive_289,6.808742458730421e-11,2.8176952437952707e-10,2.1368209979222286e-10,KvasirCVC__kvasir_cju3u39fog1bo0871lxjrabks_positive;KvasirCVC__kvasir_cju3y9difj6th0801kd1rqm3w_positive,KvasirCVC__kvasir_cju87vqa0ndwg0850onjdz7ol_negative,KvasirCVC__kvasir_cju2zp89k9q1g0855k1x0f1xa_boundary
PolypGen__C4_26_endocv2021_positive_588,6.822678533247029e-11,4.606172387955354e-10,3.923904534630651e-10,KvasirCVC__kvasir_cju3u39fog1bo0871lxjrabks_positive;KvasirCVC__cvc_54_positive,KvasirCVC__cvc_210_negative,KvasirCVC__kvasir_cju2zp89k9q1g0855k1x0f1xa_boundary
PolypGen__C4_18_endocv2021_positive_334,6.835269850125059e-11,3.4554251127083546e-10,2.771898127695849e-10,KvasirCVC__kvasir_cju3u39fog1bo0871lxjrabks_positive;KvasirCVC__cvc_54_positive,KvasirCVC__cvc_210_negative,KvasirCVC__kvasir_cju2zp89k9q1g0855k1x0f1xa_boundary
PolypGen__C5_EndoCV2021_C5_50000266,6.852600431539457e-11,1.1009577971510254e-10,4.1569775399707964e-11,KvasirCVC__kvasir_cju3u39fog1bo0871lxjrabks_positive;KvasirCVC__kvasir_cju33w4sdcivk0855x879zht7_positive,KvasirCVC__kvasir_cju87vqa0ndwg0850onjdz7ol_negative,KvasirCVC__kvasir_cju2zp89k9q1g0855k1x0f1xa_boundary
PolypGen__C4_15_endocv2021_positive_1283,6.959911119652773e-11,1.6498927224439797e-10,9.539016104787024e-11,KvasirCVC__kvasir_cju3u39fog1bo0871lxjrabks_positive;KvasirCVC__cvc_54_positive,KvasirCVC__kvasir_cju87vqa0ndwg0850onjdz7ol_negative,KvasirCVC__cvc_154_boundary
PolypGen__C1_100S0001,6.970583832366373e-11,1.4534883296946077e-09,1.383782491370944e-09,KvasirCVC__kvasir_cju3u39fog1bo0871lxjrabks_positive;KvasirCVC__kvasir_cju33w4sdcivk0855x879zht7_positive,KvasirCVC__kvasir_cju87vqa0ndwg0850onjdz7ol_negative,KvasirCVC__kvasir_cju2zp89k9q1g0855k1x0f1xa_boundary
PolypGen__C4_17_endocv2021_positive_457,7.013114394771591e-11,5.790388168946947e-10,5.089076729469788e-10,KvasirCVC__kvasir_cju3u39fog1bo0871lxjrabks_positive;KvasirCVC__kvasir_cju33w4sdcivk0855x879zht7_positive,KvasirCVC__kvasir_cju87vqa0ndwg0850onjdz7ol_negative,KvasirCVC__kvasir_cju2zp89k9q1g0855k1x0f1xa_boundary
PolypGen__C4_30_endocv2021_positive_614,7.052683437258622e-11,1.333333354835986e-08,1.3262806713987274e-08,KvasirCVC__kvasir_cju3u39fog1bo0871lxjrabks_positive;KvasirCVC__cvc_444_positive,KvasirCVC__kvasir_cju87vqa0ndwg0850onjdz7ol_negative,KvasirCVC__kvasir_cju2zp89k9q1g0855k1x0f1xa_boundary
PolypGen__C4_16_endocv2021_positive_269,7.095217469110793e-11,7.137758439856867e-11,4.2540970746074436e-13,KvasirCVC__kvasir_cju3u39fog1bo0871lxjrabks_positive;KvasirCVC__cvc_54_positive,KvasirCVC__cvc_210_negative,KvasirCVC__kvasir_cju2zp89k9q1g0855k1x0f1xa_boundary
PolypGen__C2_EndoCV2021_001108,7.109847433017791e-11,2.167786644635683e-10,1.456801901333904e-10,KvasirCVC__kvasir_cju3u39fog1bo0871lxjrabks_positive;KvasirCVC__cvc_444_positive,KvasirCVC__kvasir_cju87vqa0ndwg0850onjdz7ol_negative,KvasirCVC__kvasir_cju2zp89k9q1g0855k1x0f1xa_boundary
PolypGen__C4_25_endocv2021_positive_29,7.16024600722065e-11,9.118263782914582e-11,1.958017775693932e-11,KvasirCVC__kvasir_cju3u39fog1bo0871lxjrabks_positive;KvasirCVC__kvasir_cju33w4sdcivk0855x879zht7_positive,KvasirCVC__kvasir_cju87vqa0ndwg0850onjdz7ol_negative,KvasirCVC__kvasir_cju2zp89k9q1g0855k1x0f1xa_boundary
PolypGen__C4_23_endocv2021_positive_768,7.17411546835578e-11,7.047216282751734e-11,-1.2689918560404578e-12,KvasirCVC__kvasir_cju3u39fog1bo0871lxjrabks_positive;KvasirCVC__kvasir_cju33w4sdcivk0855x879zht7_positive,KvasirCVC__kvasir_cju87vqa0ndwg0850onjdz7ol_negative,KvasirCVC__kvasir_cju2zp89k9q1g0855k1x0f1xa_boundary
PolypGen__C4_30_endocv2021_positive_447,7.193209916600551e-11,1.6523463153284013e-10,9.330253236683461e-11,KvasirCVC__kvasir_cju3u39fog1bo0871lxjrabks_positive;KvasirCVC__kvasir_cju33w4sdcivk0855x879zht7_positive,KvasirCVC__kvasir_cju87vqa0ndwg0850onjdz7ol_negative,KvasirCVC__kvasir_cju2zp89k9q1g0855k1x0f1xa_boundary
PolypGen__C4_20_endocv2021_positive_270,7.203573154646037e-11,8.247422883522759e-11,1.0438497288767223e-11,KvasirCVC__kvasir_cju3u39fog1bo0871lxjrabks_positive;KvasirCVC__cvc_444_positive,KvasirCVC__kvasir_cju87vqa0ndwg0850onjdz7ol_negative,KvasirCVC__kvasir_cju2zp89k9q1g0855k1x0f1xa_boundary
PolypGen__C4_20_endocv2021_positive_434,7.206688024119501e-11,1.8789927946905038e-10,1.1583239922785538e-10,KvasirCVC__kvasir_cju3u39fog1bo0871lxjrabks_positive;KvasirCVC__kvasir_cju33w4sdcivk0855x879zht7_positive,KvasirCVC__kvasir_cju87vqa0ndwg0850onjdz7ol_negative,KvasirCVC__kvasir_cju2zp89k9q1g0855k1x0f1xa_boundary
PolypGen__C4_5_endocv2021_positive_1114,7.218652758878008e-11,2.1155066587397187e-10,1.3936413828519179e-10,KvasirCVC__kvasir_cju3u39fog1bo0871lxjrabks_positive;KvasirCVC__kvasir_cju33w4sdcivk0855x879zht7_positive,KvasirCVC__kvasir_cju87vqa0ndwg0850onjdz7ol_negative,KvasirCVC__kvasir_cju2zp89k9q1g0855k1x0f1xa_boundary
PolypGen__C4_14_endocv2021_positive_782,7.307270760703588e-11,9.119927035783348e-11,1.8126562750797603e-11,KvasirCVC__kvasir_cju3u39fog1bo0871lxjrabks_positive;KvasirCVC__kvasir_cju33w4sdcivk0855x879zht7_positive,KvasirCVC__kvasir_cju87vqa0ndwg0850onjdz7ol_negative,KvasirCVC__kvasir_cju2zp89k9q1g0855k1x0f1xa_boundary
PolypGen__C2_EndoCV2021_001252,7.349158781533305e-11,1.2362467993742854e-10,5.013309212209549e-11,KvasirCVC__kvasir_cju3u39fog1bo0871lxjrabks_positive;KvasirCVC__cvc_54_positive,KvasirCVC__cvc_210_negative,KvasirCVC__kvasir_cju2zp89k9q1g0855k1x0f1xa_boundary
PolypGen__C2_EndoCV2021_001256,7.354563485995058e-11,1.7646020755712755e-10,1.0291457269717696e-10,KvasirCVC__kvasir_cju3u39fog1bo0871lxjrabks_positive;KvasirCVC__kvasir_cju33w4sdcivk0855x879zht7_positive,KvasirCVC__kvasir_cju87vqa0ndwg0850onjdz7ol_negative,KvasirCVC__kvasir_cju2zp89k9q1g0855k1x0f1xa_boundary
PolypGen__C4_31_endocv2021_positive_329 2,7.403568730302013e-11,1.0089799135082345e-10,2.686230404780332e-11,KvasirCVC__kvasir_cju3u39fog1bo0871lxjrabks_positive;KvasirCVC__kvasir_cju33w4sdcivk0855x879zht7_positive,KvasirCVC__kvasir_cju87vqa0ndwg0850onjdz7ol_negative,KvasirCVC__kvasir_cju2zp89k9q1g0855k1x0f1xa_boundary
PolypGen__C4_11_endocv2021_positive_61,7.552870134874823e-11,8.975854781656523e-11,1.4229846467816998e-11,KvasirCVC__kvasir_cju3u39fog1bo0871lxjrabks_positive;KvasirCVC__cvc_444_positive,KvasirCVC__kvasir_cju87vqa0ndwg0850onjdz7ol_negative,KvasirCVC__kvasir_cju2zp89k9q1g0855k1x0f1xa_boundary
PolypGen__C4_11_endocv2021_positive_146,7.562008658146269e-11,9.970090031341527e-11,2.4080813731952588e-11,KvasirCVC__kvasir_cju3u39fog1bo0871lxjrabks_positive;KvasirCVC__kvasir_cju33w4sdcivk0855x879zht7_positive,KvasirCVC__kvasir_cju87vqa0ndwg0850onjdz7ol_negative,KvasirCVC__kvasir_cju2zp89k9q1g0855k1x0f1xa_boundary
PolypGen__C4_30_endocv2021_positive_480,7.562008658146269e-11,8.175277815825055e-11,6.132691576787863e-12,KvasirCVC__kvasir_cju3u39fog1bo0871lxjrabks_positive;KvasirCVC__kvasir_cju33w4sdcivk0855x879zht7_positive,KvasirCVC__kvasir_cju87vqa0ndwg0850onjdz7ol_negative,KvasirCVC__kvasir_cju2zp89k9q1g0855k1x0f1xa_boundary
PolypGen__C4_22_endocv2021_positive_225,7.607454943769909e-11,1.8821758041021042e-10,1.1214303097251133e-10,KvasirCVC__kvasir_cju33w4sdcivk0855x879zht7_positive;KvasirCVC__kvasir_cju3u39fog1bo0871lxjrabks_positive,KvasirCVC__kvasir_cju87vqa0ndwg0850onjdz7ol_negative,KvasirCVC__kvasir_cju2zp89k9q1g0855k1x0f1xa_boundary
PolypGen__C4_14_endocv2021_positive_1069,7.608034341410885e-11,1.0707784658947617e-10,3.0997503175367314e-11,KvasirCVC__kvasir_cju3u39fog1bo0871lxjrabks_positive;KvasirCVC__kvasir_cju3y9difj6th0801kd1rqm3w_positive,KvasirCVC__kvasir_cju87vqa0ndwg0850onjdz7ol_negative,KvasirCVC__kvasir_cju2zp89k9q1g0855k1x0f1xa_boundary
PolypGen__C4_23_endocv2021_positive_98,7.713073929549452e-11,2.518257269379376e-10,1.7469498764244307e-10,KvasirCVC__kvasir_cju3u39fog1bo0871lxjrabks_positive;KvasirCVC__kvasir_cju33w4sdcivk0855x879zht7_positive,KvasirCVC__kvasir_cju87vqa0ndwg0850onjdz7ol_negative,KvasirCVC__kvasir_cju2zp89k9q1g0855k1x0f1xa_boundary
PolypGen__C1_883OLCV1_100H0014,7.799703938271563e-11,8.155276454147042e-11,3.5557251587547967e-12,KvasirCVC__kvasir_cju3u39fog1bo0871lxjrabks_positive;KvasirCVC__cvc_54_positive,KvasirCVC__cvc_210_negative,KvasirCVC__kvasir_cju2zp89k9q1g0855k1x0f1xa_boundary
PolypGen__C2_EndoCV2021_001253,7.799703938271563e-11,1.759633966313956e-10,9.796635724867997e-11,KvasirCVC__kvasir_cju3u39fog1bo0871lxjrabks_positive;KvasirCVC__kvasir_cju33w4sdcivk0855x879zht7_positive,KvasirCVC__kvasir_cju87vqa0ndwg0850onjdz7ol_negative,KvasirCVC__kvasir_cju2zp89k9q1g0855k1x0f1xa_boundary
PolypGen__C4_31_endocv2021_positive_38,7.94218094068988e-11,1.1820330825251801e-10,3.878149884561921e-11,KvasirCVC__kvasir_cju3u39fog1bo0871lxjrabks_positive;KvasirCVC__kvasir_cju33w4sdcivk0855x879zht7_positive,KvasirCVC__kvasir_cju87vqa0ndwg0850onjdz7ol_negative,KvasirCVC__kvasir_cju2zp89k9q1g0855k1x0f1xa_boundary
PolypGen__C4_5_endocv2021_positive_1122,8.16926734592549e-11,1.75315567618739e-10,9.36228941594841e-11,KvasirCVC__kvasir_cju3u39fog1bo0871lxjrabks_positive;KvasirCVC__kvasir_cju33w4sdcivk0855x879zht7_positive,KvasirCVC__kvasir_cju87vqa0ndwg0850onjdz7ol_negative,KvasirCVC__kvasir_cju2zp89k9q1g0855k1x0f1xa_boundary
PolypGen__C2_EndoCV2021_001365,8.280202218324817e-11,9.515653542901958e-11,1.2354513245771415e-11,KvasirCVC__cvc_54_positive;KvasirCVC__kvasir_cju3u39fog1bo0871lxjrabks_positive,KvasirCVC__cvc_210_negative,KvasirCVC__kvasir_cju0tl3uz8blh0993wxvn7ly3_boundary
PolypGen__C4_14_endocv2021_positive_302,8.30840812815481e-11,1.1059499843701914e-10,2.751091715547105e-11,KvasirCVC__kvasir_cju3u39fog1bo0871lxjrabks_positive;KvasirCVC__kvasir_cju3y9difj6th0801kd1rqm3w_positive,KvasirCVC__kvasir_cju87vqa0ndwg0850onjdz7ol_negative,KvasirCVC__kvasir_cju2zp89k9q1g0855k1x0f1xa_boundary
PolypGen__C2_EndoCV2021_001431,8.388557903860061e-11,0.9604743123054504,0.9604743122215649,KvasirCVC__kvasir_cju3u39fog1bo0871lxjrabks_positive;KvasirCVC__cvc_54_positive,KvasirCVC__kvasir_cju87vqa0ndwg0850onjdz7ol_negative,KvasirCVC__kvasir_cju2zp89k9q1g0855k1x0f1xa_boundary
PolypGen__C4_12_endocv2021_positive_25,8.413967439446779e-11,3.363605782791268e-10,2.52220903884659e-10,KvasirCVC__cvc_54_positive;KvasirCVC__kvasir_cju3u39fog1bo0871lxjrabks_positive,KvasirCVC__kvasir_cju87vqa0ndwg0850onjdz7ol_negative,KvasirCVC__kvasir_cju2zp89k9q1g0855k1x0f1xa_boundary
PolypGen__C2_EndoCV2021_001241,8.53242337894855e-11,7.980845845301232e-11,-5.515775336473183e-12,KvasirCVC__kvasir_cju3u39fog1bo0871lxjrabks_positive;KvasirCVC__cvc_444_positive,KvasirCVC__kvasir_cju87vqa0ndwg0850onjdz7ol_negative,KvasirCVC__kvasir_cju2zp89k9q1g0855k1x0f1xa_boundary
PolypGen__C4_19_endocv2021_positive_711,8.540439189186344e-11,2.102607254972355e-10,1.2485633360537207e-10,KvasirCVC__kvasir_cju3u39fog1bo0871lxjrabks_positive;KvasirCVC__kvasir_cju33w4sdcivk0855x879zht7_positive,KvasirCVC__kvasir_cju87vqa0ndwg0850onjdz7ol_negative,KvasirCVC__kvasir_cju2zp89k9q1g0855k1x0f1xa_boundary
PolypGen__C4_16_endocv2021_positive_328,9.404683282143722e-11,8.512811983107937e-11,-8.918712990357847e-12,KvasirCVC__kvasir_cju3u39fog1bo0871lxjrabks_positive;KvasirCVC__cvc_54_positive,KvasirCVC__cvc_210_negative,KvasirCVC__kvasir_cju0tl3uz8blh0993wxvn7ly3_boundary
PolypGen__C4_20_endocv2021_positive_544,9.46163286608126e-11,9.073587020624885e-11,-3.880458454563751e-12,KvasirCVC__kvasir_cju3u39fog1bo0871lxjrabks_positive;KvasirCVC__kvasir_cju33w4sdcivk0855x879zht7_positive,KvasirCVC__kvasir_cju87vqa0ndwg0850onjdz7ol_negative,KvasirCVC__kvasir_cju2zp89k9q1g0855k1x0f1xa_boundary
PolypGen__C4_20_endocv2021_positive_417,9.530162770055028e-11,2.3110700853035127e-10,1.3580538082980098e-10,KvasirCVC__kvasir_cju3u39fog1bo0871lxjrabks_positive;KvasirCVC__kvasir_cju33w4sdcivk0855x879zht7_positive,KvasirCVC__kvasir_cju87vqa0ndwg0850onjdz7ol_negative,KvasirCVC__kvasir_cju2zp89k9q1g0855k1x0f1xa_boundary
PolypGen__C6_EndoCV2021_C6_0100005,9.636696302051106e-11,0.002499609487131238,0.002499609390764275,KvasirCVC__kvasir_cju3u39fog1bo0871lxjrabks_positive;KvasirCVC__cvc_444_positive,KvasirCVC__kvasir_cju87vqa0ndwg0850onjdz7ol_negative,KvasirCVC__kvasir_cju2zp89k9q1g0855k1x0f1xa_boundary
PolypGen__C4_11_endocv2021_positive_1475,9.681479229417533e-11,1.238696922811755e-10,2.705489998700017e-11,KvasirCVC__kvasir_cju3u39fog1bo0871lxjrabks_positive;KvasirCVC__kvasir_cju33w4sdcivk0855x879zht7_positive,KvasirCVC__kvasir_cju87vqa0ndwg0850onjdz7ol_negative,KvasirCVC__kvasir_cju2zp89k9q1g0855k1x0f1xa_boundary
PolypGen__C2_EndoCV2021_001381,9.926543614868777e-11,0.9385863542556763,0.9385863541564108,KvasirCVC__kvasir_cju3u39fog1bo0871lxjrabks_positive;KvasirCVC__kvasir_cju33w4sdcivk0855x879zht7_positive,KvasirCVC__cvc_210_negative,KvasirCVC__kvasir_cju2zp89k9q1g0855k1x0f1xa_boundary
PolypGen__C4_23_endocv2021_positive_254,1.0501995106881878e-10,2.6350460702317946e-10,1.5848465595436068e-10,KvasirCVC__kvasir_cju3u39fog1bo0871lxjrabks_positive;KvasirCVC__kvasir_cju33w4sdcivk0855x879zht7_positive,KvasirCVC__kvasir_cju87vqa0ndwg0850onjdz7ol_negative,KvasirCVC__kvasir_cju2zp89k9q1g0855k1x0f1xa_boundary
PolypGen__C4_19_endocv2021_positive_757,1.061007948166548e-10,1.0658707944033452e-10,4.862846236797225e-13,KvasirCVC__kvasir_cju3u39fog1bo0871lxjrabks_positive;KvasirCVC__kvasir_cju33w4sdcivk0855x879zht7_positive,KvasirCVC__kvasir_cju87vqa0ndwg0850onjdz7ol_negative,KvasirCVC__kvasir_cju2zp89k9q1g0855k1x0f1xa_boundary
PolypGen__C4_17_endocv2021_positive_1499,1.0930156085775522e-10,1.1987533188317911e-10,1.0573771025423895e-11,KvasirCVC__kvasir_cju3u39fog1bo0871lxjrabks_positive;KvasirCVC__cvc_54_positive,KvasirCVC__kvasir_cju87vqa0ndwg0850onjdz7ol_negative,KvasirCVC__kvasir_cju2zp89k9q1g0855k1x0f1xa_boundary
PolypGen__C5_EndoCV2021_C5_50000329,1.1361054458314257e-10,0.14447394013404846,0.14447394002043792,KvasirCVC__kvasir_cju3u39fog1bo0871lxjrabks_positive;KvasirCVC__cvc_54_positive,KvasirCVC__kvasir_cju87vqa0ndwg0850onjdz7ol_negative,KvasirCVC__kvasir_cju2zp89k9q1g0855k1x0f1xa_boundary
PolypGen__C4_24_endocv2021_positive_189,1.159420268126432e-10,1.3417415789529485e-10,1.8232131082651648e-11,KvasirCVC__kvasir_cju3u39fog1bo0871lxjrabks_positive;KvasirCVC__cvc_54_positive,KvasirCVC__kvasir_cju87vqa0ndwg0850onjdz7ol_negative,KvasirCVC__kvasir_cju2zp89k9q1g0855k1x0f1xa_boundary
PolypGen__C4_14_endocv2021_positive_864,1.1603620148070704e-10,8.731336487155517e-11,-2.872283660915187e-11,KvasirCVC__kvasir_cju3u39fog1bo0871lxjrabks_positive;KvasirCVC__kvasir_cju33w4sdcivk0855x879zht7_positive,KvasirCVC__kvasir_cju87vqa0ndwg0850onjdz7ol_negative,KvasirCVC__kvasir_cju2zp89k9q1g0855k1x0f1xa_boundary
PolypGen__C4_27_endocv2021_positive_132,1.1676785927061673e-10,1.1622500878383235e-10,-5.428504867843742e-13,KvasirCVC__kvasir_cju3u39fog1bo0871lxjrabks_positive;KvasirCVC__cvc_444_positive,KvasirCVC__kvasir_cju87vqa0ndwg0850onjdz7ol_negative,KvasirCVC__kvasir_cju2zp89k9q1g0855k1x0f1xa_boundary
PolypGen__C1_405OLCV1_100H0002,1.1749499984059497e-10,1.0260619437429952e-10,-1.4888805466295452e-11,KvasirCVC__kvasir_cju3u39fog1bo0871lxjrabks_positive;KvasirCVC__cvc_444_positive,KvasirCVC__kvasir_cju87vqa0ndwg0850onjdz7ol_negative,KvasirCVC__kvasir_cju2zp89k9q1g0855k1x0f1xa_boundary
PolypGen__C5_EndoCV2021_C5_50000126,1.24703830595152e-10,1.1174432906768672e-10,-1.2959501527465278e-11,KvasirCVC__kvasir_cju3u39fog1bo0871lxjrabks_positive;KvasirCVC__cvc_54_positive,KvasirCVC__cvc_210_negative,KvasirCVC__kvasir_cju2zp89k9q1g0855k1x0f1xa_boundary
PolypGen__C4_18_endocv2021_positive_341,1.2607161148370238e-10,1.0450412757379013e-10,-2.1567483909912255e-11,KvasirCVC__cvc_54_positive;KvasirCVC__kvasir_cju3u39fog1bo0871lxjrabks_positive,KvasirCVC__cvc_210_negative,KvasirCVC__kvasir_cju0tl3uz8blh0993wxvn7ly3_boundary
PolypGen__C1_564OLCV1_100H0002,1.3150973365849694e-10,1.4136274095744028e-10,9.85300729894334e-12,KvasirCVC__kvasir_cju3u39fog1bo0871lxjrabks_positive;KvasirCVC__cvc_444_positive,KvasirCVC__kvasir_cju87vqa0ndwg0850onjdz7ol_negative,KvasirCVC__kvasir_cju2zp89k9q1g0855k1x0f1xa_boundary
PolypGen__C1_375OLCV1_100H0008,1.3548299981902545e-10,0.001192961703054607,0.001192961567571607,KvasirCVC__kvasir_cju3u39fog1bo0871lxjrabks_positive;KvasirCVC__cvc_444_positive,KvasirCVC__kvasir_cju87vqa0ndwg0850onjdz7ol_negative,KvasirCVC__kvasir_cju2zp89k9q1g0855k1x0f1xa_boundary
PolypGen__C2_EndoCV2021_001157,1.402327837185524e-10,1.402327837185524e-10,0.0,,,
PolypGen__C4_11_endocv2021_positive_1228,1.406271904480505e-10,1.522997283842642e-10,1.16725379362137e-11,KvasirCVC__kvasir_cju3u39fog1bo0871lxjrabks_positive;KvasirCVC__kvasir_cju33w4sdcivk0855x879zht7_positive,KvasirCVC__kvasir_cju87vqa0ndwg0850onjdz7ol_negative,KvasirCVC__kvasir_cju2zp89k9q1g0855k1x0f1xa_boundary
PolypGen__C2_EndoCV2021_001085,1.4283674243387168e-10,0.0005334045854397118,0.0005334044426029694,KvasirCVC__kvasir_cju3u39fog1bo0871lxjrabks_positive;KvasirCVC__kvasir_cju33w4sdcivk0855x879zht7_positive,KvasirCVC__cvc_210_negative,KvasirCVC__kvasir_cju2zp89k9q1g0855k1x0f1xa_boundary
PolypGen__C4_23_endocv2021_positive_480,1.4334862463716291e-10,1.4727540020853525e-10,3.926775571372332e-12,KvasirCVC__kvasir_cju3u39fog1bo0871lxjrabks_positive;KvasirCVC__cvc_444_positive,KvasirCVC__kvasir_cju87vqa0ndwg0850onjdz7ol_negative,KvasirCVC__kvasir_cju2zp89k9q1g0855k1x0f1xa_boundary
PolypGen__C1_510OLCV1_100H0010,1.4602803688479327e-10,1.3078733929194897e-10,-1.52406975928443e-11,KvasirCVC__kvasir_cju3u39fog1bo0871lxjrabks_positive;KvasirCVC__cvc_54_positive,KvasirCVC__kvasir_cju87vqa0ndwg0850onjdz7ol_negative,KvasirCVC__kvasir_cju2zp89k9q1g0855k1x0f1xa_boundary
PolypGen__C5_EndoCV2021_C5_50000121,1.4637002720974124e-10,1.121705020534769e-10,-3.419952515626434e-11,KvasirCVC__kvasir_cju3u39fog1bo0871lxjrabks_positive;KvasirCVC__cvc_54_positive,KvasirCVC__cvc_210_negative,KvasirCVC__kvasir_cju2zp89k9q1g0855k1x0f1xa_boundary
PolypGen__C4_28_endocv2021_positive_201,1.5223017291177143e-10,7.691124126463222e-11,-7.531893164713921e-11,KvasirCVC__kvasir_cju3u39fog1bo0871lxjrabks_positive;KvasirCVC__cvc_444_positive,KvasirCVC__kvasir_cju87vqa0ndwg0850onjdz7ol_negative,KvasirCVC__kvasir_cju2zp89k9q1g0855k1x0f1xa_boundary
PolypGen__C4_30_endocv2021_positive_876,1.5223017291177143e-10,1.596423965244398e-10,7.412223612668356e-12,KvasirCVC__kvasir_cju3u39fog1bo0871lxjrabks_positive;KvasirCVC__cvc_444_positive,KvasirCVC__kvasir_cju87vqa0ndwg0850onjdz7ol_negative,KvasirCVC__kvasir_cju2zp89k9q1g0855k1x0f1xa_boundary
PolypGen__C2_EndoCV2021_001075,1.5532773678383904e-10,1.5149219378951528e-10,-3.8355429943237596e-12,KvasirCVC__kvasir_cju3u39fog1bo0871lxjrabks_positive;KvasirCVC__cvc_54_positive,KvasirCVC__cvc_210_negative,KvasirCVC__kvasir_cju2zp89k9q1g0855k1x0f1xa_boundary
PolypGen__C4_11_endocv2021_positive_1344,1.5544847353776703e-10,1.2383900849233243e-10,-3.1609465045434604e-11,KvasirCVC__kvasir_cju3u39fog1bo0871lxjrabks_positive;KvasirCVC__kvasir_cju33w4sdcivk0855x879zht7_positive,KvasirCVC__kvasir_cju87vqa0ndwg0850onjdz7ol_negative,KvasirCVC__kvasir_cju2zp89k9q1g0855k1x0f1xa_boundary
PolypGen__C2_EndoCV2021_001388,1.589825077141782e-10,0.9535095691680908,0.9535095690091083,KvasirCVC__kvasir_cju3u39fog1bo0871lxjrabks_positive;KvasirCVC__cvc_444_positive,KvasirCVC__kvasir_cju87vqa0ndwg0850onjdz7ol_negative,KvasirCVC__kvasir_cju2zp89k9q1g0855k1x0f1xa_boundary
PolypGen__C3_C3_EndoCV2021_0097,1.6202203467763354e-10,0.41307350993156433,0.41307350976954227,KvasirCVC__kvasir_cju3u39fog1bo0871lxjrabks_positive;KvasirCVC__cvc_54_positive,KvasirCVC__cvc_210_negative,KvasirCVC__kvasir_cju43kj2pm34f0850l28ahpni_boundary
PolypGen__C2_EndoCV2021_001131,1.6439256900202537e-10,1.6739203079207954e-10,2.9994617900541698e-12,KvasirCVC__kvasir_cju3u39fog1bo0871lxjrabks_positive;KvasirCVC__cvc_54_positive,KvasirCVC__cvc_210_negative,KvasirCVC__kvasir_cju2zp89k9q1g0855k1x0f1xa_boundary
PolypGen__C4_27_endocv2021_positive_27,1.6605779251666064e-10,1.6302575955862153e-10,-3.0320329580391103e-12,KvasirCVC__kvasir_cju3u39fog1bo0871lxjrabks_positive;KvasirCVC__kvasir_cju33w4sdcivk0855x879zht7_positive,KvasirCVC__kvasir_cju87vqa0ndwg0850onjdz7ol_negative,KvasirCVC__kvasir_cju2zp89k9q1g0855k1x0f1xa_boundary
PolypGen__C4_23_endocv2021_positive_1337,1.696352780466981e-10,0.00018641074711922556,0.00018641057748394751,KvasirCVC__kvasir_cju3u39fog1bo0871lxjrabks_positive;KvasirCVC__cvc_444_positive,KvasirCVC__kvasir_cju87vqa0ndwg0850onjdz7ol_negative,KvasirCVC__kvasir_cju2zp89k9q1g0855k1x0f1xa_boundary
PolypGen__C2_EndoCV2021_001093,1.714383635054162e-10,1.6725204554646211e-10,-4.186317958954078e-12,KvasirCVC__kvasir_cju3u39fog1bo0871lxjrabks_positive;KvasirCVC__cvc_54_positive,KvasirCVC__kvasir_cju87vqa0ndwg0850onjdz7ol_negative,KvasirCVC__kvasir_cju2zp89k9q1g0855k1x0f1xa_boundary
PolypGen__C2_EndoCV2021_001104,1.7400382523735658e-10,1.3385088870609962e-10,-4.0152936531256955e-11,KvasirCVC__kvasir_cju3u39fog1bo0871lxjrabks_positive;KvasirCVC__kvasir_cju33w4sdcivk0855x879zht7_positive,KvasirCVC__cvc_210_negative,KvasirCVC__kvasir_cju43kj2pm34f0850l28ahpni_boundary
PolypGen__C5_EndoCV2021_C5_50000314,1.769911439630789e-10,1.3948946164799025e-10,-3.750168231508866e-11,KvasirCVC__cvc_54_positive;KvasirCVC__kvasir_cju3u39fog1bo0871lxjrabks_positive,KvasirCVC__cvc_210_negative,KvasirCVC__cvc_96_boundary
PolypGen__C2_EndoCV2021_001122,1.7702248000794896e-10,1.6998130680789814e-10,-7.041173200050821e-12,KvasirCVC__kvasir_cju3u39fog1bo0871lxjrabks_positive;KvasirCVC__cvc_444_positive,KvasirCVC__kvasir_cju87vqa0ndwg0850onjdz7ol_negative,KvasirCVC__kvasir_cju2zp89k9q1g0855k1x0f1xa_boundary
PolypGen__C1_510OLCV1_100S0009,1.7959769782471824e-10,1.0292301039216412e-10,-7.667468743255412e-11,KvasirCVC__kvasir_cju3u39fog1bo0871lxjrabks_positive;KvasirCVC__cvc_54_positive,KvasirCVC__kvasir_cju87vqa0ndwg0850onjdz7ol_negative,KvasirCVC__kvasir_cju2zp89k9q1g0855k1x0f1xa_boundary
PolypGen__C2_EndoCV2021_001118,1.7995320511499102e-10,0.06296354532241821,0.06296354514246501,KvasirCVC__kvasir_cju3u39fog1bo0871lxjrabks_positive;KvasirCVC__kvasir_cju33w4sdcivk0855x879zht7_positive,KvasirCVC__kvasir_cju87vqa0ndwg0850onjdz7ol_negative,KvasirCVC__kvasir_cju2zp89k9q1g0855k1x0f1xa_boundary
PolypGen__C2_EndoCV2021_001010,1.9215987134835188e-10,1.87055745892728e-10,-5.104125455623887e-12,KvasirCVC__kvasir_cju3u39fog1bo0871lxjrabks_positive;KvasirCVC__kvasir_cju33w4sdcivk0855x879zht7_positive,KvasirCVC__kvasir_cju87vqa0ndwg0850onjdz7ol_negative,KvasirCVC__kvasir_cju2zp89k9q1g0855k1x0f1xa_boundary
PolypGen__C5_EndoCV2021_C5_50000096,1.9833398812174607e-10,0.0015080682933330536,0.0015080680949990655,KvasirCVC__kvasir_cju3u39fog1bo0871lxjrabks_positive;KvasirCVC__cvc_54_positive,KvasirCVC__kvasir_cju87vqa0ndwg0850onjdz7ol_negative,KvasirCVC__kvasir_cju2zp89k9q1g0855k1x0f1xa_boundary
PolypGen__C3_C3_EndoCV2021_00404,1.9996000688582427e-10,1.992031817277251e-10,-7.568251580991614e-13,KvasirCVC__kvasir_cju3u39fog1bo0871lxjrabks_positive;KvasirCVC__cvc_54_positive,KvasirCVC__cvc_210_negative,KvasirCVC__kvasir_cju43kj2pm34f0850l28ahpni_boundary
PolypGen__C4_14_endocv2021_positive_230,2.0781379395096167e-10,1.9421246555406668e-10,-1.3601328396894985e-11,KvasirCVC__kvasir_cju3u39fog1bo0871lxjrabks_positive;KvasirCVC__kvasir_cju33w4sdcivk0855x879zht7_positive,KvasirCVC__kvasir_cju87vqa0ndwg0850onjdz7ol_negative,KvasirCVC__kvasir_cju2zp89k9q1g0855k1x0f1xa_boundary
PolypGen__C1_371OLCV1_100H0006,2.091612577581614e-10,0.03808072954416275,0.03808072933500149,KvasirCVC__kvasir_cju3u39fog1bo0871lxjrabks_positive;KvasirCVC__cvc_444_positive,KvasirCVC__kvasir_cju87vqa0ndwg0850onjdz7ol_negative,KvasirCVC__kvasir_cju2zp89k9q1g0855k1x0f1xa_boundary
PolypGen__C2_EndoCV2021_001257,2.1390374194130146e-10,0.11434759199619293,0.11434759178228919,KvasirCVC__kvasir_cju3u39fog1bo0871lxjrabks_positive;KvasirCVC__cvc_54_positive,KvasirCVC__cvc_210_negative,KvasirCVC__kvasir_cju2zp89k9q1g0855k1x0f1xa_boundary
PolypGen__C4_32_endocv2021_positive_269,2.146383348833325e-10,0.7508990168571472,0.7508990166425089,KvasirCVC__kvasir_cju3u39fog1bo0871lxjrabks_positive;KvasirCVC__cvc_444_positive,KvasirCVC__kvasir_cju87vqa0ndwg0850onjdz7ol_negative,KvasirCVC__kvasir_cju2zp89k9q1g0855k1x0f1xa_boundary
PolypGen__C1_291OLCV1_100H0012,2.1706099417873048e-10,2.030456913715284e-10,-1.401530280720209e-11,KvasirCVC__kvasir_cju3u39fog1bo0871lxjrabks_positive;KvasirCVC__cvc_444_positive,KvasirCVC__kvasir_cju87vqa0ndwg0850onjdz7ol_negative,KvasirCVC__kvasir_cju2zp89k9q1g0855k1x0f1xa_boundary
PolypGen__C5_EndoCV2021_C5_50000040,2.2356359818953564e-10,0.19839756190776825,0.19839756168420464,KvasirCVC__kvasir_cju3u39fog1bo0871lxjrabks_positive;KvasirCVC__kvasir_cju33w4sdcivk0855x879zht7_positive,KvasirCVC__kvasir_cju87vqa0ndwg0850onjdz7ol_negative,KvasirCVC__kvasir_cju2zp89k9q1g0855k1x0f1xa_boundary
PolypGen__C2_EndoCV2021_001218,2.2634676077881721e-10,2.2568269475442548e-10,-6.640660243917296e-13,KvasirCVC__kvasir_cju3u39fog1bo0871lxjrabks_positive;KvasirCVC__kvasir_cju33w4sdcivk0855x879zht7_positive,KvasirCVC__kvasir_cju87vqa0ndwg0850onjdz7ol_negative,KvasirCVC__kvasir_cju2zp89k9q1g0855k1x0f1xa_boundary
PolypGen__C5_EndoCV2021_C5_50000081,2.273243954187265e-10,2.1523891002850348e-10,-1.2085485390223027e-11,KvasirCVC__kvasir_cju3u39fog1bo0871lxjrabks_positive;KvasirCVC__kvasir_cju33w4sdcivk0855x879zht7_positive,KvasirCVC__kvasir_cju87vqa0ndwg0850onjdz7ol_negative,KvasirCVC__kvasir_cju2zp89k9q1g0855k1x0f1xa_boundary
PolypGen__C4_29_endocv2021_positive_323,2.2773855024027512e-10,1.5807777309362336e-10,-6.966077714665175e-11,KvasirCVC__kvasir_cju3u39fog1bo0871lxjrabks_positive;KvasirCVC__kvasir_cju33w4sdcivk0855x879zht7_positive,KvasirCVC__kvasir_cju87vqa0ndwg0850onjdz7ol_negative,KvasirCVC__kvasir_cju2zp89k9q1g0855k1x0f1xa_boundary
PolypGen__C2_EndoCV2021_001372,2.313743641124688e-10,2.3342669464021526e-10,2.0523305277464488e-12,KvasirCVC__cvc_54_positive;KvasirCVC__kvasir_cju3u39fog1bo0871lxjrabks_positive,KvasirCVC__cvc_210_negative,KvasirCVC__kvasir_cju2zp89k9q1g0855k1x0f1xa_boundary
PolypGen__C5_EndoCV2021_C5_50000123,2.3304591589834445e-10,9.8039215634671e-11,-1.3500670026367345e-10,KvasirCVC__cvc_54_positive;KvasirCVC__kvasir_cju3u39fog1bo0871lxjrabks_positive,KvasirCVC__kvasir_cju87vqa0ndwg0850onjdz7ol_negative,KvasirCVC__cvc_154_boundary
PolypGen__C4_18_endocv2021_positive_115,2.352387729054328e-10,1.0636035108202435e-10,-1.2887842182340847e-10,KvasirCVC__kvasir_cju3u39fog1bo0871lxjrabks_positive;KvasirCVC__cvc_444_positive,KvasirCVC__kvasir_cju87vqa0ndwg0850onjdz7ol_negative,KvasirCVC__kvasir_cju2zp89k9q1g0855k1x0f1xa_boundary
PolypGen__C3_C3_EndoCV2021_00386,2.3557125694573244e-10,0.8527052998542786,0.8527052996187073,KvasirCVC__kvasir_cju3u39fog1bo0871lxjrabks_positive;KvasirCVC__kvasir_cju33w4sdcivk0855x879zht7_positive,KvasirCVC__kvasir_cju87vqa0ndwg0850onjdz7ol_negative,KvasirCVC__kvasir_cju2zp89k9q1g0855k1x0f1xa_boundary
PolypGen__C4_30_endocv2021_positive_1057,2.3843585439387027e-10,2.403846011134192e-10,1.9487467195489216e-12,KvasirCVC__kvasir_cju3u39fog1bo0871lxjrabks_positive;KvasirCVC__cvc_444_positive,KvasirCVC__kvasir_cju87vqa0ndwg0850onjdz7ol_negative,KvasirCVC__kvasir_cju2zp89k9q1g0855k1x0f1xa_boundary
PolypGen__C2_EndoCV2021_001261,2.3877747001854743e-10,0.38195139169692993,0.3819513914581525,KvasirCVC__kvasir_cju3u39fog1bo0871lxjrabks_positive;KvasirCVC__kvasir_cju33w4sdcivk0855x879zht7_positive,KvasirCVC__cvc_210_negative,KvasirCVC__kvasir_cju2zp89k9q1g0855k1x0f1xa_boundary
PolypGen__C4_26_endocv2021_positive_1093,2.3934895732047323e-10,0.469391405582428,0.469391405343079,KvasirCVC__kvasir_cju3u39fog1bo0871lxjrabks_positive;KvasirCVC__kvasir_cju33w4sdcivk0855x879zht7_positive,KvasirCVC__cvc_210_negative,KvasirCVC__kvasir_cju2zp89k9q1g0855k1x0f1xa_boundary
PolypGen__C4_22_endocv2021_positive_1352,2.4950100319109936e-10,2.4950100319109936e-10,0.0,,,
PolypGen__C4_10_endocv2021_positive_584,2.517623332032315e-10,2.469135729210592e-10,-4.848760282172293e-12,KvasirCVC__kvasir_cju3u39fog1bo0871lxjrabks_positive;KvasirCVC__cvc_444_positive,KvasirCVC__kvasir_cju87vqa0ndwg0850onjdz7ol_negative,KvasirCVC__kvasir_cju2zp89k9q1g0855k1x0f1xa_boundary
PolypGen__C4_17_endocv2021_positive_106,2.517623332032315e-10,2.517623332032315e-10,0.0,,,
PolypGen__C1_673OLCV1_100H0010,2.5220681099114017e-10,0.6087214350700378,0.608721434817831,KvasirCVC__kvasir_cju3u39fog1bo0871lxjrabks_positive;KvasirCVC__cvc_54_positive,KvasirCVC__cvc_210_negative,KvasirCVC__kvasir_cju2zp89k9q1g0855k1x0f1xa_boundary
PolypGen__C4_23_endocv2021_positive_370,2.5746652032587747e-10,2.5746652032587747e-10,0.0,,,
PolypGen__C4_26_endocv2021_positive_14,2.6455027057892266e-10,2.23264115528643e-10,-4.128615505027966e-11,KvasirCVC__kvasir_cju3u39fog1bo0871lxjrabks_positive;KvasirCVC__kvasir_cju33w4sdcivk0855x879zht7_positive,KvasirCVC__kvasir_cju87vqa0ndwg0850onjdz7ol_negative,KvasirCVC__kvasir_cju2zp89k9q1g0855k1x0f1xa_boundary
PolypGen__C2_EndoCV2021_001014,2.768549278719945e-10,2.8328611678674065e-10,6.431188914746144e-12,KvasirCVC__kvasir_cju3u39fog1bo0871lxjrabks_positive;KvasirCVC__cvc_54_positive,KvasirCVC__cvc_210_negative,KvasirCVC__kvasir_cju2zp89k9q1g0855k1x0f1xa_boundary
PolypGen__C1_940OLCV1_100H0004,2.779321772727883e-10,2.957704914319237e-10,1.7838314159135393e-11,KvasirCVC__kvasir_cju3u39fog1bo0871lxjrabks_positive;KvasirCVC__kvasir_cju33w4sdcivk0855x879zht7_positive,KvasirCVC__kvasir_cju87vqa0ndwg0850onjdz7ol_negative,KvasirCVC__kvasir_cju2zp89k9q1g0855k1x0f1xa_boundary
PolypGen__C4_10_endocv2021_positive_499,2.7855154294265105e-10,2.715177804812896e-10,-7.033762461361448e-12,KvasirCVC__kvasir_cju3u39fog1bo0871lxjrabks_positive;KvasirCVC__kvasir_cju33w4sdcivk0855x879zht7_positive,KvasirCVC__kvasir_cju87vqa0ndwg0850onjdz7ol_negative,KvasirCVC__kvasir_cju2zp89k9q1g0855k1x0f1xa_boundary
PolypGen__C5_EndoCV2021_C5_50000334,2.8768698534520354e-10,0.0003422900917939842,0.00034228980410699883,KvasirCVC__kvasir_cju3u39fog1bo0871lxjrabks_positive;KvasirCVC__cvc_54_positive,KvasirCVC__cvc_210_negative,KvasirCVC__cvc_96_boundary
PolypGen__C4_19_endocv2021_positive_787,2.8926813722129907e-10,2.298850554360854e-10,-5.938308178521368e-11,KvasirCVC__kvasir_cju3u39fog1bo0871lxjrabks_positive;KvasirCVC__kvasir_cju33w4sdcivk0855x879zht7_positive,KvasirCVC__kvasir_cju87vqa0ndwg0850onjdz7ol_negative,KvasirCVC__kvasir_cju2zp89k9q1g0855k1x0f1xa_boundary
PolypGen__C2_EndoCV2021_001002,2.9472443929812187e-10,2.910360841212878e-10,-3.6883551768340794e-12,KvasirCVC__kvasir_cju3u39fog1bo0871lxjrabks_positive;KvasirCVC__cvc_54_positive,KvasirCVC__kvasir_cju87vqa0ndwg0850onjdz7ol_negative,KvasirCVC__kvasir_cju2zp89k9q1g0855k1x0f1xa_boundary
PolypGen__C4_14_endocv2021_positive_503,3.070310117259112e-10,1.5893197868876996e-10,-1.4809903303714123e-10,KvasirCVC__kvasir_cju3u39fog1bo0871lxjrabks_positive;KvasirCVC__kvasir_cju3y9difj6th0801kd1rqm3w_positive,KvasirCVC__kvasir_cju87vqa0ndwg0850onjdz7ol_negative,KvasirCVC__kvasir_cju2zp89k9q1g0855k1x0f1xa_boundary
PolypGen__C4_11_endocv2021_positive_625,3.0969340980568916e-10,3.3101621443876184e-10,2.1322804633072678e-11,KvasirCVC__kvasir_cju3u39fog1bo0871lxjrabks_positive;KvasirCVC__kvasir_cju33w4sdcivk0855x879zht7_positive,KvasirCVC__kvasir_cju87vqa0ndwg0850onjdz7ol_negative,KvasirCVC__kvasir_cju2zp89k9q1g0855k1x0f1xa_boundary
PolypGen__C3_C3_EndoCV2021_00137,3.099814016582769e-10,3.8284839187774367e-10,7.286699021946674e-11,KvasirCVC__kvasir_cju3u39fog1bo0871lxjrabks_positive;KvasirCVC__kvasir_cju33w4sdcivk0855x879zht7_positive,KvasirCVC__cvc_210_negative,KvasirCVC__kvasir_cju2zp89k9q1g0855k1x0f1xa_boundary
PolypGen__C1_431OLCV1_100S0007,3.120124714151018e-10,3.120124714151018e-10,0.0,,,
PolypGen__C4_30_endocv2021_positive_1459,3.1308702852506087e-10,3.1308702852506087e-10,0.0,,,
PolypGen__C2_EndoCV2021_001232,3.2626426560433686e-10,0.9842725992202759,0.9842725988940116,KvasirCVC__kvasir_cju3u39fog1bo0871lxjrabks_positive;KvasirCVC__kvasir_cju33w4sdcivk0855x879zht7_positive,KvasirCVC__cvc_210_negative,KvasirCVC__kvasir_cju43kj2pm34f0850l28ahpni_boundary
PolypGen__C2_EndoCV2021_001154,3.2840721808646833e-10,0.13479451835155487,0.13479451802314765,KvasirCVC__kvasir_cju3u39fog1bo0871lxjrabks_positive;KvasirCVC__cvc_444_positive,KvasirCVC__kvasir_cju87vqa0ndwg0850onjdz7ol_negative,KvasirCVC__kvasir_cju2zp89k9q1g0855k1x0f1xa_boundary
PolypGen__C4_23_endocv2021_positive_1047,3.3818059463897043e-10,3.990422992039555e-10,6.086170456498508e-11,KvasirCVC__kvasir_cju3u39fog1bo0871lxjrabks_positive;KvasirCVC__cvc_444_positive,KvasirCVC__kvasir_cju87vqa0ndwg0850onjdz7ol_negative,KvasirCVC__kvasir_cju2zp89k9q1g0855k1x0f1xa_boundary
PolypGen__C2_EndoCV2021_001296,3.4176350638404074e-10,0.48856496810913086,0.48856496776736735,KvasirCVC__kvasir_cju3u39fog1bo0871lxjrabks_positive;KvasirCVC__cvc_444_positive,KvasirCVC__kvasir_cju87vqa0ndwg0850onjdz7ol_negative,KvasirCVC__kvasir_cju2zp89k9q1g0855k1x0f1xa_boundary
PolypGen__C2_EndoCV2021_001303,3.4246575020269177e-10,0.6423329710960388,0.6423329707535731,KvasirCVC__kvasir_cju3u39fog1bo0871lxjrabks_positive;KvasirCVC__cvc_54_positive,KvasirCVC__cvc_210_negative,KvasirCVC__cvc_96_boundary
PolypGen__C4_19_endocv2021_positive_879,3.516174296169794e-10,3.516174296169794e-10,0.0,,,
PolypGen__C1_176OLCV1_100H0290,3.5486161231723656e-10,1.0121457005851653e-09,6.572840882679287e-10,KvasirCVC__kvasir_cju3u39fog1bo0871lxjrabks_positive;KvasirCVC__cvc_444_positive,KvasirCVC__kvasir_cju87vqa0ndwg0850onjdz7ol_negative,KvasirCVC__kvasir_cju2zp89k9q1g0855k1x0f1xa_boundary
PolypGen__C5_EndoCV2021_C5_50000074,3.5587188751406984e-10,3.5574529433368696e-10,-1.2659318038288347e-13,KvasirCVC__kvasir_cju3u39fog1bo0871lxjrabks_positive;KvasirCVC__cvc_444_positive,KvasirCVC__kvasir_cju87vqa0ndwg0850onjdz7ol_negative,KvasirCVC__kvasir_cju2zp89k9q1g0855k1x0f1xa_boundary
PolypGen__C2_EndoCV2021_001159,3.9108330462944707e-10,1.7995320511499102e-10,-2.1113009951445605e-10,KvasirCVC__kvasir_cju3u39fog1bo0871lxjrabks_positive;KvasirCVC__kvasir_cju33w4sdcivk0855x879zht7_positive,KvasirCVC__cvc_210_negative,KvasirCVC__kvasir_cju2zp89k9q1g0855k1x0f1xa_boundary
PolypGen__C3_C3_EndoCV2021_00477,3.929273018066226e-10,3.929273018066226e-10,0.0,,,
PolypGen__C4_21_endocv2021_positive_1207,3.9968026110948074e-10,4.677268572450544e-10,6.804659613557362e-11,KvasirCVC__kvasir_cju3u39fog1bo0871lxjrabks_positive;KvasirCVC__cvc_444_positive,KvasirCVC__kvasir_cju87vqa0ndwg0850onjdz7ol_negative,KvasirCVC__kvasir_cju43kj2pm34f0850l28ahpni_boundary
PolypGen__C2_EndoCV2021_001413,4.0144521040730297e-10,0.22861559689044952,0.2286155964890043,KvasirCVC__kvasir_cju3u39fog1bo0871lxjrabks_positive;KvasirCVC__cvc_54_positive,KvasirCVC__cvc_210_negative,KvasirCVC__kvasir_cju2zp89k9q1g0855k1x0f1xa_boundary
PolypGen__C6_EndoCV2021_C6_0100008,4.037141732027294e-10,9.832841485479804e-11,-3.0538575834793136e-10,KvasirCVC__kvasir_cju3u39fog1bo0871lxjrabks_positive;KvasirCVC__cvc_444_positive,KvasirCVC__kvasir_cju87vqa0ndwg0850onjdz7ol_negative,KvasirCVC__kvasir_cju2zp89k9q1g0855k1x0f1xa_boundary
PolypGen__C4_23_endocv2021_positive_1169,4.051863844445336e-10,4.079967474979185e-10,2.81036305338489e-12,KvasirCVC__kvasir_cju3u39fog1bo0871lxjrabks_positive;KvasirCVC__cvc_444_positive,KvasirCVC__kvasir_cju87vqa0ndwg0850onjdz7ol_negative,KvasirCVC__kvasir_cju2zp89k9q1g0855k1x0f1xa_boundary
PolypGen__C2_EndoCV2021_001174,4.0899794662152544e-10,3.685956539989377e-10,-4.0402292622587765e-11,KvasirCVC__kvasir_cju3u39fog1bo0871lxjrabks_positive;KvasirCVC__cvc_54_positive,KvasirCVC__cvc_210_negative,KvasirCVC__kvasir_cju43kj2pm34f0850l28ahpni_boundary
PolypGen__C2_EndoCV2021_001058,4.144218856971804e-10,3.4447122931879903e-10,-6.995065637838138e-11,KvasirCVC__kvasir_cju3u39fog1bo0871lxjrabks_positive;KvasirCVC__cvc_54_positive,KvasirCVC__cvc_210_negative,KvasirCVC__cvc_96_boundary
PolypGen__C2_EndoCV2021_001292,4.248088270042416e-10,1.3493454964486062e-10,-2.89874277359381e-10,KvasirCVC__kvasir_cju3u39fog1bo0871lxjrabks_positive;KvasirCVC__kvasir_cju33w4sdcivk0855x879zht7_positive,KvasirCVC__kvasir_cju87vqa0ndwg0850onjdz7ol_negative,KvasirCVC__kvasir_cju2zp89k9q1g0855k1x0f1xa_boundary
PolypGen__C6_EndoCV2021_C6_0100046,4.3252595949283545e-10,0.4341670572757721,0.43416705684324614,KvasirCVC__kvasir_cju3u39fog1bo0871lxjrabks_positive;KvasirCVC__cvc_54_positive,KvasirCVC__cvc_210_negative,KvasirCVC__cvc_54_boundary
PolypGen__C3_C3_EndoCV2021_0096,4.370629413941174e-10,4.424778876632729e-10,5.414946269155507e-12,KvasirCVC__kvasir_cju3u39fog1bo0871lxjrabks_positive;KvasirCVC__cvc_54_positive,KvasirCVC__cvc_210_negative,KvasirCVC__kvasir_cju2zp89k9q1g0855k1x0f1xa_boundary
PolypGen__C3_C3_EndoCV2021_0077,4.438526490790906e-10,0.9469949007034302,0.9469949002595776,KvasirCVC__kvasir_cju3u39fog1bo0871lxjrabks_positive;KvasirCVC__cvc_54_positive,KvasirCVC__cvc_210_negative,KvasirCVC__cvc_54_boundary
PolypGen__C6_EndoCV2021_C6_0100091,4.440497414215372e-10,4.440497414215372e-10,0.0,,,
PolypGen__C1_779OLCV1_100H0006,4.4822948130907037e-10,4.4822948130907037e-10,0.0,,,
PolypGen__C3_C3_EndoCV2021_0036,4.63606847356246e-10,0.9577108025550842,0.9577108020914774,KvasirCVC__kvasir_cju3u39fog1bo0871lxjrabks_positive;KvasirCVC__cvc_54_positive,KvasirCVC__cvc_210_negative,KvasirCVC__cvc_96_boundary
PolypGen__C4_14_endocv2021_positive_1242,4.640371142894395e-10,4.3936732030402936e-10,-2.4669793985410138e-11,KvasirCVC__kvasir_cju3u39fog1bo0871lxjrabks_positive;KvasirCVC__kvasir_cju33w4sdcivk0855x879zht7_positive,KvasirCVC__kvasir_cju87vqa0ndwg0850onjdz7ol_negative,KvasirCVC__kvasir_cju2zp89k9q1g0855k1x0f1xa_boundary
PolypGen__C2_EndoCV2021_001087,4.766444461345998e-10,1.0687185858504478e-10,-3.69772587549555e-10,KvasirCVC__kvasir_cju3u39fog1bo0871lxjrabks_positive;KvasirCVC__cvc_444_positive,KvasirCVC__kvasir_cju87vqa0ndwg0850onjdz7ol_negative,KvasirCVC__kvasir_cju2zp89k9q1g0855k1x0f1xa_boundary
PolypGen__C5_EndoCV2021_C5_50000203,4.880429393949726e-10,4.880429393949726e-10,0.0,,,
PolypGen__C1_906OLCV1_100H0010,4.945598375272198e-10,5.291005411578453e-10,3.454070363062556e-11,KvasirCVC__kvasir_cju3u39fog1bo0871lxjrabks_positive;KvasirCVC__cvc_54_positive,KvasirCVC__cvc_210_negative,KvasirCVC__kvasir_cju2zp89k9q1g0855k1x0f1xa_boundary
PolypGen__C2_EndoCV2021_001401,4.972650624601727e-10,0.9725086092948914,0.9725086087976262,KvasirCVC__kvasir_cju3u39fog1bo0871lxjrabks_positive;KvasirCVC__cvc_444_positive,KvasirCVC__kvasir_cju2y5zas8m7f0801d34g5owq_negative,KvasirCVC__kvasir_cju2zp89k9q1g0855k1x0f1xa_boundary
PolypGen__C3_C3_EndoCV2021_00313,4.992511404289246e-10,5.130836311373344e-10,1.383249070840975e-11,KvasirCVC__kvasir_cju3u39fog1bo0871lxjrabks_positive;KvasirCVC__cvc_444_positive,KvasirCVC__kvasir_cju87vqa0ndwg0850onjdz7ol_negative,KvasirCVC__kvasir_cju2zp89k9q1g0855k1x0f1xa_boundary
PolypGen__C3_C3_EndoCV2021_0087,5.202913655466546e-10,4.945598375272198e-10,-2.573152801943479e-11,KvasirCVC__kvasir_cju3u39fog1bo0871lxjrabks_positive;KvasirCVC__cvc_444_positive,KvasirCVC__cvc_210_negative,KvasirCVC__kvasir_cju2zp89k9q1g0855k1x0f1xa_boundary
PolypGen__C4_23_endocv2021_positive_1299,5.26315768745178e-10,3.642987300711553e-10,-1.6201703867402273e-10,KvasirCVC__kvasir_cju3u39fog1bo0871lxjrabks_positive;KvasirCVC__cvc_444_positive,KvasirCVC__kvasir_cju87vqa0ndwg0850onjdz7ol_negative,KvasirCVC__kvasir_cju2zp89k9q1g0855k1x0f1xa_boundary
PolypGen__C1_732OLCV1_100H0036,5.279831016835601e-10,5.411255332710141e-10,1.3142431587453984e-11,KvasirCVC__kvasir_cju3u39fog1bo0871lxjrabks_positive;KvasirCVC__cvc_444_positive,KvasirCVC__kvasir_cju87vqa0ndwg0850onjdz7ol_negative,KvasirCVC__kvasir_cju2zp89k9q1g0855k1x0f1xa_boundary
PolypGen__C3_C3_EndoCV2021_00149,5.291005411578453e-10,0.23374341428279877,0.23374341375369823,KvasirCVC__kvasir_cju3u39fog1bo0871lxjrabks_positive;KvasirCVC__cvc_54_positive,KvasirCVC__cvc_210_negative,KvasirCVC__cvc_96_boundary
PolypGen__C3_C3_EndoCV2021_00157,5.414185211272127e-10,0.09273039549589157,0.09273039495447305,KvasirCVC__kvasir_cju3u39fog1bo0871lxjrabks_positive;KvasirCVC__cvc_54_positive,KvasirCVC__cvc_210_negative,KvasirCVC__kvasir_cju2zp89k9q1g0855k1x0f1xa_boundary
PolypGen__C4_17_endocv2021_positive_151,5.420054405291808e-10,5.420054405291808e-10,0.0,,,
PolypGen__C2_EndoCV2021_001251,5.443658301906851e-10,0.13202933967113495,0.13202933912676912,KvasirCVC__kvasir_cju3u39fog1bo0871lxjrabks_positive;KvasirCVC__cvc_54_positive,KvasirCVC__cvc_210_negative,KvasirCVC__cvc_96_boundary
PolypGen__C4_32_endocv2021_positive_339,5.506607947403097e-10,3.74111491785456e-10,-1.7654930295485372e-10,KvasirCVC__kvasir_cju3u39fog1bo0871lxjrabks_positive;KvasirCVC__kvasir_cju33w4sdcivk0855x879zht7_positive,KvasirCVC__kvasir_cju87vqa0ndwg0850onjdz7ol_negative,KvasirCVC__kvasir_cju2zp89k9q1g0855k1x0f1xa_boundary
PolypGen__C2_EndoCV2021_001376,5.546311743209742e-10,0.8126115202903748,0.8126115197357435,KvasirCVC__cvc_54_positive;KvasirCVC__kvasir_cju3u39fog1bo0871lxjrabks_positive,KvasirCVC__cvc_210_negative,KvasirCVC__kvasir_cju2zp89k9q1g0855k1x0f1xa_boundary
PolypGen__C1_342OLCV1_100H0004,5.58659229987768e-10,0.95652174949646,0.9565217489378007,KvasirCVC__kvasir_cju3u39fog1bo0871lxjrabks_positive;KvasirCVC__kvasir_cju33w4sdcivk0855x879zht7_positive,KvasirCVC__kvasir_cju87vqa0ndwg0850onjdz7ol_negative,KvasirCVC__kvasir_cju2zp89k9q1g0855k1x0f1xa_boundary
PolypGen__C2_EndoCV2021_001351,5.614823050947848e-10,0.9255550503730774,0.9255550498115951,KvasirCVC__kvasir_cju3u39fog1bo0871lxjrabks_positive;KvasirCVC__cvc_54_positive,KvasirCVC__cvc_210_negative,KvasirCVC__kvasir_cju43kj2pm34f0850l28ahpni_boundary
PolypGen__C2_EndoCV2021_001235,5.733944985486517e-10,0.5708812475204468,0.5708812469470523,KvasirCVC__kvasir_cju3u39fog1bo0871lxjrabks_positive;KvasirCVC__cvc_54_positive,KvasirCVC__cvc_210_negative,KvasirCVC__cvc_54_boundary
PolypGen__C2_EndoCV2021_001239,5.847953232773762e-10,0.14578834176063538,0.14578834117584005,KvasirCVC__kvasir_cju3u39fog1bo0871lxjrabks_positive;KvasirCVC__kvasir_cju33w4sdcivk0855x879zht7_positive,KvasirCVC__kvasir_cju87vqa0ndwg0850onjdz7ol_negative,KvasirCVC__kvasir_cju2zp89k9q1g0855k1x0f1xa_boundary
PolypGen__C3_C3_EndoCV2021_00420,5.896226284995976e-10,0.557552695274353,0.5575526946847305,KvasirCVC__kvasir_cju3u39fog1bo0871lxjrabks_positive;KvasirCVC__cvc_54_positive,KvasirCVC__cvc_210_negative,KvasirCVC__cvc_96_boundary
PolypGen__C2_EndoCV2021_001040,6.105005945222786e-10,4.638218975561159e-10,-1.4667869696616265e-10,KvasirCVC__kvasir_cju3u39fog1bo0871lxjrabks_positive;KvasirCVC__kvasir_cju33w4sdcivk0855x879zht7_positive,KvasirCVC__cvc_210_negative,KvasirCVC__cvc_96_boundary
PolypGen__C3_C3_EndoCV2021_00383,6.123698770288399e-10,6.631299953596681e-10,5.0760118330828163e-11,KvasirCVC__kvasir_cju3u39fog1bo0871lxjrabks_positive;KvasirCVC__cvc_444_positive,KvasirCVC__kvasir_cju87vqa0ndwg0850onjdz7ol_negative,KvasirCVC__kvasir_cju2zp89k9q1g0855k1x0f1xa_boundary
PolypGen__C3_C3_EndoCV2021_0054,6.48508413636506e-10,1.2610340549557009e-09,6.125256413191948e-10,KvasirCVC__kvasir_cju3u39fog1bo0871lxjrabks_positive;KvasirCVC__cvc_444_positive,KvasirCVC__cvc_210_negative,KvasirCVC__kvasir_cju43kj2pm34f0850l28ahpni_boundary
PolypGen__C5_EndoCV2021_C5_50000048,6.506180594278987e-10,0.40445026755332947,0.4044502669027114,KvasirCVC__cvc_54_positive;KvasirCVC__kvasir_cju3u39fog1bo0871lxjrabks_positive,KvasirCVC__cvc_210_negative,KvasirCVC__cvc_54_boundary
PolypGen__C4_12_endocv2021_positive_679,6.540222252660044e-10,5.92768223395268e-10,-6.125400187073637e-11,KvasirCVC__kvasir_cju3u39fog1bo0871lxjrabks_positive;KvasirCVC__kvasir_cju33w4sdcivk0855x879zht7_positive,KvasirCVC__kvasir_cju87vqa0ndwg0850onjdz7ol_negative,KvasirCVC__kvasir_cju2zp89k9q1g0855k1x0f1xa_boundary
PolypGen__C2_EndoCV2021_001094,6.548788733518052e-10,6.548788733518052e-10,0.0,,,
PolypGen__C5_EndoCV2021_C5_50000221,6.666666663157628e-10,6.666666663157628e-10,0.0,KvasirCVC__kvasir_cju3u39fog1bo0871lxjrabks_positive;KvasirCVC__cvc_444_positive,KvasirCVC__kvasir_cju87vqa0ndwg0850onjdz7ol_negative,KvasirCVC__kvasir_cju2zp89k9q1g0855k1x0f1xa_boundary
PolypGen__C5_EndoCV2021_C5_50000368,6.872852287287401e-10,0.5534858703613281,0.5534858696740429,KvasirCVC__kvasir_cju33w4sdcivk0855x879zht7_positive;KvasirCVC__kvasir_cju3u39fog1bo0871lxjrabks_positive,KvasirCVC__kvasir_cju87vqa0ndwg0850onjdz7ol_negative,KvasirCVC__kvasir_cju2zp89k9q1g0855k1x0f1xa_boundary
PolypGen__C2_EndoCV2021_001161,6.930007123706616e-10,5.55247070543885e-10,-1.3775364182677663e-10,KvasirCVC__kvasir_cju3u39fog1bo0871lxjrabks_positive;KvasirCVC__cvc_54_positive,KvasirCVC__cvc_210_negative,KvasirCVC__kvasir_cju2zp89k9q1g0855k1x0f1xa_boundary
PolypGen__C3_C3_EndoCV2021_00400,6.978366773324751e-10,3.4602076759426836e-09,2.7623709986102085e-09,KvasirCVC__kvasir_cju3u39fog1bo0871lxjrabks_positive;KvasirCVC__kvasir_cju33w4sdcivk0855x879zht7_positive,KvasirCVC__cvc_210_negative,KvasirCVC__kvasir_cju2zp89k9q1g0855k1x0f1xa_boundary
PolypGen__C4_10_endocv2021_positive_895,6.988120082596083e-10,0.026383526623249054,0.026383525924437046,KvasirCVC__kvasir_cju3u39fog1bo0871lxjrabks_positive;KvasirCVC__cvc_444_positive,KvasirCVC__kvasir_cju87vqa0ndwg0850onjdz7ol_negative,KvasirCVC__kvasir_cju2zp89k9q1g0855k1x0f1xa_boundary
PolypGen__C1_226OLCV1_100H0002,7.097232246344731e-10,7.097232246344731e-10,0.0,,,
PolypGen__C1_176OLCV1_100H0002,7.547169555977007e-10,0.816166877746582,0.8161668769918651,KvasirCVC__kvasir_cju3u39fog1bo0871lxjrabks_positive;KvasirCVC__cvc_444_positive,KvasirCVC__cvc_210_negative,KvasirCVC__kvasir_cju2zp89k9q1g0855k1x0f1xa_boundary
PolypGen__C1_143OLCV1_100H0018,7.570022941827403e-10,1.0764262814433323e-09,3.1942398726059196e-10,KvasirCVC__kvasir_cju3u39fog1bo0871lxjrabks_positive;KvasirCVC__kvasir_cju33w4sdcivk0855x879zht7_positive,KvasirCVC__kvasir_cju87vqa0ndwg0850onjdz7ol_negative,KvasirCVC__kvasir_cju2zp89k9q1g0855k1x0f1xa_boundary
PolypGen__C2_EndoCV2021_001414,7.610350127862375e-10,0.1786157339811325,0.1786157332200975,KvasirCVC__kvasir_cju3u39fog1bo0871lxjrabks_positive;KvasirCVC__cvc_444_positive,KvasirCVC__cvc_210_negative,KvasirCVC__kvasir_cju2zp89k9q1g0855k1x0f1xa_boundary
PolypGen__C3_C3_EndoCV2021_00116,7.651109190653926e-10,0.003273323178291321,0.0032733224131804017,KvasirCVC__kvasir_cju3u39fog1bo0871lxjrabks_positive;KvasirCVC__kvasir_cju33w4sdcivk0855x879zht7_positive,KvasirCVC__cvc_210_negative,KvasirCVC__kvasir_cju2zp89k9q1g0855k1x0f1xa_boundary
PolypGen__C5_EndoCV2021_C5_50000007,7.745933339187161e-10,7.369196919349008e-10,-3.767364198381529e-11,KvasirCVC__kvasir_cju3u39fog1bo0871lxjrabks_positive;KvasirCVC__cvc_444_positive,KvasirCVC__kvasir_cju87vqa0ndwg0850onjdz7ol_negative,KvasirCVC__kvasir_cju2zp89k9q1g0855k1x0f1xa_boundary
PolypGen__C2_EndoCV2021_001188,7.782101074660375e-10,1.8201674889528618e-10,-5.961933585707513e-10,KvasirCVC__kvasir_cju3u39fog1bo0871lxjrabks_positive;KvasirCVC__kvasir_cju33w4sdcivk0855x879zht7_positive,KvasirCVC__kvasir_cju87vqa0ndwg0850onjdz7ol_negative,KvasirCVC__kvasir_cju2zp89k9q1g0855k1x0f1xa_boundary
PolypGen__C1_732OLCV1_100H0012,7.788161782151803e-10,7.604562535235004e-10,-1.8359924691679907e-11,KvasirCVC__kvasir_cju3u39fog1bo0871lxjrabks_positive;KvasirCVC__cvc_444_positive,KvasirCVC__kvasir_cju87vqa0ndwg0850onjdz7ol_negative,KvasirCVC__kvasir_cju2zp89k9q1g0855k1x0f1xa_boundary
PolypGen__C2_EndoCV2021_001283,7.806401081111858e-10,0.6875,0.6874999992193599,KvasirCVC__kvasir_cju3u39fog1bo0871lxjrabks_positive;KvasirCVC__cvc_54_positive,KvasirCVC__kvasir_cju87vqa0ndwg0850onjdz7ol_negative,KvasirCVC__kvasir_cju2zp89k9q1g0855k1x0f1xa_boundary
PolypGen__C2_EndoCV2021_001217,7.886435393622548e-10,1.3285506028637428e-10,-6.557884790758806e-10,KvasirCVC__kvasir_cju3u39fog1bo0871lxjrabks_positive;KvasirCVC__kvasir_cju33w4sdcivk0855x879zht7_positive,KvasirCVC__kvasir_cju87vqa0ndwg0850onjdz7ol_negative,KvasirCVC__kvasir_cju2zp89k9q1g0855k1x0f1xa_boundary
PolypGen__C4_12_endocv2021_positive_566,7.968127269109004e-10,7.473841545646565e-10,-4.942857234624398e-11,KvasirCVC__kvasir_cju3u39fog1bo0871lxjrabks_positive;KvasirCVC__kvasir_cju33w4sdcivk0855x879zht7_positive,KvasirCVC__kvasir_cju87vqa0ndwg0850onjdz7ol_negative,KvasirCVC__kvasir_cju2zp89k9q1g0855k1x0f1xa_boundary
PolypGen__C5_EndoCV2021_C5_50000269,8.103727688890672e-10,8.038585352920791e-10,-6.514233596988106e-12,KvasirCVC__kvasir_cju3u39fog1bo0871lxjrabks_positive;KvasirCVC__cvc_444_positive,KvasirCVC__kvasir_cju87vqa0ndwg0850onjdz7ol_negative,KvasirCVC__kvasir_cju2zp89k9q1g0855k1x0f1xa_boundary
PolypGen__C3_C3_EndoCV2021_0043,8.183306254849754e-10,9.09918085323369e-10,9.158745983839367e-11,KvasirCVC__kvasir_cju3u39fog1bo0871lxjrabks_positive;KvasirCVC__cvc_54_positive,KvasirCVC__cvc_210_negative,KvasirCVC__kvasir_cju2zp89k9q1g0855k1x0f1xa_boundary
PolypGen__C3_C3_EndoCV2021_0098,8.216926583592965e-10,0.9272727370262146,0.9272727362045219,KvasirCVC__kvasir_cju3u39fog1bo0871lxjrabks_positive;KvasirCVC__cvc_444_positive,KvasirCVC__cvc_210_negative,KvasirCVC__kvasir_cju2zp89k9q1g0855k1x0f1xa_boundary
PolypGen__C3_C3_EndoCV2021_00228,8.305647836159835e-10,0.953667938709259,0.9536679378786943,KvasirCVC__kvasir_cju3u39fog1bo0871lxjrabks_positive;KvasirCVC__kvasir_cju33w4sdcivk0855x879zht7_positive,KvasirCVC__cvc_210_negative,KvasirCVC__kvasir_cju2zp89k9q1g0855k1x0f1xa_boundary
PolypGen__C5_EndoCV2021_C5_50000178,8.305647836159835e-10,0.8711656332015991,0.8711656323710344,KvasirCVC__kvasir_cju3u39fog1bo0871lxjrabks_positive;KvasirCVC__cvc_54_positive,KvasirCVC__cvc_210_negative,KvasirCVC__kvasir_cju43kj2pm34f0850l28ahpni_boundary
PolypGen__C5_EndoCV2021_C5_50000313,8.605852142018477e-10,8.116883276620968e-10,-4.8896886539750994e-11,KvasirCVC__kvasir_cju3u39fog1bo0871lxjrabks_positive;KvasirCVC__kvasir_cju33w4sdcivk0855x879zht7_positive,KvasirCVC__cvc_210_negative,KvasirCVC__cvc_96_boundary
PolypGen__C2_EndoCV2021_001347,8.635578363502816e-10,8.718396005136242e-10,8.281764163342586e-12,KvasirCVC__kvasir_cju3u39fog1bo0871lxjrabks_positive;KvasirCVC__kvasir_cju33w4sdcivk0855x879zht7_positive,KvasirCVC__kvasir_cju87vqa0ndwg0850onjdz7ol_negative,KvasirCVC__kvasir_cju2zp89k9q1g0855k1x0f1xa_boundary
PolypGen__C5_EndoCV2021_C5_50000212,8.68055571867643e-10,8.665511086469735e-10,-1.5044632206695496e-12,KvasirCVC__kvasir_cju3u39fog1bo0871lxjrabks_positive;KvasirCVC__kvasir_cju33w4sdcivk0855x879zht7_positive,KvasirCVC__cvc_210_negative,KvasirCVC__kvasir_cju2zp89k9q1g0855k1x0f1xa_boundary
PolypGen__C3_C3_EndoCV2021_00453,8.726003253300973e-10,4.773269557389881e-10,-3.9527336959110926e-10,KvasirCVC__kvasir_cju3u39fog1bo0871lxjrabks_positive;KvasirCVC__kvasir_cju33w4sdcivk0855x879zht7_positive,KvasirCVC__kvasir_cju87vqa0ndwg0850onjdz7ol_negative,KvasirCVC__kvasir_cju2zp89k9q1g0855k1x0f1xa_boundary
PolypGen__C4_18_endocv2021_positive_960,8.787346406080587e-10,8.264462891816038e-09,7.385728251207979e-09,KvasirCVC__kvasir_cju3u39fog1bo0871lxjrabks_positive;KvasirCVC__kvasir_cju33w4sdcivk0855x879zht7_positive,KvasirCVC__kvasir_cju87vqa0ndwg0850onjdz7ol_negative,KvasirCVC__kvasir_cju2zp89k9q1g0855k1x0f1xa_boundary
PolypGen__C4_18_endocv2021_positive_1492,8.802816808817227e-10,0.3316831588745117,0.33168315799423004,KvasirCVC__kvasir_cju3u39fog1bo0871lxjrabks_positive;KvasirCVC__cvc_444_positive,KvasirCVC__cvc_210_negative,KvasirCVC__kvasir_cju43kj2pm34f0850l28ahpni_boundary
PolypGen__C3_C3_EndoCV2021_0068,8.818342167593585e-10,8.802816808817227e-10,-1.552535877635819e-12,KvasirCVC__kvasir_cju3u39fog1bo0871lxjrabks_positive;KvasirCVC__cvc_444_positive,KvasirCVC__kvasir_cju87vqa0ndwg0850onjdz7ol_negative,KvasirCVC__kvasir_cju2zp89k9q1g0855k1x0f1xa_boundary
PolypGen__C4_14_endocv2021_positive_491,8.984725741179034e-10,2.1317415888066904e-10,-6.852984152372343e-10,KvasirCVC__kvasir_cju3u39fog1bo0871lxjrabks_positive;KvasirCVC__kvasir_cju33w4sdcivk0855x879zht7_positive,KvasirCVC__kvasir_cju87vqa0ndwg0850onjdz7ol_negative,KvasirCVC__kvasir_cju2zp89k9q1g0855k1x0f1xa_boundary
PolypGen__C1_962OLCV1_100H0004,9.216589713645362e-10,9.267840384019621e-10,5.125067037425879e-12,KvasirCVC__kvasir_cju3u39fog1bo0871lxjrabks_positive;KvasirCVC__kvasir_cju33w4sdcivk0855x879zht7_positive,KvasirCVC__kvasir_cju87vqa0ndwg0850onjdz7ol_negative,KvasirCVC__kvasir_cju2zp89k9q1g0855k1x0f1xa_boundary
PolypGen__C3_C3_EndoCV2021_0026,9.319663929474586e-10,2.371353946539756e-10,-6.94830998293483e-10,KvasirCVC__kvasir_cju33w4sdcivk0855x879zht7_positive;KvasirCVC__kvasir_cju3u39fog1bo0871lxjrabks_positive,KvasirCVC__cvc_210_negative,KvasirCVC__kvasir_cju2zp89k9q1g0855k1x0f1xa_boundary
PolypGen__C6_EndoCV2021_C6_0100043,9.910803289159276e-10,0.019607843831181526,0.019607842840101197,KvasirCVC__kvasir_cju3u39fog1bo0871lxjrabks_positive;KvasirCVC__cvc_54_positive,KvasirCVC__cvc_210_negative,KvasirCVC__kvasir_cju43kj2pm34f0850l28ahpni_boundary
PolypGen__C5_EndoCV2021_C5_50000227,9.97008919867426e-10,0.8888888955116272,0.8888888945146183,KvasirCVC__kvasir_cju3u39fog1bo0871lxjrabks_positive;KvasirCVC__cvc_54_positive,KvasirCVC__cvc_210_negative,KvasirCVC__kvasir_cju2zp89k9q1g0855k1x0f1xa_boundary
PolypGen__C1_231OLCV1_100H0010,9.980040127643974e-10,0.8176100850105286,0.8176100840125246,KvasirCVC__kvasir_cju3u39fog1bo0871lxjrabks_positive;KvasirCVC__cvc_54_positive,KvasirCVC__cvc_210_negative,KvasirCVC__kvasir_cju2zp89k9q1g0855k1x0f1xa_boundary
PolypGen__C4_30_endocv2021_positive_1417,1.0090817070818048e-09,5.678591485924755e-10,-4.4122255848932923e-10,KvasirCVC__kvasir_cju3u39fog1bo0871lxjrabks_positive;KvasirCVC__cvc_444_positive,KvasirCVC__kvasir_cju87vqa0ndwg0850onjdz7ol_negative,KvasirCVC__kvasir_cju2zp89k9q1g0855k1x0f1xa_boundary
PolypGen__C2_EndoCV2021_001160,1.0582010823156907e-09,1.1862396620543336e-09,1.2803857973864297e-10,KvasirCVC__kvasir_cju3u39fog1bo0871lxjrabks_positive;KvasirCVC__kvasir_cju33w4sdcivk0855x879zht7_positive,KvasirCVC__cvc_210_negative,KvasirCVC__kvasir_cju2zp89k9q1g0855k1x0f1xa_boundary
PolypGen__C2_EndoCV2021_001054,1.0695186958287195e-09,1.1520737697168215e-09,8.255507388810202e-11,KvasirCVC__kvasir_cju3u39fog1bo0871lxjrabks_positive;KvasirCVC__cvc_444_positive,KvasirCVC__cvc_210_negative,KvasirCVC__kvasir_cju2zp89k9q1g0855k1x0f1xa_boundary
PolypGen__C4_27_endocv2021_positive_975,1.0787486459662432e-09,0.8417508602142334,0.8417508591354848,KvasirCVC__kvasir_cju3u39fog1bo0871lxjrabks_positive;KvasirCVC__cvc_54_positive,KvasirCVC__cvc_210_negative,KvasirCVC__kvasir_cju2zp89k9q1g0855k1x0f1xa_boundary
PolypGen__C5_EndoCV2021_C5_50000110,1.0940919281665629e-09,1.0330578614770047e-09,-6.103406668955813e-11,KvasirCVC__cvc_54_positive;KvasirCVC__kvasir_cju3u39fog1bo0871lxjrabks_positive,KvasirCVC__cvc_210_negative,KvasirCVC__kvasir_cju43kj2pm34f0850l28ahpni_boundary
PolypGen__C2_EndoCV2021_001165,1.1248594278256974e-09,1.5923566909492592e-09,4.674972631235619e-10,KvasirCVC__kvasir_cju3u39fog1bo0871lxjrabks_positive;KvasirCVC__cvc_54_positive,KvasirCVC__cvc_210_negative,KvasirCVC__kvasir_cju43kj2pm34f0850l28ahpni_boundary
PolypGen__C2_EndoCV2021_001352,1.1574073921494232e-09,0.9737324118614197,0.9737324107040123,KvasirCVC__kvasir_cju3u39fog1bo0871lxjrabks_positive;KvasirCVC__cvc_54_positive,KvasirCVC__cvc_210_negative,KvasirCVC__kvasir_cju2zp89k9q1g0855k1x0f1xa_boundary
PolypGen__C5_EndoCV2021_C5_50000010,1.1600927996013866e-09,0.8119891285896301,0.8119891274295373,KvasirCVC__kvasir_cju3u39fog1bo0871lxjrabks_positive;KvasirCVC__cvc_54_positive,KvasirCVC__cvc_210_negative,KvasirCVC__kvasir_cju2zp89k9q1g0855k1x0f1xa_boundary
PolypGen__C5_EndoCV2021_C5_50000113,1.1627906415512257e-09,0.6802610158920288,0.6802610147292382,KvasirCVC__kvasir_cju3u39fog1bo0871lxjrabks_positive;KvasirCVC__kvasir_cju33w4sdcivk0855x879zht7_positive,KvasirCVC__kvasir_cju87vqa0ndwg0850onjdz7ol_negative,KvasirCVC__kvasir_cju2zp89k9q1g0855k1x0f1xa_boundary
PolypGen__C3_C3_EndoCV2021_00185,1.1778562569730866e-09,0.9544603824615479,0.9544603812836916,KvasirCVC__kvasir_cju3u39fog1bo0871lxjrabks_positive;KvasirCVC__kvasir_cju33w4sdcivk0855x879zht7_positive,KvasirCVC__kvasir_cju87vqa0ndwg0850onjdz7ol_negative,KvasirCVC__kvasir_cju2zp89k9q1g0855k1x0f1xa_boundary
PolypGen__C5_EndoCV2021_C5_50000011,1.2077294719858855e-09,0.007911629043519497,0.007911627835790025,KvasirCVC__kvasir_cju3u39fog1bo0871lxjrabks_positive;KvasirCVC__cvc_54_positive,KvasirCVC__cvc_210_negative,KvasirCVC__kvasir_cju2zp89k9q1g0855k1x0f1xa_boundary
PolypGen__C5_EndoCV2021_C5_50000066,1.2135922267120236e-09,2.9498525844218193e-09,1.7362603577097957e-09,KvasirCVC__cvc_54_positive;KvasirCVC__kvasir_cju3u39fog1bo0871lxjrabks_positive,KvasirCVC__cvc_210_negative,KvasirCVC__kvasir_cju2zp89k9q1g0855k1x0f1xa_boundary
PolypGen__C4_23_endocv2021_positive_1084,1.2376237812361524e-09,1.2499999924031613e-09,1.2376211167008933e-11,KvasirCVC__kvasir_cju3u39fog1bo0871lxjrabks_positive;KvasirCVC__kvasir_cju33w4sdcivk0855x879zht7_positive,KvasirCVC__kvasir_cju87vqa0ndwg0850onjdz7ol_negative,KvasirCVC__kvasir_cju2zp89k9q1g0855k1x0f1xa_boundary
PolypGen__C5_EndoCV2021_C5_50000276,1.2562814122318855e-09,0.24182015657424927,0.24182015531796786,KvasirCVC__kvasir_cju3u39fog1bo0871lxjrabks_positive;KvasirCVC__cvc_444_positive,KvasirCVC__cvc_210_negative,KvasirCVC__kvasir_cju2zp89k9q1g0855k1x0f1xa_boundary
PolypGen__C3_C3_EndoCV2021_0044,1.288659845499751e-09,0.8203677535057068,0.8203677522170469,KvasirCVC__cvc_54_positive;KvasirCVC__kvasir_cju3u39fog1bo0871lxjrabks_positive,KvasirCVC__cvc_210_negative,KvasirCVC__cvc_96_boundary
PolypGen__C5_EndoCV2021_C5_50000270,1.3245032848274718e-09,0.8578312993049622,0.8578312979804589,KvasirCVC__kvasir_cju3u39fog1bo0871lxjrabks_positive;KvasirCVC__kvasir_cju33w4sdcivk0855x879zht7_positive,KvasirCVC__kvasir_cju87vqa0ndwg0850onjdz7ol_negative,KvasirCVC__kvasir_cju2zp89k9q1g0855k1x0f1xa_boundary
PolypGen__C4_18_endocv2021_positive_908,1.3333333326315255e-09,0.8266666531562805,0.8266666518229472,KvasirCVC__kvasir_cju3u39fog1bo0871lxjrabks_positive;KvasirCVC__cvc_444_positive,KvasirCVC__kvasir_cju87vqa0ndwg0850onjdz7ol_negative,KvasirCVC__kvasir_cju2zp89k9q1g0855k1x0f1xa_boundary
PolypGen__C6_EndoCV2021_C6_0100059,1.347708944443582e-09,7.241129362789422e-10,-6.235960081646397e-10,KvasirCVC__kvasir_cju3u39fog1bo0871lxjrabks_positive;KvasirCVC__cvc_54_positive,KvasirCVC__cvc_210_negative,KvasirCVC__kvasir_cju2zp89k9q1g0855k1x0f1xa_boundary
PolypGen__C1_442OLCV1_100H0002,1.3869625448137413e-09,1.3869625448137413e-09,0.0,,,
PolypGen__C2_EndoCV2021_001039,1.3869625448137413e-09,6.802721164156367e-10,-7.066904283981046e-10,KvasirCVC__kvasir_cju3u39fog1bo0871lxjrabks_positive;KvasirCVC__cvc_444_positive,KvasirCVC__kvasir_cju87vqa0ndwg0850onjdz7ol_negative,KvasirCVC__kvasir_cju2zp89k9q1g0855k1x0f1xa_boundary
PolypGen__C3_C3_EndoCV2021_00343,1.4347202315079244e-09,0.7216196656227112,0.721619664187991,KvasirCVC__kvasir_cju3u39fog1bo0871lxjrabks_positive;KvasirCVC__kvasir_cju33w4sdcivk0855x879zht7_positive,KvasirCVC__kvasir_cju87vqa0ndwg0850onjdz7ol_negative,KvasirCVC__kvasir_cju2zp89k9q1g0855k1x0f1xa_boundary
PolypGen__C4_28_endocv2021_positive_545,1.4684288229815934e-09,3.020235450623687e-10,-1.1664052779192247e-09,KvasirCVC__kvasir_cju3u39fog1bo0871lxjrabks_positive;KvasirCVC__cvc_54_positive,KvasirCVC__kvasir_cju87vqa0ndwg0850onjdz7ol_negative,KvasirCVC__kvasir_cju2zp89k9q1g0855k1x0f1xa_boundary
PolypGen__C6_EndoCV2021_C6_0100030,1.4925373159613287e-09,0.8714893460273743,0.871489344534837,KvasirCVC__kvasir_cju3u39fog1bo0871lxjrabks_positive;KvasirCVC__cvc_54_positive,KvasirCVC__cvc_210_negative,KvasirCVC__kvasir_cju2zp89k9q1g0855k1x0f1xa_boundary
PolypGen__C3_C3_EndoCV2021_00345,1.494768309129313e-09,1.4792899127868964e-09,-1.5478396342416545e-11,KvasirCVC__kvasir_cju3u39fog1bo0871lxjrabks_positive;KvasirCVC__kvasir_cju33w4sdcivk0855x879zht7_positive,KvasirCVC__kvasir_cju87vqa0ndwg0850onjdz7ol_negative,KvasirCVC__kvasir_cju2zp89k9q1g0855k1x0f1xa_boundary
PolypGen__C6_EndoCV2021_C6_0100102,1.4992503905020271e-09,1.3531800124866322e-09,-1.460703780153949e-10,KvasirCVC__kvasir_cju3u39fog1bo0871lxjrabks_positive;KvasirCVC__cvc_54_positive,KvasirCVC__cvc_210_negative,KvasirCVC__kvasir_cju0tl3uz8blh0993wxvn7ly3_boundary
PolypGen__C2_EndoCV2021_001356,1.5197568759006685e-09,0.9564444422721863,0.9564444407524294,KvasirCVC__cvc_54_positive;KvasirCVC__kvasir_cju3u39fog1bo0871lxjrabks_positive,KvasirCVC__cvc_210_negative,KvasirCVC__cvc_96_boundary
PolypGen__C5_EndoCV2021_C5_50000277,1.522070025572475e-09,1.4164306394448545e-09,-1.0563938612762058e-10,KvasirCVC__kvasir_cju3u39fog1bo0871lxjrabks_positive;KvasirCVC__cvc_444_positive,KvasirCVC__kvasir_cju87vqa0ndwg0850onjdz7ol_negative,KvasirCVC__kvasir_cju2zp89k9q1g0855k1x0f1xa_boundary
PolypGen__C5_EndoCV2021_C5_50000111,1.5432098932066651e-09,0.5903930068016052,0.5903930052583953,KvasirCVC__kvasir_cju3u39fog1bo0871lxjrabks_positive;KvasirCVC__cvc_54_positive,KvasirCVC__kvasir_cju87vqa0ndwg0850onjdz7ol_negative,KvasirCVC__kvasir_cju2zp89k9q1g0855k1x0f1xa_boundary
PolypGen__C4_29_endocv2021_positive_39,1.5600624125866602e-09,1.4684288229815934e-09,-9.163358960506685e-11,KvasirCVC__kvasir_cju3u39fog1bo0871lxjrabks_positive;KvasirCVC__cvc_444_positive,KvasirCVC__kvasir_cju87vqa0ndwg0850onjdz7ol_negative,KvasirCVC__kvasir_cju2zp89k9q1g0855k1x0f1xa_boundary
PolypGen__C2_EndoCV2021_001268,1.5748031767515158e-09,0.2792651057243347,0.27926510414953154,KvasirCVC__cvc_54_positive;KvasirCVC__kvasir_cju3u39fog1bo0871lxjrabks_positive,KvasirCVC__kvasir_cju87vqa0ndwg0850onjdz7ol_negative,KvasirCVC__cvc_154_boundary
PolypGen__C2_EndoCV2021_001163,1.587301623473536e-09,0.8394863605499268,0.8394863589626251,KvasirCVC__kvasir_cju3u39fog1bo0871lxjrabks_positive;KvasirCVC__cvc_54_positive,KvasirCVC__cvc_210_negative,KvasirCVC__kvasir_cju43kj2pm34f0850l28ahpni_boundary
PolypGen__C4_27_endocv2021_positive_289,1.587301623473536e-09,0.12080668658018112,0.1208066849928795,KvasirCVC__kvasir_cju3u39fog1bo0871lxjrabks_positive;KvasirCVC__cvc_444_positive,KvasirCVC__kvasir_cju87vqa0ndwg0850onjdz7ol_negative,KvasirCVC__kvasir_cju2zp89k9q1g0855k1x0f1xa_boundary
PolypGen__C4_16_endocv2021_positive_498,1.6077170705841581e-09,1.597444065914999e-09,-1.0273004669159036e-11,KvasirCVC__kvasir_cju3u39fog1bo0871lxjrabks_positive;KvasirCVC__cvc_444_positive,KvasirCVC__kvasir_cju87vqa0ndwg0850onjdz7ol_negative,KvasirCVC__kvasir_cju2zp89k9q1g0855k1x0f1xa_boundary
PolypGen__C2_EndoCV2021_001035,1.652892600567668e-09,1.0493179658510599e-09,-6.035746347166082e-10,KvasirCVC__kvasir_cju3u39fog1bo0871lxjrabks_positive;KvasirCVC__cvc_54_positive,KvasirCVC__kvasir_cju87vqa0ndwg0850onjdz7ol_negative,KvasirCVC__kvasir_cju2zp89k9q1g0855k1x0f1xa_boundary
PolypGen__C5_EndoCV2021_C5_50000255,1.652892600567668e-09,1.661129567231967e-09,8.236966664298961e-12,KvasirCVC__kvasir_cju3u39fog1bo0871lxjrabks_positive;KvasirCVC__cvc_54_positive,KvasirCVC__cvc_210_negative,KvasirCVC__kvasir_cju2zp89k9q1g0855k1x0f1xa_boundary
PolypGen__C2_EndoCV2021_001384,1.6750418829758473e-09,0.880064845085144,0.8800648434101022,KvasirCVC__kvasir_cju3u39fog1bo0871lxjrabks_positive;KvasirCVC__cvc_54_positive,KvasirCVC__cvc_210_negative,KvasirCVC__kvasir_cju2zp89k9q1g0855k1x0f1xa_boundary
PolypGen__C2_EndoCV2021_001064,1.700680263283516e-09,1.6806722680229313e-09,-2.000799526058472e-11,KvasirCVC__kvasir_cju3u39fog1bo0871lxjrabks_positive;KvasirCVC__kvasir_cju33w4sdcivk0855x879zht7_positive,KvasirCVC__kvasir_cju87vqa0ndwg0850onjdz7ol_negative,KvasirCVC__kvasir_cju2zp89k9q1g0855k1x0f1xa_boundary
PolypGen__C5_EndoCV2021_C5_50000049,1.7793594375703492e-09,0.8753246665000916,0.8753246647207321,KvasirCVC__cvc_54_positive;KvasirCVC__kvasir_cju3u39fog1bo0871lxjrabks_positive,KvasirCVC__cvc_210_negative,KvasirCVC__cvc_54_boundary
PolypGen__C3_C3_EndoCV2021_00332,1.8382353417223385e-09,1.8148820224439532e-09,-2.3353319278385243e-11,KvasirCVC__kvasir_cju3u39fog1bo0871lxjrabks_positive;KvasirCVC__kvasir_cju33w4sdcivk0855x879zht7_positive,KvasirCVC__kvasir_cju87vqa0ndwg0850onjdz7ol_negative,KvasirCVC__kvasir_cju2zp89k9q1g0855k1x0f1xa_boundary
PolypGen__C1_144OLCV1_100H0024,1.8587360539612519e-09,1.8450184713358908e-09,-1.3717582625361047e-11,KvasirCVC__kvasir_cju3u39fog1bo0871lxjrabks_positive;KvasirCVC__kvasir_cju33w4sdcivk0855x879zht7_positive,KvasirCVC__kvasir_cju87vqa0ndwg0850onjdz7ol_negative,KvasirCVC__kvasir_cju2zp89k9q1g0855k1x0f1xa_boundary
PolypGen__C1_642OLCV1_100H0012,1.886792500016554e-09,0.914893627166748,0.9148936252799555,KvasirCVC__kvasir_cju3u39fog1bo0871lxjrabks_positive;KvasirCVC__cvc_54_positive,KvasirCVC__cvc_210_negative,KvasirCVC__kvasir_cju2zp89k9q1g0855k1x0f1xa_boundary
PolypGen__C2_EndoCV2021_001057,1.890359202505465e-09,2.1043770892514857e-10,-1.6799214935803164e-09,KvasirCVC__kvasir_cju3u39fog1bo0871lxjrabks_positive;KvasirCVC__kvasir_cju33w4sdcivk0855x879zht7_positive,KvasirCVC__kvasir_cju87vqa0ndwg0850onjdz7ol_negative,KvasirCVC__kvasir_cju2zp89k9q1g0855k1x0f1xa_boundary
PolypGen__C3_C3_EndoCV2021_0038,1.890359202505465e-09,1.8315018945891381e-10,-1.7072090130465511e-09,KvasirCVC__kvasir_cju3u39fog1bo0871lxjrabks_positive;KvasirCVC__cvc_54_positive,KvasirCVC__cvc_210_negative,KvasirCVC__cvc_96_boundary
PolypGen__C4_21_endocv2021_positive_1482,1.9267822892743425e-09,0.14073918759822845,0.14073918567144617,KvasirCVC__kvasir_cju3u39fog1bo0871lxjrabks_positive;KvasirCVC__cvc_444_positive,KvasirCVC__kvasir_cju87vqa0ndwg0850onjdz7ol_negative,KvasirCVC__kvasir_cju43kj2pm34f0850l28ahpni_boundary
PolypGen__C5_EndoCV2021_C5_50000268,1.9455252964206693e-09,0.7150537371635437,0.7150537352180184,KvasirCVC__kvasir_cju3u39fog1bo0871lxjrabks_positive;KvasirCVC__cvc_444_positive,KvasirCVC__kvasir_cju87vqa0ndwg0850onjdz7ol_negative,KvasirCVC__kvasir_cju43kj2pm34f0850l28ahpni_boundary
PolypGen__C3_C3_EndoCV2021_00329,1.9531249950688334e-09,1.956947048853408e-09,3.822053784574564e-12,KvasirCVC__kvasir_cju3u39fog1bo0871lxjrabks_positive;KvasirCVC__cvc_54_positive,KvasirCVC__cvc_210_negative,KvasirCVC__kvasir_cju43kj2pm34f0850l28ahpni_boundary
PolypGen__C1_278OLCV1_100H0012,1.968504026450546e-09,1.9801980055689228e-09,1.1693979118376774e-11,KvasirCVC__kvasir_cju3u39fog1bo0871lxjrabks_positive;KvasirCVC__cvc_54_positive,KvasirCVC__cvc_210_negative,KvasirCVC__kvasir_cju2zp89k9q1g0855k1x0f1xa_boundary
PolypGen__C3_C3_EndoCV2021_00265,1.9801980055689228e-09,1.9801980055689228e-09,0.0,KvasirCVC__kvasir_cju3u39fog1bo0871lxjrabks_positive;KvasirCVC__cvc_444_positive,KvasirCVC__cvc_210_negative,KvasirCVC__kvasir_cju2zp89k9q1g0855k1x0f1xa_boundary
PolypGen__C1_848OLCV1_100H0002,2.0325203742288522e-09,1.886792500016554e-09,-1.4572787421229805e-10,KvasirCVC__kvasir_cju3u39fog1bo0871lxjrabks_positive;KvasirCVC__cvc_444_positive,KvasirCVC__cvc_210_negative,KvasirCVC__kvasir_cju2zp89k9q1g0855k1x0f1xa_boundary
PolypGen__C3_C3_EndoCV2021_0055,2.07039341226789e-09,0.7657142877578735,0.7657142856874801,KvasirCVC__kvasir_cju3u39fog1bo0871lxjrabks_positive;KvasirCVC__cvc_54_positive,KvasirCVC__cvc_210_negative,KvasirCVC__kvasir_cju43kj2pm34f0850l28ahpni_boundary
PolypGen__C4_27_endocv2021_positive_1257,2.0790020816008337e-09,0.09048452973365784,0.09048452765465576,KvasirCVC__kvasir_cju3u39fog1bo0871lxjrabks_positive;KvasirCVC__cvc_444_positive,KvasirCVC__kvasir_cju87vqa0ndwg0850onjdz7ol_negative,KvasirCVC__kvasir_cju2zp89k9q1g0855k1x0f1xa_boundary
PolypGen__C5_EndoCV2021_C5_50000271,2.0790020816008337e-09,2.074688865150165e-09,-4.313216450668733e-12,KvasirCVC__kvasir_cju3u39fog1bo0871lxjrabks_positive;KvasirCVC__kvasir_cju33w4sdcivk0855x879zht7_positive,KvasirCVC__kvasir_cju87vqa0ndwg0850onjdz7ol_negative,KvasirCVC__kvasir_cju2zp89k9q1g0855k1x0f1xa_boundary
PolypGen__C2_EndoCV2021_001053,2.0833332836645013e-09,0.2454954981803894,0.24549549609705612,KvasirCVC__kvasir_cju3u39fog1bo0871lxjrabks_positive;KvasirCVC__cvc_54_positive,KvasirCVC__cvc_210_negative,KvasirCVC__kvasir_cju2zp89k9q1g0855k1x0f1xa_boundary
PolypGen__C3_C3_EndoCV2021_00321,2.1097046332130276e-09,1.1261260812744922e-09,-9.835785519385354e-10,KvasirCVC__kvasir_cju3u39fog1bo0871lxjrabks_positive;KvasirCVC__cvc_444_positive,KvasirCVC__cvc_210_negative,KvasirCVC__kvasir_cju2zp89k9q1g0855k1x0f1xa_boundary
PolypGen__C3_C3_EndoCV2021_00416,2.1186441490073094e-09,0.9556756615638733,0.9556756594452291,KvasirCVC__kvasir_cju3u39fog1bo0871lxjrabks_positive;KvasirCVC__kvasir_cju33w4sdcivk0855x879zht7_positive,KvasirCVC__cvc_210_negative,KvasirCVC__kvasir_cju2zp89k9q1g0855k1x0f1xa_boundary
PolypGen__C2_EndoCV2021_001224,2.178649260997645e-09,0.9570135474205017,0.9570135452418524,KvasirCVC__kvasir_cju3u39fog1bo0871lxjrabks_positive;KvasirCVC__cvc_54_positive,KvasirCVC__kvasir_cju87vqa0ndwg0850onjdz7ol_negative,KvasirCVC__kvasir_cju2zp89k9q1g0855k1x0f1xa_boundary
PolypGen__C3_C3_EndoCV2021_0086,2.1978021624846633e-09,0.8354080319404602,0.835408029742658,KvasirCVC__kvasir_cju3u39fog1bo0871lxjrabks_positive;KvasirCVC__cvc_444_positive,KvasirCVC__cvc_210_negative,KvasirCVC__kvasir_cju2zp89k9q1g0855k1x0f1xa_boundary
PolypGen__C5_EndoCV2021_C5_50000108,2.1978021624846633e-09,0.22369426488876343,0.22369426269096127,KvasirCVC__cvc_54_positive;KvasirCVC__kvasir_cju3u39fog1bo0871lxjrabks_positive,KvasirCVC__cvc_210_negative,KvasirCVC__cvc_54_boundary
PolypGen__C2_EndoCV2021_001213,2.3255812831024514e-09,4.11522638188444e-09,1.789645098781989e-09,KvasirCVC__kvasir_cju3u39fog1bo0871lxjrabks_positive;KvasirCVC__cvc_54_positive,KvasirCVC__cvc_210_negative,KvasirCVC__kvasir_cju43kj2pm34f0850l28ahpni_boundary
PolypGen__C5_EndoCV2021_C5_50000278,2.3584905139983903e-09,0.6111111044883728,0.6111111021298823,KvasirCVC__kvasir_cju3u39fog1bo0871lxjrabks_positive;KvasirCVC__cvc_54_positive,KvasirCVC__kvasir_cju87vqa0ndwg0850onjdz7ol_negative,KvasirCVC__kvasir_cju2zp89k9q1g0855k1x0f1xa_boundary
PolypGen__C2_EndoCV2021_001078,2.415458943971771e-09,1.0101009806362526e-08,7.685550862390755e-09,KvasirCVC__kvasir_cju3u39fog1bo0871lxjrabks_positive;KvasirCVC__kvasir_cju33w4sdcivk0855x879zht7_positive,KvasirCVC__cvc_210_negative,KvasirCVC__kvasir_cju2zp89k9q1g0855k1x0f1xa_boundary
PolypGen__C5_EndoCV2021_C5_50000057,2.427184453424047e-09,0.30426716804504395,0.3042671656178595,KvasirCVC__cvc_54_positive;KvasirCVC__kvasir_cju3u39fog1bo0871lxjrabks_positive,KvasirCVC__cvc_210_negative,KvasirCVC__kvasir_cju2zp89k9q1g0855k1x0f1xa_boundary
PolypGen__C2_EndoCV2021_001141,2.976190405235002e-09,2.9239766163868808e-09,-5.221378884812111e-11,KvasirCVC__kvasir_cju3u39fog1bo0871lxjrabks_positive;KvasirCVC__kvasir_cju33w4sdcivk0855x879zht7_positive,KvasirCVC__kvasir_cju87vqa0ndwg0850onjdz7ol_negative,KvasirCVC__kvasir_cju2zp89k9q1g0855k1x0f1xa_boundary
PolypGen__C1_471OLCV1_100H0008,3.003002957413514e-09,0.3170320391654968,0.31703203616249387,KvasirCVC__kvasir_cju3u39fog1bo0871lxjrabks_positive;KvasirCVC__cvc_444_positive,KvasirCVC__cvc_210_negative,KvasirCVC__kvasir_cju2zp89k9q1g0855k1x0f1xa_boundary
PolypGen__C3_C3_EndoCV2021_00331,3.003002957413514e-09,0.9114331603050232,0.9114331573020202,KvasirCVC__kvasir_cju3u39fog1bo0871lxjrabks_positive;KvasirCVC__kvasir_cju33w4sdcivk0855x879zht7_positive,KvasirCVC__kvasir_cju87vqa0ndwg0850onjdz7ol_negative,KvasirCVC__kvasir_cju2zp89k9q1g0855k1x0f1xa_boundary
PolypGen__C2_EndoCV2021_001144,3.194888131829998e-09,3.3783784658680815e-09,1.8349033403808335e-10,KvasirCVC__kvasir_cju3u39fog1bo0871lxjrabks_positive;KvasirCVC__kvasir_cju33w4sdcivk0855x879zht7_positive,KvasirCVC__cvc_210_negative,KvasirCVC__kvasir_cju2zp89k9q1g0855k1x0f1xa_boundary
PolypGen__C5_EndoCV2021_C5_50000112,3.508771939664257e-09,0.0020107242744416,0.00201072076566966,KvasirCVC__cvc_54_positive;KvasirCVC__cvc_137_positive,KvasirCVC__cvc_210_negative,KvasirCVC__cvc_54_boundary
PolypGen__C1_201OLCV1_100H0018,3.5842293577559303e-09,0.8857142925262451,0.8857142889420158,KvasirCVC__kvasir_cju3u39fog1bo0871lxjrabks_positive;KvasirCVC__cvc_444_positive,KvasirCVC__kvasir_cju87vqa0ndwg0850onjdz7ol_negative,KvasirCVC__kvasir_cju2zp89k9q1g0855k1x0f1xa_boundary
PolypGen__C1_427OLCV1_100H0022,3.5971223777409023e-09,0.5967450141906738,0.5967450105935515,KvasirCVC__kvasir_cju3u39fog1bo0871lxjrabks_positive;KvasirCVC__cvc_54_positive,KvasirCVC__cvc_210_negative,KvasirCVC__kvasir_cju2zp89k9q1g0855k1x0f1xa_boundary
PolypGen__C3_C3_EndoCV2021_00397,3.7037037881049173e-09,0.055477529764175415,0.05547752606047163,KvasirCVC__kvasir_cju3u39fog1bo0871lxjrabks_positive;KvasirCVC__cvc_444_positive,KvasirCVC__cvc_210_negative,KvasirCVC__kvasir_cju43kj2pm34f0850l28ahpni_boundary
PolypGen__C5_EndoCV2021_C5_50000306,3.8167939919731e-09,0.6480000019073486,0.6479999980905546,KvasirCVC__kvasir_cju3u39fog1bo0871lxjrabks_positive;KvasirCVC__cvc_54_positive,KvasirCVC__cvc_210_negative,KvasirCVC__kvasir_cju2zp89k9q1g0855k1x0f1xa_boundary
PolypGen__C5_EndoCV2021_C5_50000129,3.906249990137667e-09,0.8409894108772278,0.8409894069709778,KvasirCVC__kvasir_cju3u39fog1bo0871lxjrabks_positive;KvasirCVC__cvc_54_positive,KvasirCVC__kvasir_cju87vqa0ndwg0850onjdz7ol_negative,KvasirCVC__kvasir_cju2zp89k9q1g0855k1x0f1xa_boundary
PolypGen__C5_EndoCV2021_C5_50000122,4.166666567329003e-09,6.506180594278987e-10,-3.516048507901104e-09,KvasirCVC__kvasir_cju3u39fog1bo0871lxjrabks_positive;KvasirCVC__cvc_444_positive,KvasirCVC__kvasir_cju87vqa0ndwg0850onjdz7ol_negative,KvasirCVC__kvasir_cju2zp89k9q1g0855k1x0f1xa_boundary
PolypGen__C2_EndoCV2021_001128,4.273504217167101e-09,4.098360761872755e-09,-1.751434552943465e-10,KvasirCVC__kvasir_cju3u39fog1bo0871lxjrabks_positive;KvasirCVC__cvc_444_positive,KvasirCVC__kvasir_cju87vqa0ndwg0850onjdz7ol_negative,KvasirCVC__kvasir_cju2zp89k9q1g0855k1x0f1xa_boundary
PolypGen__C1_430OLCV1_100H0002,4.329004266168113e-09,0.918367326259613,0.9183673219306088,KvasirCVC__kvasir_cju3u39fog1bo0871lxjrabks_positive;KvasirCVC__cvc_444_positive,KvasirCVC__cvc_210_negative,KvasirCVC__kvasir_cju2zp89k9q1g0855k1x0f1xa_boundary
PolypGen__C1_430OLCV1_100S0001,4.545454679316663e-09,0.8461538553237915,0.8461538507783368,KvasirCVC__kvasir_cju3u39fog1bo0871lxjrabks_positive;KvasirCVC__cvc_444_positive,KvasirCVC__kvasir_cju87vqa0ndwg0850onjdz7ol_negative,KvasirCVC__kvasir_cju2zp89k9q1g0855k1x0f1xa_boundary
PolypGen__C3_C3_EndoCV2021_00440,4.566210076717425e-09,0.8894601464271545,0.8894601418609445,KvasirCVC__kvasir_cju3u39fog1bo0871lxjrabks_positive;KvasirCVC__cvc_54_positive,KvasirCVC__cvc_210_negative,KvasirCVC__cvc_96_boundary
PolypGen__C5_EndoCV2021_C5_50000101,4.587155988389213e-09,0.08130434900522232,0.08130434441806633,KvasirCVC__kvasir_cju3u39fog1bo0871lxjrabks_positive;KvasirCVC__cvc_54_positive,KvasirCVC__cvc_210_negative,KvasirCVC__kvasir_cju2zp89k9q1g0855k1x0f1xa_boundary
PolypGen__C2_EndoCV2021_001375,4.6728971803133845e-09,1.3599890658078095e-10,-4.5368982737326036e-09,KvasirCVC__kvasir_cju3u39fog1bo0871lxjrabks_positive;KvasirCVC__cvc_444_positive,KvasirCVC__kvasir_cju87vqa0ndwg0850onjdz7ol_negative,KvasirCVC__kvasir_cju2zp89k9q1g0855k1x0f1xa_boundary
PolypGen__C5_EndoCV2021_C5_50000103,4.807692466357594e-09,4.78468908937657e-09,-2.3003376981023393e-11,KvasirCVC__cvc_54_positive;KvasirCVC__kvasir_cju3u39fog1bo0871lxjrabks_positive,KvasirCVC__cvc_210_negative,KvasirCVC__cvc_54_boundary
PolypGen__C2_EndoCV2021_001202,4.9504951249446094e-09,4.310344969837843e-09,-6.401501551067668e-10,KvasirCVC__kvasir_cju3u39fog1bo0871lxjrabks_positive;KvasirCVC__cvc_54_positive,KvasirCVC__cvc_210_negative,KvasirCVC__kvasir_cju2zp89k9q1g0855k1x0f1xa_boundary
PolypGen__C3_C3_EndoCV2021_00280,4.975124312522894e-09,0.32159847021102905,0.32159846523590474,KvasirCVC__kvasir_cju3u39fog1bo0871lxjrabks_positive;KvasirCVC__kvasir_cju33w4sdcivk0855x879zht7_positive,KvasirCVC__cvc_210_negative,KvasirCVC__kvasir_cju2zp89k9q1g0855k1x0f1xa_boundary
PolypGen__C3_C3_EndoCV2021_00395,5.076142173265907e-09,0.7207207083702087,0.7207207032940666,KvasirCVC__kvasir_cju3u39fog1bo0871lxjrabks_positive;KvasirCVC__kvasir_cju33w4sdcivk0855x879zht7_positive,KvasirCVC__kvasir_cju87vqa0ndwg0850onjdz7ol_negative,KvasirCVC__kvasir_cju2zp89k9q1g0855k1x0f1xa_boundary
PolypGen__C5_EndoCV2021_C5_50000138,5.649717582656422e-09,5.6818181271012236e-09,3.2100544444801926e-11,KvasirCVC__kvasir_cju3u39fog1bo0871lxjrabks_positive;KvasirCVC__cvc_444_positive,KvasirCVC__kvasir_cju87vqa0ndwg0850onjdz7ol_negative,KvasirCVC__kvasir_cju2zp89k9q1g0855k1x0f1xa_boundary
PolypGen__C3_C3_EndoCV2021_00167,5.6818181271012236e-09,0.875,0.8749999943181819,KvasirCVC__kvasir_cju3u39fog1bo0871lxjrabks_positive;KvasirCVC__cvc_54_positive,KvasirCVC__cvc_210_negative,KvasirCVC__kvasir_cju2zp89k9q1g0855k1x0f1xa_boundary
PolypGen__C3_C3_EndoCV2021_004,5.9171596511475855e-09,1.7699115506530916e-09,-4.147248100494494e-09,KvasirCVC__kvasir_cju3u39fog1bo0871lxjrabks_positive;KvasirCVC__cvc_54_positive,KvasirCVC__cvc_210_negative,KvasirCVC__kvasir_cju43kj2pm34f0850l28ahpni_boundary
PolypGen__C4_22_endocv2021_positive_982,6.211180014759066e-09,9.033423453708167e-10,-5.307837669388249e-09,KvasirCVC__kvasir_cju3u39fog1bo0871lxjrabks_positive;KvasirCVC__cvc_444_positive,KvasirCVC__kvasir_cju87vqa0ndwg0850onjdz7ol_negative,KvasirCVC__kvasir_cju2zp89k9q1g0855k1x0f1xa_boundary
PolypGen__C2_EndoCV2021_001329,6.4516130215963585e-09,0.0217168927192688,0.021716886267655777,KvasirCVC__kvasir_cju3u39fog1bo0871lxjrabks_positive;KvasirCVC__cvc_444_positive,KvasirCVC__kvasir_cju87vqa0ndwg0850onjdz7ol_negative,KvasirCVC__kvasir_cju2zp89k9q1g0855k1x0f1xa_boundary
PolypGen__C2_EndoCV2021_001245,6.756756931736163e-09,5.01504504590855e-10,-6.255252427145308e-09,KvasirCVC__kvasir_cju3u39fog1bo0871lxjrabks_positive;KvasirCVC__cvc_54_positive,KvasirCVC__cvc_210_negative,KvasirCVC__kvasir_cju43kj2pm34f0850l28ahpni_boundary
PolypGen__C4_25_endocv2021_positive_3,8.19672152374551e-09,7.874016105802184e-09,-3.227054179433253e-10,KvasirCVC__kvasir_cju3u39fog1bo0871lxjrabks_positive;KvasirCVC__kvasir_cju33w4sdcivk0855x879zht7_positive,KvasirCVC__kvasir_cju87vqa0ndwg0850onjdz7ol_negative,KvasirCVC__kvasir_cju2zp89k9q1g0855k1x0f1xa_boundary
PolypGen__C2_EndoCV2021_001206,8.333333134658005e-09,1.6863406226974575e-09,-6.646992511960548e-09,KvasirCVC__kvasir_cju3u39fog1bo0871lxjrabks_positive;KvasirCVC__cvc_54_positive,KvasirCVC__cvc_210_negative,KvasirCVC__kvasir_cju2zp89k9q1g0855k1x0f1xa_boundary
PolypGen__C4_6_endocv2021_positive_1007,1.0638298242326982e-08,3.546099192064389e-09,-7.092199050262593e-09,KvasirCVC__kvasir_cju3u39fog1bo0871lxjrabks_positive;KvasirCVC__cvc_54_positive,KvasirCVC__cvc_210_negative,KvasirCVC__kvasir_cju2zp89k9q1g0855k1x0f1xa_boundary
PolypGen__C4_18_endocv2021_positive_265,1.2048192665758961e-08,1.1627906637556862e-08,-4.2028602820209926e-10,KvasirCVC__kvasir_cju3u39fog1bo0871lxjrabks_positive;KvasirCVC__kvasir_cju33w4sdcivk0855x879zht7_positive,KvasirCVC__kvasir_cju87vqa0ndwg0850onjdz7ol_negative,KvasirCVC__kvasir_cju2zp89k9q1g0855k1x0f1xa_boundary
PolypGen__C4_26_endocv2021_positive_684,1.2345679145653321e-08,8.718396005136242e-10,-1.1473839545139697e-08,KvasirCVC__kvasir_cju3u39fog1bo0871lxjrabks_positive;KvasirCVC__cvc_444_positive,KvasirCVC__kvasir_cju87vqa0ndwg0850onjdz7ol_negative,KvasirCVC__kvasir_cju2zp89k9q1g0855k1x0f1xa_boundary
PolypGen__C2_EndoCV2021_001184,1.2500000146076218e-08,2.7777778299764577e-08,1.527777815368836e-08,KvasirCVC__kvasir_cju3u39fog1bo0871lxjrabks_positive;KvasirCVC__kvasir_cju33w4sdcivk0855x879zht7_positive,KvasirCVC__kvasir_cju87vqa0ndwg0850onjdz7ol_negative,KvasirCVC__kvasir_cju2zp89k9q1g0855k1x0f1xa_boundary
PolypGen__C4_19_endocv2021_positive_688,1.2820512651501303e-08,2.491901407442043e-10,-1.2571322510757099e-08,KvasirCVC__kvasir_cju3u39fog1bo0871lxjrabks_positive;KvasirCVC__kvasir_cju33w4sdcivk0855x879zht7_positive,KvasirCVC__cvc_210_negative,KvasirCVC__kvasir_cju43kj2pm34f0850l28ahpni_boundary
PolypGen__C4_13_endocv2021_positive_550,1.4084506894107562e-08,0.8368794322013855,0.8368794181168786,KvasirCVC__kvasir_cju3u39fog1bo0871lxjrabks_positive;KvasirCVC__kvasir_cju33w4sdcivk0855x879zht7_positive,KvasirCVC__kvasir_cju87vqa0ndwg0850onjdz7ol_negative,KvasirCVC__kvasir_cju2zp89k9q1g0855k1x0f1xa_boundary
PolypGen__C4_13_endocv2021_positive_573,1.4285713945128009e-08,0.7862069010734558,0.7862068867877419,KvasirCVC__kvasir_cju3u39fog1bo0871lxjrabks_positive;KvasirCVC__cvc_54_positive,KvasirCVC__cvc_210_negative,KvasirCVC__kvasir_cju2zp89k9q1g0855k1x0f1xa_boundary
PolypGen__C2_EndoCV2021_001177,1.515151559772221e-08,1.7085255432647273e-10,-1.4980663043395737e-08,KvasirCVC__kvasir_cju3u39fog1bo0871lxjrabks_positive;KvasirCVC__cvc_54_positive,KvasirCVC__kvasir_cju87vqa0ndwg0850onjdz7ol_negative,KvasirCVC__kvasir_cju2zp89k9q1g0855k1x0f1xa_boundary
PolypGen__C4_19_endocv2021_positive_845,1.612903233194629e-08,1.3723068514881476e-10,-1.5991801646797477e-08,KvasirCVC__kvasir_cju3u39fog1bo0871lxjrabks_positive;KvasirCVC__cvc_444_positive,KvasirCVC__kvasir_cju87vqa0ndwg0850onjdz7ol_negative,KvasirCVC__kvasir_cju2zp89k9q1g0855k1x0f1xa_boundary
PolypGen__C4_30_endocv2021_positive_898,2.2222222284540294e-08,4.6948356313691875e-09,-1.7527386653171106e-08,KvasirCVC__kvasir_cju3u39fog1bo0871lxjrabks_positive;KvasirCVC__cvc_444_positive,KvasirCVC__kvasir_cju87vqa0ndwg0850onjdz7ol_negative,KvasirCVC__kvasir_cju2zp89k9q1g0855k1x0f1xa_boundary
PolypGen__C4_29_endocv2021_positive_254,4.761904293104635e-08,1.6366612509699507e-09,-4.59823816800764e-08,KvasirCVC__kvasir_cju3u39fog1bo0871lxjrabks_positive;KvasirCVC__cvc_444_positive,KvasirCVC__kvasir_cju87vqa0ndwg0850onjdz7ol_negative,KvasirCVC__kvasir_cju43kj2pm34f0850l28ahpni_boundary
PolypGen__C6_EndoCV2021_C6_0100070,5.55555494941018e-08,9.372949638652983e-11,-5.546181999771527e-08,KvasirCVC__kvasir_cju3u39fog1bo0871lxjrabks_positive;KvasirCVC__cvc_54_positive,KvasirCVC__cvc_210_negative,KvasirCVC__kvasir_cju2zp89k9q1g0855k1x0f1xa_boundary
PolypGen__C4_27_endocv2021_positive_216,6.249999273677531e-08,1.3099292484053393e-10,-6.236899981193478e-08,KvasirCVC__kvasir_cju3u39fog1bo0871lxjrabks_positive;KvasirCVC__cvc_54_positive,KvasirCVC__cvc_210_negative,KvasirCVC__kvasir_cju43kj2pm34f0850l28ahpni_boundary
PolypGen__C6_EndoCV2021_C6_0100056,7.142856617292637e-08,5.688282067595196e-10,-7.085973796616685e-08,KvasirCVC__kvasir_cju3u39fog1bo0871lxjrabks_positive;KvasirCVC__cvc_54_positive,KvasirCVC__cvc_210_negative,KvasirCVC__kvasir_cju2zp89k9q1g0855k1x0f1xa_boundary
PolypGen__C4_13_endocv2021_positive_464,7.692307235629414e-08,1.927525083988968e-10,-7.673031984789525e-08,KvasirCVC__kvasir_cju3u39fog1bo0871lxjrabks_positive;KvasirCVC__cvc_54_positive,KvasirCVC__cvc_210_negative,KvasirCVC__kvasir_cju2zp89k9q1g0855k1x0f1xa_boundary
PolypGen__C4_13_endocv2021_positive_222,8.333332601750953e-08,1.1600927857235988e-10,-8.321731673893717e-08,KvasirCVC__kvasir_cju3u39fog1bo0871lxjrabks_positive;KvasirCVC__kvasir_cju33w4sdcivk0855x879zht7_positive,KvasirCVC__kvasir_cju87vqa0ndwg0850onjdz7ol_negative,KvasirCVC__kvasir_cju2zp89k9q1g0855k1x0f1xa_boundary
PolypGen__C4_6_endocv2021_positive_1308,8.333332601750953e-08,2.724795722386375e-09,-8.060853029512316e-08,KvasirCVC__cvc_54_positive;KvasirCVC__cvc_137_positive,KvasirCVC__cvc_210_negative,KvasirCVC__kvasir_cju2zp89k9q1g0855k1x0f1xa_boundary
PolypGen__C6_EndoCV2021_C6_0100088,1.111110989882036e-07,8.474576040917725e-10,-1.1026364138411182e-07,KvasirCVC__kvasir_cju3u39fog1bo0871lxjrabks_positive;KvasirCVC__cvc_54_positive,KvasirCVC__cvc_210_negative,KvasirCVC__cvc_54_boundary
PolypGen__C2_EndoCV2021_001117,0.00035248519270680845,0.0014149276539683342,0.0010624424612615258,KvasirCVC__kvasir_cju3u39fog1bo0871lxjrabks_positive;KvasirCVC__kvasir_cju33w4sdcivk0855x879zht7_positive,KvasirCVC__kvasir_cju87vqa0ndwg0850onjdz7ol_negative,KvasirCVC__kvasir_cju2zp89k9q1g0855k1x0f1xa_boundary
PolypGen__C3_C3_EndoCV2021_0084,0.0005250724498182535,0.2534944415092468,0.2529693690594286,KvasirCVC__kvasir_cju3u39fog1bo0871lxjrabks_positive;KvasirCVC__cvc_54_positive,KvasirCVC__cvc_210_negative,KvasirCVC__kvasir_cju2zp89k9q1g0855k1x0f1xa_boundary
PolypGen__C2_EndoCV2021_001033,0.0005863384576514363,0.08060836791992188,0.08002202946227044,KvasirCVC__kvasir_cju3u39fog1bo0871lxjrabks_positive;KvasirCVC__cvc_444_positive,KvasirCVC__cvc_210_negative,KvasirCVC__kvasir_cju2zp89k9q1g0855k1x0f1xa_boundary
PolypGen__C2_EndoCV2021_001402,0.0006367400055751204,0.9619651436805725,0.9613284036749974,KvasirCVC__kvasir_cju3u39fog1bo0871lxjrabks_positive;KvasirCVC__cvc_444_positive,KvasirCVC__kvasir_cju2y5zas8m7f0801d34g5owq_negative,KvasirCVC__cvc_154_boundary
PolypGen__C5_EndoCV2021_C5_50000173,0.001055223518051207,1.0675776929147673e-10,-0.0010552234112934378,KvasirCVC__cvc_54_positive;KvasirCVC__kvasir_cju3u39fog1bo0871lxjrabks_positive,KvasirCVC__cvc_210_negative,KvasirCVC__kvasir_cju43kj2pm34f0850l28ahpni_boundary
PolypGen__C2_EndoCV2021_001127,0.0012060303706675768,0.18692165613174438,0.1857156257610768,KvasirCVC__kvasir_cju3u39fog1bo0871lxjrabks_positive;KvasirCVC__kvasir_cju33w4sdcivk0855x879zht7_positive,KvasirCVC__cvc_210_negative,KvasirCVC__kvasir_cju2zp89k9q1g0855k1x0f1xa_boundary
PolypGen__C5_EndoCV2021_C5_50000140,0.001220752950757742,0.009802265092730522,0.00858151214197278,KvasirCVC__kvasir_cju3u39fog1bo0871lxjrabks_positive;KvasirCVC__cvc_54_positive,KvasirCVC__cvc_210_negative,KvasirCVC__kvasir_cju2zp89k9q1g0855k1x0f1xa_boundary
PolypGen__C1_176OLCV1_100H0738,0.001670146593824029,0.0008389265858568251,-0.0008312200079672039,KvasirCVC__kvasir_cju3u39fog1bo0871lxjrabks_positive;KvasirCVC__kvasir_cju33w4sdcivk0855x879zht7_positive,KvasirCVC__kvasir_cju87vqa0ndwg0850onjdz7ol_negative,KvasirCVC__kvasir_cju2zp89k9q1g0855k1x0f1xa_boundary
PolypGen__C3_C3_EndoCV2021_00261,0.0019187722355127335,0.7100591659545898,0.7081403937190771,KvasirCVC__kvasir_cju3u39fog1bo0871lxjrabks_positive;KvasirCVC__kvasir_cju33w4sdcivk0855x879zht7_positive,KvasirCVC__kvasir_cju87vqa0ndwg0850onjdz7ol_negative,KvasirCVC__kvasir_cju2zp89k9q1g0855k1x0f1xa_boundary
PolypGen__C4_12_endocv2021_positive_503,0.002460025716573,0.050717033445835114,0.048257007729262114,KvasirCVC__kvasir_cju3u39fog1bo0871lxjrabks_positive;KvasirCVC__cvc_444_positive,KvasirCVC__kvasir_cju87vqa0ndwg0850onjdz7ol_negative,KvasirCVC__kvasir_cju2zp89k9q1g0855k1x0f1xa_boundary
PolypGen__C5_EndoCV2021_C5_50000102,0.0027874568477272987,0.025287356227636337,0.02249989937990904,KvasirCVC__kvasir_cju3u39fog1bo0871lxjrabks_positive;KvasirCVC__cvc_444_positive,KvasirCVC__kvasir_cju87vqa0ndwg0850onjdz7ol_negative,KvasirCVC__kvasir_cju2zp89k9q1g0855k1x0f1xa_boundary
PolypGen__C3_C3_EndoCV2021_00389,0.002991772722452879,0.0010188489686697721,-0.001972923753783107,KvasirCVC__kvasir_cju3u39fog1bo0871lxjrabks_positive;KvasirCVC__kvasir_cju33w4sdcivk0855x879zht7_positive,KvasirCVC__kvasir_cju87vqa0ndwg0850onjdz7ol_negative,KvasirCVC__kvasir_cju2zp89k9q1g0855k1x0f1xa_boundary
PolypGen__C2_EndoCV2021_001099,0.003203417407348752,0.436496764421463,0.43329334701411426,KvasirCVC__kvasir_cju3u39fog1bo0871lxjrabks_positive;KvasirCVC__cvc_54_positive,KvasirCVC__cvc_210_negative,KvasirCVC__kvasir_cju2zp89k9q1g0855k1x0f1xa_boundary
PolypGen__C3_C3_EndoCV2021_00158,0.0035128812305629253,0.5426846742630005,0.5391717930324376,KvasirCVC__kvasir_cju3u39fog1bo0871lxjrabks_positive;KvasirCVC__cvc_444_positive,KvasirCVC__kvasir_cju87vqa0ndwg0850onjdz7ol_negative,KvasirCVC__cvc_96_boundary
PolypGen__C1_100S0003,0.003563474863767624,0.005330964457243681,0.001767489593476057,KvasirCVC__kvasir_cju3u39fog1bo0871lxjrabks_positive;KvasirCVC__cvc_444_positive,KvasirCVC__kvasir_cju87vqa0ndwg0850onjdz7ol_negative,KvasirCVC__kvasir_cju2zp89k9q1g0855k1x0f1xa_boundary
PolypGen__C6_EndoCV2021_C6_0100039,0.00416570296511054,0.03331020101904869,0.02914449805393815,KvasirCVC__kvasir_cju3u39fog1bo0871lxjrabks_positive;KvasirCVC__cvc_54_positive,KvasirCVC__kvasir_cju87vqa0ndwg0850onjdz7ol_negative,KvasirCVC__kvasir_cju2zp89k9q1g0855k1x0f1xa_boundary
PolypGen__C3_C3_EndoCV2021_008,0.004735969472676516,0.48666009306907654,0.4819241235964,KvasirCVC__kvasir_cju3u39fog1bo0871lxjrabks_positive;KvasirCVC__kvasir_cju33w4sdcivk0855x879zht7_positive,KvasirCVC__kvasir_cju87vqa0ndwg0850onjdz7ol_negative,KvasirCVC__kvasir_cju2zp89k9q1g0855k1x0f1xa_boundary
PolypGen__C5_EndoCV2021_C5_50000109,0.00502251461148262,0.0045515187084674835,-0.0004709959030151367,KvasirCVC__cvc_54_positive;KvasirCVC__kvasir_cju3u39fog1bo0871lxjrabks_positive,KvasirCVC__cvc_210_negative,KvasirCVC__kvasir_cju43kj2pm34f0850l28ahpni_boundary
PolypGen__C2_EndoCV2021_001357,0.0050400919280946255,0.21619640290737152,0.2111563109792769,KvasirCVC__cvc_54_positive;KvasirCVC__kvasir_cju3u39fog1bo0871lxjrabks_positive,KvasirCVC__cvc_210_negative,KvasirCVC__cvc_154_boundary
PolypGen__C6_EndoCV2021_C6_0100103,0.005805958528071642,9.451796012527325e-10,-0.005805957582892041,KvasirCVC__kvasir_cju3u39fog1bo0871lxjrabks_positive;KvasirCVC__cvc_54_positive,KvasirCVC__cvc_210_negative,KvasirCVC__kvasir_cju0tl3uz8blh0993wxvn7ly3_boundary
PolypGen__C5_EndoCV2021_C5_50000065,0.00619528628885746,3.0581039922594755e-09,-0.006195283230753468,KvasirCVC__kvasir_cju3u39fog1bo0871lxjrabks_positive;KvasirCVC__cvc_54_positive,KvasirCVC__cvc_210_negative,KvasirCVC__kvasir_cju2zp89k9q1g0855k1x0f1xa_boundary
PolypGen__C2_EndoCV2021_001049,0.006566829513758421,0.8369565010070801,0.8303896714933217,KvasirCVC__kvasir_cju3u39fog1bo0871lxjrabks_positive;KvasirCVC__cvc_54_positive,KvasirCVC__cvc_210_negative,KvasirCVC__kvasir_cju43kj2pm34f0850l28ahpni_boundary
PolypGen__C5_EndoCV2021_C5_50000172,0.006629541050642729,2.7129679058823797e-10,-0.006629540779345938,KvasirCVC__kvasir_cju33w4sdcivk0855x879zht7_positive;KvasirCVC__kvasir_cju3u39fog1bo0871lxjrabks_positive,KvasirCVC__kvasir_cju87vqa0ndwg0850onjdz7ol_negative,KvasirCVC__kvasir_cju2zp89k9q1g0855k1x0f1xa_boundary
PolypGen__C4_22_endocv2021_positive_625,0.006731595378369093,4.587155988389213e-09,-0.0067315907912131046,KvasirCVC__kvasir_cju3u39fog1bo0871lxjrabks_positive;KvasirCVC__cvc_444_positive,KvasirCVC__cvc_210_negative,KvasirCVC__kvasir_cju2zp89k9q1g0855k1x0f1xa_boundary
PolypGen__C2_EndoCV2021_001215,0.007559150457382202,0.08786341547966003,0.08030426502227783,KvasirCVC__kvasir_cju3u39fog1bo0871lxjrabks_positive;KvasirCVC__cvc_54_positive,KvasirCVC__cvc_210_negative,KvasirCVC__kvasir_cju2zp89k9q1g0855k1x0f1xa_boundary
PolypGen__C6_EndoCV2021_C6_0100025,0.00761179905384779,0.00761179905384779,0.0,,,
PolypGen__C5_EndoCV2021_C5_50000264,0.0076130470260977745,0.761904776096344,0.7542917290702462,KvasirCVC__kvasir_cju3u39fog1bo0871lxjrabks_positive;KvasirCVC__cvc_444_positive,KvasirCVC__kvasir_cju87vqa0ndwg0850onjdz7ol_negative,KvasirCVC__kvasir_cju2zp89k9q1g0855k1x0f1xa_boundary
PolypGen__C5_EndoCV2021_C5_50000036,0.007674597669392824,0.5887899398803711,0.5811153422109783,KvasirCVC__cvc_54_positive;KvasirCVC__kvasir_cju3u39fog1bo0871lxjrabks_positive,KvasirCVC__cvc_210_negative,KvasirCVC__kvasir_cju2zp89k9q1g0855k1x0f1xa_boundary
PolypGen__C5_EndoCV2021_C5_50000115,0.008194953203201294,0.00036815472412854433,-0.00782679847907275,KvasirCVC__kvasir_cju3u39fog1bo0871lxjrabks_positive;KvasirCVC__cvc_54_positive,KvasirCVC__cvc_210_negative,KvasirCVC__kvasir_cju2zp89k9q1g0855k1x0f1xa_boundary
PolypGen__C1_469OLCV1_100H0006,0.008420119993388653,0.37884077429771423,0.3704206543043256,KvasirCVC__kvasir_cju3u39fog1bo0871lxjrabks_positive;KvasirCVC__cvc_444_positive,KvasirCVC__kvasir_cju87vqa0ndwg0850onjdz7ol_negative,KvasirCVC__kvasir_cju2zp89k9q1g0855k1x0f1xa_boundary
PolypGen__C6_EndoCV2021_C6_0100065,0.008785216137766838,0.11374527215957642,0.10496005602180958,KvasirCVC__kvasir_cju3u39fog1bo0871lxjrabks_positive;KvasirCVC__cvc_54_positive,KvasirCVC__cvc_210_negative,KvasirCVC__kvasir_cju0tl3uz8blh0993wxvn7ly3_boundary
PolypGen__C5_EndoCV2021_C5_50000188,0.00880704540759325,0.5077720284461975,0.49896498303860426,KvasirCVC__kvasir_cju3u39fog1bo0871lxjrabks_positive;KvasirCVC__cvc_54_positive,KvasirCVC__kvasir_cju87vqa0ndwg0850onjdz7ol_negative,KvasirCVC__kvasir_cju2zp89k9q1g0855k1x0f1xa_boundary
PolypGen__C1_195OLCV1_100H0012,0.008949724026024342,0.8918918967247009,0.8829421726986766,KvasirCVC__kvasir_cju3u39fog1bo0871lxjrabks_positive;KvasirCVC__cvc_54_positive,KvasirCVC__cvc_210_negative,KvasirCVC__kvasir_cju2zp89k9q1g0855k1x0f1xa_boundary
PolypGen__C4_6_endocv2021_positive_233,0.009656652808189392,0.010740135796368122,0.00108348298817873,KvasirCVC__kvasir_cju3u39fog1bo0871lxjrabks_positive;KvasirCVC__kvasir_cju33w4sdcivk0855x879zht7_positive,KvasirCVC__kvasir_cju87vqa0ndwg0850onjdz7ol_negative,KvasirCVC__kvasir_cju2zp89k9q1g0855k1x0f1xa_boundary
PolypGen__C5_EndoCV2021_C5_50000186,0.010640623979270458,0.8589743375778198,0.8483337135985494,KvasirCVC__kvasir_cju3u39fog1bo0871lxjrabks_positive;KvasirCVC__cvc_54_positive,KvasirCVC__kvasir_cju87vqa0ndwg0850onjdz7ol_negative,KvasirCVC__kvasir_cju2zp89k9q1g0855k1x0f1xa_boundary
PolypGen__C1_177OLCV1_100H0014,0.010772708803415298,5.274261583032569e-10,-0.01077270827598914,KvasirCVC__kvasir_cju3u39fog1bo0871lxjrabks_positive;KvasirCVC__cvc_444_positive,KvasirCVC__kvasir_cju87vqa0ndwg0850onjdz7ol_negative,KvasirCVC__kvasir_cju2zp89k9q1g0855k1x0f1xa_boundary
PolypGen__C6_EndoCV2021_C6_0100090,0.011227868497371674,0.015264333225786686,0.004036464728415012,KvasirCVC__kvasir_cju3u39fog1bo0871lxjrabks_positive;KvasirCVC__cvc_444_positive,KvasirCVC__kvasir_cju2y5zas8m7f0801d34g5owq_negative,KvasirCVC__cvc_154_boundary
PolypGen__C3_C3_EndoCV2021_00182,0.011531069874763489,0.6310679316520691,0.6195368617773056,KvasirCVC__kvasir_cju3u39fog1bo0871lxjrabks_positive;KvasirCVC__kvasir_cju33w4sdcivk0855x879zht7_positive,KvasirCVC__cvc_210_negative,KvasirCVC__kvasir_cju2zp89k9q1g0855k1x0f1xa_boundary
PolypGen__C2_EndoCV2021_001369,0.011676398105919361,0.023679416626691818,0.012003018520772457,KvasirCVC__kvasir_cju3u39fog1bo0871lxjrabks_positive;KvasirCVC__kvasir_cju33w4sdcivk0855x879zht7_positive,KvasirCVC__kvasir_cju87vqa0ndwg0850onjdz7ol_negative,KvasirCVC__kvasir_cju2zp89k9q1g0855k1x0f1xa_boundary
PolypGen__C5_EndoCV2021_C5_50000267,0.01210186816751957,0.8317757248878479,0.8196738567203283,KvasirCVC__kvasir_cju3u39fog1bo0871lxjrabks_positive;KvasirCVC__cvc_444_positive,KvasirCVC__kvasir_cju87vqa0ndwg0850onjdz7ol_negative,KvasirCVC__kvasir_cju43kj2pm34f0850l28ahpni_boundary
PolypGen__C1_133OLCV1_100H0013,0.012259682640433311,1.9230768089073536e-09,-0.012259680717356503,KvasirCVC__kvasir_cju3u39fog1bo0871lxjrabks_positive;KvasirCVC__cvc_444_positive,KvasirCVC__cvc_210_negative,KvasirCVC__kvasir_cju2zp89k9q1g0855k1x0f1xa_boundary
PolypGen__C1_234OLCV1_100H0020,0.012787212617695332,1.1627906970623769e-10,-0.012787212501416262,KvasirCVC__kvasir_cju3u39fog1bo0871lxjrabks_positive;KvasirCVC__cvc_444_positive,KvasirCVC__kvasir_cju87vqa0ndwg0850onjdz7ol_negative,KvasirCVC__kvasir_cju2zp89k9q1g0855k1x0f1xa_boundary
PolypGen__C2_EndoCV2021_001406,0.012820514850318432,0.00038692212547175586,-0.012433592724846676,KvasirCVC__kvasir_cju3u39fog1bo0871lxjrabks_positive;KvasirCVC__cvc_444_positive,KvasirCVC__kvasir_cju87vqa0ndwg0850onjdz7ol_negative,KvasirCVC__kvasir_cju2zp89k9q1g0855k1x0f1xa_boundary
PolypGen__C3_C3_EndoCV2021_00240,0.013739224523305893,0.1833030879497528,0.16956386342644691,KvasirCVC__kvasir_cju3u39fog1bo0871lxjrabks_positive;KvasirCVC__cvc_444_positive,KvasirCVC__kvasir_cju87vqa0ndwg0850onjdz7ol_negative,KvasirCVC__kvasir_cju2zp89k9q1g0855k1x0f1xa_boundary
PolypGen__C5_EndoCV2021_C5_50000025,0.013775831088423729,0.4928571283817291,0.4790812972933054,KvasirCVC__cvc_54_positive;KvasirCVC__kvasir_cju33w4sdcivk0855x879zht7_positive,KvasirCVC__kvasir_cju87vqa0ndwg0850onjdz7ol_negative,KvasirCVC__kvasir_cju2zp89k9q1g0855k1x0f1xa_boundary
PolypGen__C4_20_endocv2021_positive_708,0.01403902843594551,0.7518796920776367,0.7378406636416912,KvasirCVC__kvasir_cju3u39fog1bo0871lxjrabks_positive;KvasirCVC__cvc_444_positive,KvasirCVC__kvasir_cju87vqa0ndwg0850onjdz7ol_negative,KvasirCVC__kvasir_cju2zp89k9q1g0855k1x0f1xa_boundary
PolypGen__C1_263OLCV1_100H0002,0.016506411135196686,0.04294896125793457,0.026442550122737885,KvasirCVC__kvasir_cju3u39fog1bo0871lxjrabks_positive;KvasirCVC__cvc_444_positive,KvasirCVC__kvasir_cju87vqa0ndwg0850onjdz7ol_negative,KvasirCVC__kvasir_cju2zp89k9q1g0855k1x0f1xa_boundary
PolypGen__C2_EndoCV2021_001383,0.017097264528274536,0.041687849909067154,0.024590585380792618,KvasirCVC__kvasir_cju3u39fog1bo0871lxjrabks_positive;KvasirCVC__cvc_54_positive,KvasirCVC__cvc_210_negative,KvasirCVC__kvasir_cju2zp89k9q1g0855k1x0f1xa_boundary
PolypGen__C1_125OLCV1_100H0003,0.01710427552461624,0.05328115448355675,0.036176878958940506,KvasirCVC__kvasir_cju3u39fog1bo0871lxjrabks_positive;KvasirCVC__cvc_54_positive,KvasirCVC__cvc_210_negative,KvasirCVC__kvasir_cju43kj2pm34f0850l28ahpni_boundary
PolypGen__C1_295OLCV1_100H0008,0.0173049196600914,0.9156469106674194,0.898341991007328,KvasirCVC__kvasir_cju3u39fog1bo0871lxjrabks_positive;KvasirCVC__kvasir_cju33w4sdcivk0855x879zht7_positive,KvasirCVC__kvasir_cju87vqa0ndwg0850onjdz7ol_negative,KvasirCVC__kvasir_cju2zp89k9q1g0855k1x0f1xa_boundary
PolypGen__C3_C3_EndoCV2021_00170,0.01738298311829567,0.014760720543563366,-0.0026222625747323036,KvasirCVC__kvasir_cju3u39fog1bo0871lxjrabks_positive;KvasirCVC__cvc_444_positive,KvasirCVC__kvasir_cju87vqa0ndwg0850onjdz7ol_negative,KvasirCVC__kvasir_cju2zp89k9q1g0855k1x0f1xa_boundary
PolypGen__C1_896OLCV1_100H0044,0.017543861642479897,0.7070063948631287,0.6894625332206488,KvasirCVC__kvasir_cju3u39fog1bo0871lxjrabks_positive;KvasirCVC__cvc_54_positive,KvasirCVC__cvc_210_negative,KvasirCVC__kvasir_cju2zp89k9q1g0855k1x0f1xa_boundary
PolypGen__C1_176OLCV1_100H0889,0.0185108445584774,0.9502129554748535,0.9317021109163761,KvasirCVC__kvasir_cju3u39fog1bo0871lxjrabks_positive;KvasirCVC__cvc_444_positive,KvasirCVC__kvasir_cju87vqa0ndwg0850onjdz7ol_negative,KvasirCVC__kvasir_cju2zp89k9q1g0855k1x0f1xa_boundary
PolypGen__C2_EndoCV2021_001219,0.01862572319805622,0.4281269311904907,0.4095012079924345,KvasirCVC__kvasir_cju3u39fog1bo0871lxjrabks_positive;KvasirCVC__kvasir_cju33w4sdcivk0855x879zht7_positive,KvasirCVC__kvasir_cju87vqa0ndwg0850onjdz7ol_negative,KvasirCVC__kvasir_cju2zp89k9q1g0855k1x0f1xa_boundary
PolypGen__C4_9_endocv2021_positive_650,0.018919743597507477,0.8377763032913208,0.8188565596938133,KvasirCVC__kvasir_cju3u39fog1bo0871lxjrabks_positive;KvasirCVC__cvc_444_positive,KvasirCVC__kvasir_cju87vqa0ndwg0850onjdz7ol_negative,KvasirCVC__kvasir_cju2zp89k9q1g0855k1x0f1xa_boundary
PolypGen__C2_EndoCV2021_001417,0.019083969295024872,0.6518442034721375,0.6327602341771126,KvasirCVC__kvasir_cju3u39fog1bo0871lxjrabks_positive;KvasirCVC__cvc_54_positive,KvasirCVC__kvasir_cju87vqa0ndwg0850onjdz7ol_negative,KvasirCVC__kvasir_cju2zp89k9q1g0855k1x0f1xa_boundary
PolypGen__C3_C3_EndoCV2021_00410,0.01975565403699875,0.07041484862565994,0.050659194588661194,KvasirCVC__kvasir_cju3u39fog1bo0871lxjrabks_positive;KvasirCVC__cvc_444_positive,KvasirCVC__kvasir_cju87vqa0ndwg0850onjdz7ol_negative,KvasirCVC__kvasir_cju2zp89k9q1g0855k1x0f1xa_boundary
PolypGen__C3_C3_EndoCV2021_00111,0.02019464783370495,0.316554456949234,0.29635980911552906,KvasirCVC__kvasir_cju3u39fog1bo0871lxjrabks_positive;KvasirCVC__cvc_54_positive,KvasirCVC__cvc_210_negative,KvasirCVC__kvasir_cju43kj2pm34f0850l28ahpni_boundary
PolypGen__C2_EndoCV2021_001137,0.020275048911571503,3.211303722938652e-10,-0.02027504859044113,KvasirCVC__kvasir_cju3u39fog1bo0871lxjrabks_positive;KvasirCVC__cvc_444_positive,KvasirCVC__kvasir_cju87vqa0ndwg0850onjdz7ol_negative,KvasirCVC__kvasir_cju2zp89k9q1g0855k1x0f1xa_boundary
PolypGen__C3_C3_EndoCV2021_00411,0.020366892218589783,0.8522727489471436,0.8319058567285538,KvasirCVC__kvasir_cju3u39fog1bo0871lxjrabks_positive;KvasirCVC__kvasir_cju33w4sdcivk0855x879zht7_positive,KvasirCVC__kvasir_cju87vqa0ndwg0850onjdz7ol_negative,KvasirCVC__kvasir_cju2zp89k9q1g0855k1x0f1xa_boundary
PolypGen__C6_EndoCV2021_C6_0100114,0.021153846755623817,0.2194174826145172,0.1982636358588934,KvasirCVC__kvasir_cju3u39fog1bo0871lxjrabks_positive;KvasirCVC__cvc_444_positive,KvasirCVC__kvasir_cju87vqa0ndwg0850onjdz7ol_negative,KvasirCVC__kvasir_cju2zp89k9q1g0855k1x0f1xa_boundary
PolypGen__C3_C3_EndoCV2021_00409,0.02164621464908123,0.4226110279560089,0.4009648133069277,KvasirCVC__kvasir_cju3u39fog1bo0871lxjrabks_positive;KvasirCVC__cvc_444_positive,KvasirCVC__kvasir_cju87vqa0ndwg0850onjdz7ol_negative,KvasirCVC__kvasir_cju2zp89k9q1g0855k1x0f1xa_boundary
PolypGen__C4_6_endocv2021_positive_263,0.022416498512029648,0.021953897550702095,-0.0004626009613275528,KvasirCVC__kvasir_cju3u39fog1bo0871lxjrabks_positive;KvasirCVC__cvc_54_positive,KvasirCVC__kvasir_cju87vqa0ndwg0850onjdz7ol_negative,KvasirCVC__kvasir_cju2zp89k9q1g0855k1x0f1xa_boundary
PolypGen__C1_175OLCV1_100H0011,0.022934338077902794,0.46072152256965637,0.4377871844917536,KvasirCVC__kvasir_cju3u39fog1bo0871lxjrabks_positive;KvasirCVC__cvc_444_positive,KvasirCVC__kvasir_cju87vqa0ndwg0850onjdz7ol_negative,KvasirCVC__kvasir_cju2zp89k9q1g0855k1x0f1xa_boundary
PolypGen__C1_374OLCV1_100H0016,0.023032939061522484,0.9488054513931274,0.925772512331605,KvasirCVC__kvasir_cju3u39fog1bo0871lxjrabks_positive;KvasirCVC__kvasir_cju33w4sdcivk0855x879zht7_positive,KvasirCVC__kvasir_cju87vqa0ndwg0850onjdz7ol_negative,KvasirCVC__kvasir_cju2zp89k9q1g0855k1x0f1xa_boundary
PolypGen__C3_C3_EndoCV2021_00464,0.02319801226258278,0.08705547451972961,0.06385746225714684,KvasirCVC__kvasir_cju3u39fog1bo0871lxjrabks_positive;KvasirCVC__kvasir_cju33w4sdcivk0855x879zht7_positive,KvasirCVC__kvasir_cju87vqa0ndwg0850onjdz7ol_negative,KvasirCVC__kvasir_cju2zp89k9q1g0855k1x0f1xa_boundary
PolypGen__C4_10_endocv2021_positive_950,0.023514503613114357,0.027498764917254448,0.003984261304140091,KvasirCVC__kvasir_cju3u39fog1bo0871lxjrabks_positive;KvasirCVC__kvasir_cju33w4sdcivk0855x879zht7_positive,KvasirCVC__kvasir_cju87vqa0ndwg0850onjdz7ol_negative,KvasirCVC__kvasir_cju2zp89k9q1g0855k1x0f1xa_boundary
PolypGen__C3_C3_EndoCV2021_00350,0.024025335907936096,0.06430087983608246,0.04027554392814636,KvasirCVC__kvasir_cju3u39fog1bo0871lxjrabks_positive;KvasirCVC__kvasir_cju33w4sdcivk0855x879zht7_positive,KvasirCVC__cvc_210_negative,KvasirCVC__kvasir_cju2zp89k9q1g0855k1x0f1xa_boundary
PolypGen__C5_EndoCV2021_C5_50000127,0.024051256477832794,0.10648918151855469,0.0824379250407219,KvasirCVC__kvasir_cju3u39fog1bo0871lxjrabks_positive;KvasirCVC__cvc_54_positive,KvasirCVC__kvasir_cju87vqa0ndwg0850onjdz7ol_negative,KvasirCVC__kvasir_cju2zp89k9q1g0855k1x0f1xa_boundary
PolypGen__C1_176OLCV1_100H0126,0.024190297350287437,0.9002557396888733,0.8760654423385859,KvasirCVC__kvasir_cju3u39fog1bo0871lxjrabks_positive;KvasirCVC__cvc_444_positive,KvasirCVC__kvasir_cju87vqa0ndwg0850onjdz7ol_negative,KvasirCVC__kvasir_cju2zp89k9q1g0855k1x0f1xa_boundary
PolypGen__C4_20_endocv2021_positive_782,0.02431151643395424,0.6958250403404236,0.6715135239064693,KvasirCVC__kvasir_cju3u39fog1bo0871lxjrabks_positive;KvasirCVC__kvasir_cju33w4sdcivk0855x879zht7_positive,KvasirCVC__kvasir_cju87vqa0ndwg0850onjdz7ol_negative,KvasirCVC__kvasir_cju2zp89k9q1g0855k1x0f1xa_boundary
PolypGen__C5_EndoCV2021_C5_50000340,0.024872932583093643,0.8614916205406189,0.8366186879575253,KvasirCVC__kvasir_cju3u39fog1bo0871lxjrabks_positive;KvasirCVC__cvc_444_positive,KvasirCVC__cvc_210_negative,KvasirCVC__kvasir_cju2zp89k9q1g0855k1x0f1xa_boundary
PolypGen__C3_C3_EndoCV2021_0039,0.025250326842069626,0.9818503856658936,0.9566000588238239,KvasirCVC__kvasir_cju3u39fog1bo0871lxjrabks_positive;KvasirCVC__cvc_54_positive,KvasirCVC__cvc_210_negative,KvasirCVC__kvasir_cju2zp89k9q1g0855k1x0f1xa_boundary
PolypGen__C2_EndoCV2021_001321,0.025423729792237282,0.9238845109939575,0.8984607812017202,KvasirCVC__kvasir_cju3u39fog1bo0871lxjrabks_positive;KvasirCVC__cvc_54_positive,KvasirCVC__cvc_210_negative,KvasirCVC__kvasir_cju2zp89k9q1g0855k1x0f1xa_boundary
PolypGen__C3_C3_EndoCV2021_00206,0.025737443938851357,0.3269627094268799,0.3012252654880285,KvasirCVC__kvasir_cju3u39fog1bo0871lxjrabks_positive;KvasirCVC__cvc_54_positive,KvasirCVC__cvc_210_negative,KvasirCVC__cvc_96_boundary
PolypGen__C4_6_endocv2021_positive_503,0.026679841801524162,0.016705336049199104,-0.009974505752325058,KvasirCVC__kvasir_cju3u39fog1bo0871lxjrabks_positive;KvasirCVC__kvasir_cju33w4sdcivk0855x879zht7_positive,KvasirCVC__kvasir_cju87vqa0ndwg0850onjdz7ol_negative,KvasirCVC__kvasir_cju2zp89k9q1g0855k1x0f1xa_boundary
PolypGen__C4_6_endocv2021_positive_388,0.028484957292675972,0.01957186497747898,-0.008913092315196991,KvasirCVC__kvasir_cju3u39fog1bo0871lxjrabks_positive;KvasirCVC__kvasir_cju33w4sdcivk0855x879zht7_positive,KvasirCVC__kvasir_cju87vqa0ndwg0850onjdz7ol_negative,KvasirCVC__kvasir_cju2zp89k9q1g0855k1x0f1xa_boundary
PolypGen__C1_434OLCV1_100S0007,0.02864190749824047,3.2786884318625198e-09,-0.02864190421955204,KvasirCVC__cvc_54_positive;KvasirCVC__kvasir_cju3u39fog1bo0871lxjrabks_positive,KvasirCVC__kvasir_cju87vqa0ndwg0850onjdz7ol_negative,KvasirCVC__kvasir_cju2zp89k9q1g0855k1x0f1xa_boundary
PolypGen__C5_EndoCV2021_C5_50000120,0.029044346883893013,0.047586675733327866,0.018542328849434853,KvasirCVC__cvc_444_positive;KvasirCVC__kvasir_cju3u39fog1bo0871lxjrabks_positive,KvasirCVC__kvasir_cju87vqa0ndwg0850onjdz7ol_negative,KvasirCVC__kvasir_cju2zp89k9q1g0855k1x0f1xa_boundary
PolypGen__C1_326OLCV1_100H0006,0.029301075264811516,0.700964629650116,0.6716635543853045,KvasirCVC__kvasir_cju3u39fog1bo0871lxjrabks_positive;KvasirCVC__kvasir_cju33w4sdcivk0855x879zht7_positive,KvasirCVC__kvasir_cju87vqa0ndwg0850onjdz7ol_negative,KvasirCVC__kvasir_cju2zp89k9q1g0855k1x0f1xa_boundary
PolypGen__C1_975OLCV1_100H0014,0.03108740970492363,0.8033613562583923,0.7722739465534687,KvasirCVC__kvasir_cju3u39fog1bo0871lxjrabks_positive;KvasirCVC__cvc_444_positive,KvasirCVC__kvasir_cju87vqa0ndwg0850onjdz7ol_negative,KvasirCVC__kvasir_cju2zp89k9q1g0855k1x0f1xa_boundary
PolypGen__C6_EndoCV2021_C6_0100085,0.031210672110319138,0.7563879489898682,0.725177276879549,KvasirCVC__kvasir_cju3u39fog1bo0871lxjrabks_positive;KvasirCVC__kvasir_cju33w4sdcivk0855x879zht7_positive,KvasirCVC__cvc_210_negative,KvasirCVC__cvc_96_boundary
PolypGen__C3_C3_EndoCV2021_00495,0.03139831870794296,0.8737382292747498,0.8423399105668068,KvasirCVC__kvasir_cju3u39fog1bo0871lxjrabks_positive;KvasirCVC__kvasir_cju33w4sdcivk0855x879zht7_positive,KvasirCVC__kvasir_cju87vqa0ndwg0850onjdz7ol_negative,KvasirCVC__kvasir_cju2zp89k9q1g0855k1x0f1xa_boundary
PolypGen__C3_C3_EndoCV2021_00233,0.03155243396759033,0.6763150691986084,0.6447626352310181,KvasirCVC__kvasir_cju3u39fog1bo0871lxjrabks_positive;KvasirCVC__kvasir_cju33w4sdcivk0855x879zht7_positive,KvasirCVC__kvasir_cju87vqa0ndwg0850onjdz7ol_negative,KvasirCVC__kvasir_cju2zp89k9q1g0855k1x0f1xa_boundary
PolypGen__C2_EndoCV2021_001349,0.03170955926179886,0.9815594553947449,0.949849896132946,KvasirCVC__kvasir_cju3u39fog1bo0871lxjrabks_positive;KvasirCVC__cvc_54_positive,KvasirCVC__cvc_210_negative,KvasirCVC__kvasir_cju2zp89k9q1g0855k1x0f1xa_boundary
PolypGen__C5_EndoCV2021_C5_50000208,0.03215579688549042,0.057041700929403305,0.024885904043912888,KvasirCVC__kvasir_cju3u39fog1bo0871lxjrabks_positive;KvasirCVC__kvasir_cju33w4sdcivk0855x879zht7_positive,KvasirCVC__kvasir_cju87vqa0ndwg0850onjdz7ol_negative,KvasirCVC__kvasir_cju2zp89k9q1g0855k1x0f1xa_boundary
PolypGen__C5_EndoCV2021_C5_50000009,0.03218919411301613,0.03131740912795067,-0.0008717849850654602,KvasirCVC__kvasir_cju3u39fog1bo0871lxjrabks_positive;KvasirCVC__cvc_54_positive,KvasirCVC__kvasir_cju87vqa0ndwg0850onjdz7ol_negative,KvasirCVC__kvasir_cju2zp89k9q1g0855k1x0f1xa_boundary
PolypGen__C4_28_endocv2021_positive_708,0.03227870538830757,0.275987833738327,0.24370912835001945,KvasirCVC__kvasir_cju3u39fog1bo0871lxjrabks_positive;KvasirCVC__kvasir_cju33w4sdcivk0855x879zht7_positive,KvasirCVC__kvasir_cju87vqa0ndwg0850onjdz7ol_negative,KvasirCVC__kvasir_cju2zp89k9q1g0855k1x0f1xa_boundary
PolypGen__C6_EndoCV2021_C6_0100041,0.03315412253141403,0.02101769857108593,-0.012136423960328102,KvasirCVC__kvasir_cju3u39fog1bo0871lxjrabks_positive;KvasirCVC__cvc_444_positive,KvasirCVC__cvc_210_negative,KvasirCVC__kvasir_cju43kj2pm34f0850l28ahpni_boundary
PolypGen__C6_EndoCV2021_C6_0100040,0.033338338136672974,0.2709677517414093,0.23762941360473633,KvasirCVC__kvasir_cju3u39fog1bo0871lxjrabks_positive;KvasirCVC__cvc_54_positive,KvasirCVC__cvc_210_negative,KvasirCVC__kvasir_cju2zp89k9q1g0855k1x0f1xa_boundary
PolypGen__C3_C3_EndoCV2021_00466,0.035777702927589417,0.5584137439727783,0.5226360410451889,KvasirCVC__kvasir_cju3u39fog1bo0871lxjrabks_positive;KvasirCVC__cvc_444_positive,KvasirCVC__kvasir_cju87vqa0ndwg0850onjdz7ol_negative,KvasirCVC__kvasir_cju2zp89k9q1g0855k1x0f1xa_boundary
PolypGen__C1_906OLCV1_100H0002,0.0360693633556366,0.9145299196243286,0.878460556268692,KvasirCVC__kvasir_cju3u39fog1bo0871lxjrabks_positive;KvasirCVC__cvc_54_positive,KvasirCVC__kvasir_cju87vqa0ndwg0850onjdz7ol_negative,KvasirCVC__kvasir_cju2zp89k9q1g0855k1x0f1xa_boundary
PolypGen__C1_718OLCV1_100H0002,0.03655185550451279,0.047627031803131104,0.011075176298618317,KvasirCVC__kvasir_cju3u39fog1bo0871lxjrabks_positive;KvasirCVC__cvc_444_positive,KvasirCVC__kvasir_cju87vqa0ndwg0850onjdz7ol_negative,KvasirCVC__kvasir_cju2zp89k9q1g0855k1x0f1xa_boundary
PolypGen__C3_C3_EndoCV2021_00218,0.03719785809516907,0.9029850959777832,0.8657872378826141,KvasirCVC__kvasir_cju3u39fog1bo0871lxjrabks_positive;KvasirCVC__kvasir_cju33w4sdcivk0855x879zht7_positive,KvasirCVC__kvasir_cju87vqa0ndwg0850onjdz7ol_negative,KvasirCVC__kvasir_cju2zp89k9q1g0855k1x0f1xa_boundary
PolypGen__C2_EndoCV2021_001309,0.04066811874508858,0.9456790089607239,0.9050108902156353,KvasirCVC__kvasir_cju3u39fog1bo0871lxjrabks_positive;KvasirCVC__kvasir_cju33w4sdcivk0855x879zht7_positive,KvasirCVC__kvasir_cju87vqa0ndwg0850onjdz7ol_negative,KvasirCVC__kvasir_cju2zp89k9q1g0855k1x0f1xa_boundary
PolypGen__C4_21_endocv2021_positive_1498,0.041739363223314285,0.9367470145225525,0.8950076512992382,KvasirCVC__kvasir_cju3u39fog1bo0871lxjrabks_positive;KvasirCVC__cvc_444_positive,KvasirCVC__kvasir_cju87vqa0ndwg0850onjdz7ol_negative,KvasirCVC__kvasir_cju2zp89k9q1g0855k1x0f1xa_boundary
PolypGen__C5_EndoCV2021_C5_50000229,0.04192546755075455,0.0016863414784893394,-0.04023912607226521,KvasirCVC__kvasir_cju3u39fog1bo0871lxjrabks_positive;KvasirCVC__cvc_54_positive,KvasirCVC__cvc_210_negative,KvasirCVC__kvasir_cju2zp89k9q1g0855k1x0f1xa_boundary
PolypGen__C1_597OLCV1_100H0044,0.042195338755846024,0.859350860118866,0.8171555213630199,KvasirCVC__kvasir_cju3u39fog1bo0871lxjrabks_positive;KvasirCVC__cvc_54_positive,KvasirCVC__cvc_210_negative,KvasirCVC__kvasir_cju2zp89k9q1g0855k1x0f1xa_boundary
PolypGen__C5_EndoCV2021_C5_50000100,0.04278501123189926,0.05141335353255272,0.008628342300653458,KvasirCVC__kvasir_cju3u39fog1bo0871lxjrabks_positive;KvasirCVC__kvasir_cju33w4sdcivk0855x879zht7_positive,KvasirCVC__kvasir_cju87vqa0ndwg0850onjdz7ol_negative,KvasirCVC__kvasir_cju2zp89k9q1g0855k1x0f1xa_boundary
PolypGen__C6_EndoCV2021_C6_0100077,0.045003630220890045,0.0759083554148674,0.030904725193977356,KvasirCVC__kvasir_cju3u39fog1bo0871lxjrabks_positive;KvasirCVC__cvc_54_positive,KvasirCVC__cvc_210_negative,KvasirCVC__cvc_96_boundary
PolypGen__C3_C3_EndoCV2021_0051,0.04512729123234749,0.964560866355896,0.9194335751235485,KvasirCVC__kvasir_cju3u39fog1bo0871lxjrabks_positive;KvasirCVC__kvasir_cju33w4sdcivk0855x879zht7_positive,KvasirCVC__kvasir_cju87vqa0ndwg0850onjdz7ol_negative,KvasirCVC__kvasir_cju2zp89k9q1g0855k1x0f1xa_boundary
PolypGen__C3_C3_EndoCV2021_00465,0.04578447714447975,0.2982954680919647,0.25251099094748497,KvasirCVC__kvasir_cju3u39fog1bo0871lxjrabks_positive;KvasirCVC__cvc_54_positive,KvasirCVC__cvc_210_negative,KvasirCVC__kvasir_cju2zp89k9q1g0855k1x0f1xa_boundary
PolypGen__C5_EndoCV2021_C5_50000182,0.045966651290655136,0.045925259590148926,-4.139170050621033e-05,KvasirCVC__kvasir_cju3u39fog1bo0871lxjrabks_positive;KvasirCVC__cvc_444_positive,KvasirCVC__kvasir_cju87vqa0ndwg0850onjdz7ol_negative,KvasirCVC__kvasir_cju2zp89k9q1g0855k1x0f1xa_boundary
PolypGen__C4_4_endocv2021_positive_954,0.04726861044764519,0.06637519598007202,0.019106585532426834,KvasirCVC__kvasir_cju3u39fog1bo0871lxjrabks_positive;KvasirCVC__kvasir_cju33w4sdcivk0855x879zht7_positive,KvasirCVC__kvasir_cju87vqa0ndwg0850onjdz7ol_negative,KvasirCVC__kvasir_cju2zp89k9q1g0855k1x0f1xa_boundary
PolypGen__C4_21_endocv2021_positive_829,0.04729374498128891,0.33504432439804077,0.28775057941675186,KvasirCVC__kvasir_cju3u39fog1bo0871lxjrabks_positive;KvasirCVC__cvc_444_positive,KvasirCVC__kvasir_cju87vqa0ndwg0850onjdz7ol_negative,KvasirCVC__kvasir_cju2zp89k9q1g0855k1x0f1xa_boundary
PolypGen__C2_EndoCV2021_001032,0.0476190485060215,0.0476190485060215,0.0,,,
PolypGen__C2_EndoCV2021_001299,0.048841699957847595,0.04829493165016174,-0.000546768307685852,KvasirCVC__kvasir_cju3u39fog1bo0871lxjrabks_positive;KvasirCVC__cvc_54_positive,KvasirCVC__kvasir_cju87vqa0ndwg0850onjdz7ol_negative,KvasirCVC__kvasir_cju2zp89k9q1g0855k1x0f1xa_boundary
PolypGen__C5_EndoCV2021_C5_50000168,0.04921912029385567,0.049207475036382675,-1.1645257472991943e-05,KvasirCVC__kvasir_cju3u39fog1bo0871lxjrabks_positive;KvasirCVC__cvc_444_positive,KvasirCVC__kvasir_cju87vqa0ndwg0850onjdz7ol_negative,KvasirCVC__kvasir_cju2zp89k9q1g0855k1x0f1xa_boundary
PolypGen__C1_553OLCV1_100H0004,0.05181202292442322,0.40971839427948,0.35790637135505676,KvasirCVC__kvasir_cju3u39fog1bo0871lxjrabks_positive;KvasirCVC__cvc_54_positive,KvasirCVC__kvasir_cju87vqa0ndwg0850onjdz7ol_negative,KvasirCVC__kvasir_cju2zp89k9q1g0855k1x0f1xa_boundary
PolypGen__C4_8_endocv2021_positive_1447,0.052022743970155716,0.07638422399759293,0.02436148002743721,KvasirCVC__kvasir_cju3u39fog1bo0871lxjrabks_positive;KvasirCVC__cvc_444_positive,KvasirCVC__kvasir_cju87vqa0ndwg0850onjdz7ol_negative,KvasirCVC__kvasir_cju2zp89k9q1g0855k1x0f1xa_boundary
PolypGen__C2_EndoCV2021_001113,0.052440665662288666,0.8534584045410156,0.801017738878727,KvasirCVC__kvasir_cju3u39fog1bo0871lxjrabks_positive;KvasirCVC__cvc_54_positive,KvasirCVC__cvc_210_negative,KvasirCVC__kvasir_cju2zp89k9q1g0855k1x0f1xa_boundary
PolypGen__C1_376OLCV1_100H0010,0.05342422425746918,0.9542556405067444,0.9008314162492752,KvasirCVC__kvasir_cju3u39fog1bo0871lxjrabks_positive;KvasirCVC__cvc_444_positive,KvasirCVC__kvasir_cju87vqa0ndwg0850onjdz7ol_negative,KvasirCVC__kvasir_cju2zp89k9q1g0855k1x0f1xa_boundary
PolypGen__C5_EndoCV2021_C5_50000319,0.05510968342423439,0.18405215442180634,0.12894247099757195,KvasirCVC__kvasir_cju3u39fog1bo0871lxjrabks_positive;KvasirCVC__kvasir_cju33w4sdcivk0855x879zht7_positive,KvasirCVC__kvasir_cju87vqa0ndwg0850onjdz7ol_negative,KvasirCVC__kvasir_cju2zp89k9q1g0855k1x0f1xa_boundary
PolypGen__C4_9_endocv2021_positive_1269,0.05603925883769989,0.06032551825046539,0.004286259412765503,KvasirCVC__kvasir_cju3u39fog1bo0871lxjrabks_positive;KvasirCVC__cvc_444_positive,KvasirCVC__kvasir_cju87vqa0ndwg0850onjdz7ol_negative,KvasirCVC__kvasir_cju2zp89k9q1g0855k1x0f1xa_boundary
PolypGen__C4_10_endocv2021_positive_1087,0.056159742176532745,0.39086294174194336,0.3347031995654106,KvasirCVC__kvasir_cju3u39fog1bo0871lxjrabks_positive;KvasirCVC__cvc_444_positive,KvasirCVC__kvasir_cju87vqa0ndwg0850onjdz7ol_negative,KvasirCVC__kvasir_cju2zp89k9q1g0855k1x0f1xa_boundary
PolypGen__C5_EndoCV2021_C5_50000098,0.05629171058535576,0.05774955451488495,0.00145784392952919,KvasirCVC__cvc_54_positive;KvasirCVC__kvasir_cju3u39fog1bo0871lxjrabks_positive,KvasirCVC__cvc_210_negative,KvasirCVC__kvasir_cju2zp89k9q1g0855k1x0f1xa_boundary
PolypGen__C5_EndoCV2021_C5_50000125,0.05637212470173836,0.14733466506004333,0.09096254035830498,KvasirCVC__kvasir_cju3u39fog1bo0871lxjrabks_positive;KvasirCVC__cvc_54_positive,KvasirCVC__kvasir_cju87vqa0ndwg0850onjdz7ol_negative,KvasirCVC__kvasir_cju2zp89k9q1g0855k1x0f1xa_boundary
PolypGen__C2_EndoCV2021_001003,0.05672479420900345,0.23260851204395294,0.1758837178349495,KvasirCVC__kvasir_cju3u39fog1bo0871lxjrabks_positive;KvasirCVC__cvc_54_positive,KvasirCVC__cvc_210_negative,KvasirCVC__kvasir_cju2zp89k9q1g0855k1x0f1xa_boundary
PolypGen__C3_C3_EndoCV2021_0028,0.05674406513571739,0.08144360035657883,0.024699535220861435,KvasirCVC__kvasir_cju3u39fog1bo0871lxjrabks_positive;KvasirCVC__kvasir_cju33w4sdcivk0855x879zht7_positive,KvasirCVC__kvasir_cju87vqa0ndwg0850onjdz7ol_negative,KvasirCVC__kvasir_cju2zp89k9q1g0855k1x0f1xa_boundary
PolypGen__C3_C3_EndoCV2021_00427,0.05876591429114342,0.9172837734222412,0.8585178591310978,KvasirCVC__kvasir_cju3u39fog1bo0871lxjrabks_positive;KvasirCVC__cvc_54_positive,KvasirCVC__cvc_210_negative,KvasirCVC__cvc_96_boundary
PolypGen__C4_34_endocv2021_positive_638,0.06060606241226196,0.06474938243627548,0.004143320024013519,KvasirCVC__kvasir_cju3u39fog1bo0871lxjrabks_positive;KvasirCVC__cvc_444_positive,KvasirCVC__kvasir_cju87vqa0ndwg0850onjdz7ol_negative,KvasirCVC__kvasir_cju2zp89k9q1g0855k1x0f1xa_boundary
PolypGen__C4_28_endocv2021_positive_1034,0.06203339248895645,0.2023676633834839,0.14033427089452744,KvasirCVC__kvasir_cju3u39fog1bo0871lxjrabks_positive;KvasirCVC__kvasir_cju33w4sdcivk0855x879zht7_positive,KvasirCVC__kvasir_cju87vqa0ndwg0850onjdz7ol_negative,KvasirCVC__kvasir_cju2zp89k9q1g0855k1x0f1xa_boundary
PolypGen__C1_425OLCV1_100H0018,0.06237244978547096,0.9556451439857483,0.8932726942002773,KvasirCVC__kvasir_cju3u39fog1bo0871lxjrabks_positive;KvasirCVC__cvc_444_positive,KvasirCVC__kvasir_cju87vqa0ndwg0850onjdz7ol_negative,KvasirCVC__kvasir_cju2zp89k9q1g0855k1x0f1xa_boundary
PolypGen__C1_290OLCV1_100H0020,0.06303075700998306,0.32103967666625977,0.2580089196562767,KvasirCVC__kvasir_cju3u39fog1bo0871lxjrabks_positive;KvasirCVC__kvasir_cju33w4sdcivk0855x879zht7_positive,KvasirCVC__kvasir_cju87vqa0ndwg0850onjdz7ol_negative,KvasirCVC__kvasir_cju2zp89k9q1g0855k1x0f1xa_boundary
PolypGen__C4_23_endocv2021_positive_269,0.06339819729328156,0.13137471675872803,0.06797651946544647,KvasirCVC__kvasir_cju3u39fog1bo0871lxjrabks_positive;KvasirCVC__kvasir_cju33w4sdcivk0855x879zht7_positive,KvasirCVC__kvasir_cju87vqa0ndwg0850onjdz7ol_negative,KvasirCVC__kvasir_cju2zp89k9q1g0855k1x0f1xa_boundary
PolypGen__C4_6_endocv2021_positive_335,0.06484352797269821,0.030439386144280434,-0.03440414182841778,KvasirCVC__kvasir_cju3u39fog1bo0871lxjrabks_positive;KvasirCVC__kvasir_cju33w4sdcivk0855x879zht7_positive,KvasirCVC__kvasir_cju87vqa0ndwg0850onjdz7ol_negative,KvasirCVC__kvasir_cju2zp89k9q1g0855k1x0f1xa_boundary
PolypGen__C3_C3_EndoCV2021_00178,0.06508637964725494,0.06561360508203506,0.0005272254347801208,KvasirCVC__kvasir_cju3u39fog1bo0871lxjrabks_positive;KvasirCVC__cvc_444_positive,KvasirCVC__kvasir_cju87vqa0ndwg0850onjdz7ol_negative,KvasirCVC__kvasir_cju2zp89k9q1g0855k1x0f1xa_boundary
PolypGen__C1_100H0050,0.06681327521800995,0.2191876769065857,0.15237440168857574,KvasirCVC__kvasir_cju3u39fog1bo0871lxjrabks_positive;KvasirCVC__kvasir_cju33w4sdcivk0855x879zht7_positive,KvasirCVC__kvasir_cju87vqa0ndwg0850onjdz7ol_negative,KvasirCVC__kvasir_cju2zp89k9q1g0855k1x0f1xa_boundary
PolypGen__C5_EndoCV2021_C5_50000003,0.06736422330141068,0.07058577984571457,0.003221556544303894,KvasirCVC__kvasir_cju3u39fog1bo0871lxjrabks_positive;KvasirCVC__cvc_54_positive,KvasirCVC__cvc_210_negative,KvasirCVC__kvasir_cju2zp89k9q1g0855k1x0f1xa_boundary
PolypGen__C1_370OLCV1_100H0010,0.06796678900718689,1.6556291893010666e-09,-0.0679667873515577,KvasirCVC__cvc_54_positive;KvasirCVC__kvasir_cju3u39fog1bo0871lxjrabks_positive,KvasirCVC__cvc_210_negative,KvasirCVC__kvasir_cju0tl3uz8blh0993wxvn7ly3_boundary
PolypGen__C1_470OLCV1_100H0012,0.06799819320440292,0.9444918632507324,0.8764936700463295,KvasirCVC__kvasir_cju3u39fog1bo0871lxjrabks_positive;KvasirCVC__kvasir_cju33w4sdcivk0855x879zht7_positive,KvasirCVC__kvasir_cju87vqa0ndwg0850onjdz7ol_negative,KvasirCVC__kvasir_cju2zp89k9q1g0855k1x0f1xa_boundary
PolypGen__C2_EndoCV2021_001345,0.06899049133062363,0.0665447860956192,-0.002445705235004425,KvasirCVC__cvc_54_positive;KvasirCVC__kvasir_cju3u39fog1bo0871lxjrabks_positive,KvasirCVC__cvc_210_negative,KvasirCVC__cvc_54_boundary
PolypGen__C1_124OLCV1_100H0004,0.06903127580881119,0.08117198944091797,0.012140713632106781,KvasirCVC__kvasir_cju3u39fog1bo0871lxjrabks_positive;KvasirCVC__cvc_444_positive,KvasirCVC__kvasir_cju87vqa0ndwg0850onjdz7ol_negative,KvasirCVC__kvasir_cju2zp89k9q1g0855k1x0f1xa_boundary
PolypGen__C4_24_endocv2021_positive_1150,0.0692928358912468,0.9359381198883057,0.8666452839970589,KvasirCVC__kvasir_cju3u39fog1bo0871lxjrabks_positive;KvasirCVC__kvasir_cju33w4sdcivk0855x879zht7_positive,KvasirCVC__kvasir_cju87vqa0ndwg0850onjdz7ol_negative,KvasirCVC__kvasir_cju2zp89k9q1g0855k1x0f1xa_boundary
PolypGen__C4_28_endocv2021_positive_1135,0.06974824517965317,0.07035315036773682,0.0006049051880836487,KvasirCVC__kvasir_cju3u39fog1bo0871lxjrabks_positive;KvasirCVC__kvasir_cju33w4sdcivk0855x879zht7_positive,KvasirCVC__kvasir_cju87vqa0ndwg0850onjdz7ol_negative,KvasirCVC__kvasir_cju2zp89k9q1g0855k1x0f1xa_boundary
PolypGen__C4_12_endocv2021_positive_768,0.07049164175987244,0.07241308689117432,0.0019214451313018799,KvasirCVC__kvasir_cju3u39fog1bo0871lxjrabks_positive;KvasirCVC__kvasir_cju33w4sdcivk0855x879zht7_positive,KvasirCVC__kvasir_cju87vqa0ndwg0850onjdz7ol_negative,KvasirCVC__kvasir_cju2zp89k9q1g0855k1x0f1xa_boundary
PolypGen__C4_24_endocv2021_positive_1139,0.0730600655078888,0.353404700756073,0.2803446352481842,KvasirCVC__kvasir_cju3u39fog1bo0871lxjrabks_positive;KvasirCVC__cvc_54_positive,KvasirCVC__kvasir_cju87vqa0ndwg0850onjdz7ol_negative,KvasirCVC__kvasir_cju2zp89k9q1g0855k1x0f1xa_boundary
PolypGen__C5_EndoCV2021_C5_50000141,0.07397918403148651,0.1879139095544815,0.113934725522995,KvasirCVC__kvasir_cju3u39fog1bo0871lxjrabks_positive;KvasirCVC__cvc_54_positive,KvasirCVC__cvc_210_negative,KvasirCVC__kvasir_cju2zp89k9q1g0855k1x0f1xa_boundary
PolypGen__C2_EndoCV2021_001315,0.0766323059797287,0.07497688382863998,-0.0016554221510887146,KvasirCVC__kvasir_cju3u39fog1bo0871lxjrabks_positive;KvasirCVC__cvc_54_positive,KvasirCVC__kvasir_cju87vqa0ndwg0850onjdz7ol_negative,KvasirCVC__kvasir_cju2zp89k9q1g0855k1x0f1xa_boundary
PolypGen__C4_11_endocv2021_positive_900,0.07898184657096863,0.08738869428634644,0.008406847715377808,KvasirCVC__kvasir_cju3u39fog1bo0871lxjrabks_positive;KvasirCVC__kvasir_cju33w4sdcivk0855x879zht7_positive,KvasirCVC__kvasir_cju87vqa0ndwg0850onjdz7ol_negative,KvasirCVC__kvasir_cju2zp89k9q1g0855k1x0f1xa_boundary
PolypGen__C6_EndoCV2021_C6_0100086,0.07993070781230927,0.001247855369001627,-0.07868285244330764,KvasirCVC__cvc_54_positive;KvasirCVC__kvasir_cju3u39fog1bo0871lxjrabks_positive,KvasirCVC__cvc_210_negative,KvasirCVC__cvc_96_boundary
PolypGen__C2_EndoCV2021_001247,0.08048666268587112,0.7622884511947632,0.6818017885088921,KvasirCVC__kvasir_cju3u39fog1bo0871lxjrabks_positive;KvasirCVC__kvasir_cju33w4sdcivk0855x879zht7_positive,KvasirCVC__cvc_210_negative,KvasirCVC__kvasir_cju2zp89k9q1g0855k1x0f1xa_boundary
PolypGen__C3_C3_EndoCV2021_00396,0.08486878871917725,0.0920468345284462,0.007178045809268951,KvasirCVC__kvasir_cju3u39fog1bo0871lxjrabks_positive;KvasirCVC__cvc_54_positive,KvasirCVC__kvasir_cju87vqa0ndwg0850onjdz7ol_negative,KvasirCVC__kvasir_cju2zp89k9q1g0855k1x0f1xa_boundary
PolypGen__C2_EndoCV2021_001420,0.08681461960077286,0.4377897381782532,0.3509751185774803,KvasirCVC__kvasir_cju3u39fog1bo0871lxjrabks_positive;KvasirCVC__cvc_444_positive,KvasirCVC__kvasir_cju87vqa0ndwg0850onjdz7ol_negative,KvasirCVC__kvasir_cju2zp89k9q1g0855k1x0f1xa_boundary
PolypGen__C4_4_endocv2021_positive_1382,0.08722996711730957,0.11603164672851562,0.028801679611206055,KvasirCVC__kvasir_cju3u39fog1bo0871lxjrabks_positive;KvasirCVC__kvasir_cju33w4sdcivk0855x879zht7_positive,KvasirCVC__kvasir_cju87vqa0ndwg0850onjdz7ol_negative,KvasirCVC__kvasir_cju2zp89k9q1g0855k1x0f1xa_boundary
PolypGen__C2_EndoCV2021_001424,0.08830682933330536,0.9545829892158508,0.8662761598825455,KvasirCVC__kvasir_cju3u39fog1bo0871lxjrabks_positive;KvasirCVC__cvc_444_positive,KvasirCVC__kvasir_cju87vqa0ndwg0850onjdz7ol_negative,KvasirCVC__kvasir_cju43kj2pm34f0850l28ahpni_boundary
PolypGen__C5_EndoCV2021_C5_50000026,0.0887409895658493,0.9306759238243103,0.841934934258461,KvasirCVC__kvasir_cju33w4sdcivk0855x879zht7_positive;KvasirCVC__kvasir_cju3u39fog1bo0871lxjrabks_positive,KvasirCVC__kvasir_cju87vqa0ndwg0850onjdz7ol_negative,KvasirCVC__kvasir_cju2zp89k9q1g0855k1x0f1xa_boundary
PolypGen__C5_EndoCV2021_C5_50000128,0.09014484286308289,0.20260165631771088,0.11245681345462799,KvasirCVC__kvasir_cju3u39fog1bo0871lxjrabks_positive;KvasirCVC__cvc_444_positive,KvasirCVC__kvasir_cju87vqa0ndwg0850onjdz7ol_negative,KvasirCVC__kvasir_cju2zp89k9q1g0855k1x0f1xa_boundary
PolypGen__C5_EndoCV2021_C5_50000191,0.09022656083106995,0.4082156717777252,0.3179891109466553,KvasirCVC__kvasir_cju3u39fog1bo0871lxjrabks_positive;KvasirCVC__kvasir_cju33w4sdcivk0855x879zht7_positive,KvasirCVC__kvasir_cju87vqa0ndwg0850onjdz7ol_negative,KvasirCVC__kvasir_cju2zp89k9q1g0855k1x0f1xa_boundary
PolypGen__C4_12_endocv2021_positive_979,0.09052193909883499,0.08994292467832565,-0.0005790144205093384,KvasirCVC__kvasir_cju3u39fog1bo0871lxjrabks_positive;KvasirCVC__cvc_444_positive,KvasirCVC__kvasir_cju87vqa0ndwg0850onjdz7ol_negative,KvasirCVC__kvasir_cju2zp89k9q1g0855k1x0f1xa_boundary
PolypGen__C2_EndoCV2021_001318,0.09140586107969284,0.2528199255466461,0.16141406446695328,KvasirCVC__kvasir_cju3u39fog1bo0871lxjrabks_positive;KvasirCVC__cvc_54_positive,KvasirCVC__kvasir_cju87vqa0ndwg0850onjdz7ol_negative,KvasirCVC__kvasir_cju2zp89k9q1g0855k1x0f1xa_boundary
PolypGen__C3_C3_EndoCV2021_00177,0.09188361465930939,0.3531300127506256,0.2612463980913162,KvasirCVC__kvasir_cju3u39fog1bo0871lxjrabks_positive;KvasirCVC__cvc_444_positive,KvasirCVC__kvasir_cju87vqa0ndwg0850onjdz7ol_negative,KvasirCVC__kvasir_cju2zp89k9q1g0855k1x0f1xa_boundary
PolypGen__C1_127OLCV1_100H0001,0.09197194129228592,0.09872641414403915,0.006754472851753235,KvasirCVC__kvasir_cju3u39fog1bo0871lxjrabks_positive;KvasirCVC__cvc_54_positive,KvasirCVC__kvasir_cju87vqa0ndwg0850onjdz7ol_negative,KvasirCVC__kvasir_cju2zp89k9q1g0855k1x0f1xa_boundary
PolypGen__C4_12_endocv2021_positive_895,0.09221082925796509,0.09100931882858276,-0.0012015104293823242,KvasirCVC__kvasir_cju3u39fog1bo0871lxjrabks_positive;KvasirCVC__cvc_444_positive,KvasirCVC__kvasir_cju87vqa0ndwg0850onjdz7ol_negative,KvasirCVC__kvasir_cju2zp89k9q1g0855k1x0f1xa_boundary
PolypGen__C3_C3_EndoCV2021_00342,0.0926334336400032,0.9742388725280762,0.881605438888073,KvasirCVC__kvasir_cju33w4sdcivk0855x879zht7_positive;KvasirCVC__kvasir_cju3u39fog1bo0871lxjrabks_positive,KvasirCVC__kvasir_cju87vqa0ndwg0850onjdz7ol_negative,KvasirCVC__kvasir_cju2zp89k9q1g0855k1x0f1xa_boundary
PolypGen__C2_EndoCV2021_001086,0.09281767904758453,0.0006223745294846594,-0.09219530451809987,KvasirCVC__kvasir_cju3u39fog1bo0871lxjrabks_positive;KvasirCVC__kvasir_cju33w4sdcivk0855x879zht7_positive,KvasirCVC__kvasir_cju87vqa0ndwg0850onjdz7ol_negative,KvasirCVC__kvasir_cju2zp89k9q1g0855k1x0f1xa_boundary
PolypGen__C3_C3_EndoCV2021_00244,0.09304310381412506,0.09168565273284912,-0.00135745108127594,KvasirCVC__kvasir_cju3u39fog1bo0871lxjrabks_positive;KvasirCVC__cvc_54_positive,KvasirCVC__cvc_210_negative,KvasirCVC__kvasir_cju2zp89k9q1g0855k1x0f1xa_boundary
PolypGen__C3_C3_EndoCV2021_00435,0.09473684430122375,0.09764837473630905,0.0029115304350852966,KvasirCVC__kvasir_cju3u39fog1bo0871lxjrabks_positive;KvasirCVC__cvc_54_positive,KvasirCVC__cvc_210_negative,KvasirCVC__kvasir_cju2zp89k9q1g0855k1x0f1xa_boundary
PolypGen__C4_4_endocv2021_positive_34,0.0949256643652916,8.230452430701973e-10,-0.09492566354224635,KvasirCVC__kvasir_cju3u39fog1bo0871lxjrabks_positive;KvasirCVC__kvasir_cju33w4sdcivk0855x879zht7_positive,KvasirCVC__kvasir_cju87vqa0ndwg0850onjdz7ol_negative,KvasirCVC__kvasir_cju2zp89k9q1g0855k1x0f1xa_boundary
PolypGen__C3_C3_EndoCV2021_0030,0.09521028399467468,0.927979588508606,0.8327693045139313,KvasirCVC__kvasir_cju3u39fog1bo0871lxjrabks_positive;KvasirCVC__cvc_444_positive,KvasirCVC__kvasir_cju87vqa0ndwg0850onjdz7ol_negative,KvasirCVC__kvasir_cju2zp89k9q1g0855k1x0f1xa_boundary
PolypGen__C5_EndoCV2021_C5_50000282,0.09681067615747452,0.9397468566894531,0.8429361805319786,KvasirCVC__kvasir_cju3u39fog1bo0871lxjrabks_positive;KvasirCVC__cvc_444_positive,KvasirCVC__kvasir_cju87vqa0ndwg0850onjdz7ol_negative,KvasirCVC__kvasir_cju2zp89k9q1g0855k1x0f1xa_boundary
PolypGen__C2_EndoCV2021_001119,0.09696969389915466,0.9526315927505493,0.8556618988513947,KvasirCVC__kvasir_cju3u39fog1bo0871lxjrabks_positive;KvasirCVC__kvasir_cju33w4sdcivk0855x879zht7_positive,KvasirCVC__kvasir_cju87vqa0ndwg0850onjdz7ol_negative,KvasirCVC__kvasir_cju2zp89k9q1g0855k1x0f1xa_boundary
PolypGen__C3_C3_EndoCV2021_0048,0.1015188917517662,0.33908629417419434,0.23756740242242813,KvasirCVC__kvasir_cju3u39fog1bo0871lxjrabks_positive;KvasirCVC__kvasir_cju33w4sdcivk0855x879zht7_positive,KvasirCVC__kvasir_cju87vqa0ndwg0850onjdz7ol_negative,KvasirCVC__kvasir_cju2zp89k9q1g0855k1x0f1xa_boundary
PolypGen__C2_EndoCV2021_001133,0.10313598066568375,0.6861435770988464,0.5830075964331627,KvasirCVC__kvasir_cju3u39fog1bo0871lxjrabks_positive;KvasirCVC__cvc_444_positive,KvasirCVC__kvasir_cju87vqa0ndwg0850onjdz7ol_negative,KvasirCVC__kvasir_cju2zp89k9q1g0855k1x0f1xa_boundary
PolypGen__C3_C3_EndoCV2021_00135,0.10425905883312225,0.19366681575775146,0.08940775692462921,KvasirCVC__kvasir_cju3u39fog1bo0871lxjrabks_positive;KvasirCVC__cvc_54_positive,KvasirCVC__cvc_210_negative,KvasirCVC__kvasir_cju2zp89k9q1g0855k1x0f1xa_boundary
PolypGen__C3_C3_EndoCV2021_00221,0.10721011459827423,1.1086473961086085e-09,-0.10721011348962683,KvasirCVC__kvasir_cju3u39fog1bo0871lxjrabks_positive;KvasirCVC__kvasir_cju33w4sdcivk0855x879zht7_positive,KvasirCVC__kvasir_cju87vqa0ndwg0850onjdz7ol_negative,KvasirCVC__kvasir_cju2zp89k9q1g0855k1x0f1xa_boundary
PolypGen__C1_156OLCV1_100H0002,0.11095700412988663,0.9591240882873535,0.8481670841574669,KvasirCVC__kvasir_cju3u39fog1bo0871lxjrabks_positive;KvasirCVC__cvc_444_positive,KvasirCVC__kvasir_cju87vqa0ndwg0850onjdz7ol_negative,KvasirCVC__kvasir_cju2zp89k9q1g0855k1x0f1xa_boundary
PolypGen__C1_459OLCV1_100H0016,0.11376715451478958,0.11580110341310501,0.0020339488983154297,KvasirCVC__kvasir_cju3u39fog1bo0871lxjrabks_positive;KvasirCVC__kvasir_cju33w4sdcivk0855x879zht7_positive,KvasirCVC__cvc_210_negative,KvasirCVC__kvasir_cju2zp89k9q1g0855k1x0f1xa_boundary
PolypGen__C2_EndoCV2021_001017,0.11654244363307953,0.9298952221870422,0.8133527785539627,KvasirCVC__kvasir_cju3u39fog1bo0871lxjrabks_positive;KvasirCVC__cvc_444_positive,KvasirCVC__kvasir_cju87vqa0ndwg0850onjdz7ol_negative,KvasirCVC__kvasir_cju2zp89k9q1g0855k1x0f1xa_boundary
PolypGen__C4_9_endocv2021_positive_729,0.11691922694444656,0.8170212507247925,0.7001020237803459,KvasirCVC__kvasir_cju3u39fog1bo0871lxjrabks_positive;KvasirCVC__cvc_444_positive,KvasirCVC__kvasir_cju87vqa0ndwg0850onjdz7ol_negative,KvasirCVC__kvasir_cju2zp89k9q1g0855k1x0f1xa_boundary
PolypGen__C1_958OLCV1_100H0002,0.11837153881788254,0.07237422466278076,-0.045997314155101776,KvasirCVC__kvasir_cju3u39fog1bo0871lxjrabks_positive;KvasirCVC__kvasir_cju33w4sdcivk0855x879zht7_positive,KvasirCVC__kvasir_cju87vqa0ndwg0850onjdz7ol_negative,KvasirCVC__kvasir_cju2zp89k9q1g0855k1x0f1xa_boundary
PolypGen__C1_333OLCV1_100H0016,0.12141357362270355,0.4303763210773468,0.30896274745464325,KvasirCVC__kvasir_cju3u39fog1bo0871lxjrabks_positive;KvasirCVC__kvasir_cju33w4sdcivk0855x879zht7_positive,KvasirCVC__cvc_210_negative,KvasirCVC__kvasir_cju2zp89k9q1g0855k1x0f1xa_boundary
PolypGen__C1_409OLCV1_100H0010,0.12499156594276428,0.48560860753059387,0.3606170415878296,KvasirCVC__kvasir_cju3u39fog1bo0871lxjrabks_positive;KvasirCVC__cvc_444_positive,KvasirCVC__kvasir_cju87vqa0ndwg0850onjdz7ol_negative,KvasirCVC__kvasir_cju2zp89k9q1g0855k1x0f1xa_boundary
PolypGen__C4_5_endocv2021_positive_970,0.12614259123802185,0.01272264588624239,-0.11341994535177946,KvasirCVC__kvasir_cju3u39fog1bo0871lxjrabks_positive;KvasirCVC__kvasir_cju33w4sdcivk0855x879zht7_positive,KvasirCVC__kvasir_cju87vqa0ndwg0850onjdz7ol_negative,KvasirCVC__kvasir_cju2zp89k9q1g0855k1x0f1xa_boundary
PolypGen__C4_15_endocv2021_positive_1416,0.12679176032543182,0.9274653792381287,0.8006736189126968,KvasirCVC__cvc_54_positive;KvasirCVC__kvasir_cju3u39fog1bo0871lxjrabks_positive,KvasirCVC__cvc_210_negative,KvasirCVC__cvc_54_boundary
PolypGen__C3_C3_EndoCV2021_00102,0.129916712641716,0.92485111951828,0.794934406876564,KvasirCVC__kvasir_cju3u39fog1bo0871lxjrabks_positive;KvasirCVC__kvasir_cju33w4sdcivk0855x879zht7_positive,KvasirCVC__kvasir_cju87vqa0ndwg0850onjdz7ol_negative,KvasirCVC__kvasir_cju2zp89k9q1g0855k1x0f1xa_boundary
PolypGen__C1_590OLCV1_100H0006,0.1318889707326889,0.9439252614974976,0.8120362907648087,KvasirCVC__kvasir_cju3u39fog1bo0871lxjrabks_positive;KvasirCVC__cvc_54_positive,KvasirCVC__cvc_210_negative,KvasirCVC__kvasir_cju2zp89k9q1g0855k1x0f1xa_boundary
PolypGen__C1_413OLCV1_100S0019,0.1322268396615982,0.7765703797340393,0.6443435400724411,KvasirCVC__kvasir_cju3u39fog1bo0871lxjrabks_positive;KvasirCVC__cvc_444_positive,KvasirCVC__kvasir_cju87vqa0ndwg0850onjdz7ol_negative,KvasirCVC__kvasir_cju2zp89k9q1g0855k1x0f1xa_boundary
PolypGen__C1_481OLCV1_100H0004,0.1323472112417221,0.13473111391067505,0.002383902668952942,KvasirCVC__kvasir_cju3u39fog1bo0871lxjrabks_positive;KvasirCVC__kvasir_cju33w4sdcivk0855x879zht7_positive,KvasirCVC__kvasir_cju87vqa0ndwg0850onjdz7ol_negative,KvasirCVC__kvasir_cju2zp89k9q1g0855k1x0f1xa_boundary
PolypGen__C3_C3_EndoCV2021_00341,0.13313783705234528,0.9506658315658569,0.8175279945135117,KvasirCVC__kvasir_cju3u39fog1bo0871lxjrabks_positive;KvasirCVC__kvasir_cju33w4sdcivk0855x879zht7_positive,KvasirCVC__kvasir_cju87vqa0ndwg0850onjdz7ol_negative,KvasirCVC__kvasir_cju2zp89k9q1g0855k1x0f1xa_boundary
PolypGen__C5_EndoCV2021_C5_50000202,0.1336674988269806,0.059058260172605515,-0.07460923865437508,KvasirCVC__kvasir_cju3u39fog1bo0871lxjrabks_positive;KvasirCVC__kvasir_cju33w4sdcivk0855x879zht7_positive,KvasirCVC__kvasir_cju87vqa0ndwg0850onjdz7ol_negative,KvasirCVC__kvasir_cju2zp89k9q1g0855k1x0f1xa_boundary
PolypGen__C6_EndoCV2021_C6_0100042,0.13660618662834167,0.1555866301059723,0.018980443477630615,KvasirCVC__kvasir_cju3u39fog1bo0871lxjrabks_positive;KvasirCVC__cvc_54_positive,KvasirCVC__cvc_210_negative,KvasirCVC__kvasir_cju2zp89k9q1g0855k1x0f1xa_boundary
PolypGen__C5_EndoCV2021_C5_50000024,0.13695234060287476,0.29757413268089294,0.1606217920780182,KvasirCVC__kvasir_cju3u39fog1bo0871lxjrabks_positive;KvasirCVC__kvasir_cju33w4sdcivk0855x879zht7_positive,KvasirCVC__kvasir_cju87vqa0ndwg0850onjdz7ol_negative,KvasirCVC__kvasir_cju2zp89k9q1g0855k1x0f1xa_boundary
PolypGen__C6_EndoCV2021_C6_0100023,0.13762883841991425,0.9505470395088196,0.8129182010889053,KvasirCVC__kvasir_cju3u39fog1bo0871lxjrabks_positive;KvasirCVC__cvc_54_positive,KvasirCVC__kvasir_cju87vqa0ndwg0850onjdz7ol_negative,KvasirCVC__kvasir_cju2zp89k9q1g0855k1x0f1xa_boundary
PolypGen__C5_EndoCV2021_C5_50000209,0.13917884230613708,0.13917884230613708,0.0,,,
PolypGen__C1_530OLCV1_100H0008,0.14156560599803925,0.13704685866832733,-0.004518747329711914,KvasirCVC__kvasir_cju3u39fog1bo0871lxjrabks_positive;KvasirCVC__kvasir_cju33w4sdcivk0855x879zht7_positive,KvasirCVC__kvasir_cju87vqa0ndwg0850onjdz7ol_negative,KvasirCVC__kvasir_cju2zp89k9q1g0855k1x0f1xa_boundary
PolypGen__C6_EndoCV2021_C6_0100001,0.14205607771873474,0.8896734118461609,0.7476173341274261,KvasirCVC__kvasir_cju3u39fog1bo0871lxjrabks_positive;KvasirCVC__cvc_54_positive,KvasirCVC__cvc_210_negative,KvasirCVC__kvasir_cju2zp89k9q1g0855k1x0f1xa_boundary
PolypGen__C2_EndoCV2021_001335,0.14428803324699402,0.14279989898204803,-0.0014881342649459839,KvasirCVC__kvasir_cju3u39fog1bo0871lxjrabks_positive;KvasirCVC__cvc_54_positive,KvasirCVC__cvc_210_negative,KvasirCVC__kvasir_cju2zp89k9q1g0855k1x0f1xa_boundary
PolypGen__C1_333OLCV1_100H0006,0.14436490833759308,0.27410468459129333,0.12973977625370026,KvasirCVC__kvasir_cju3u39fog1bo0871lxjrabks_positive;KvasirCVC__cvc_54_positive,KvasirCVC__kvasir_cju87vqa0ndwg0850onjdz7ol_negative,KvasirCVC__kvasir_cju2zp89k9q1g0855k1x0f1xa_boundary
PolypGen__C1_242OLCV1_100H0012,0.1457214653491974,0.9232780933380127,0.7775566279888153,KvasirCVC__kvasir_cju3u39fog1bo0871lxjrabks_positive;KvasirCVC__kvasir_cju33w4sdcivk0855x879zht7_positive,KvasirCVC__kvasir_cju87vqa0ndwg0850onjdz7ol_negative,KvasirCVC__kvasir_cju2zp89k9q1g0855k1x0f1xa_boundary
PolypGen__C4_34_endocv2021_positive_1030,0.14707070589065552,0.14707070589065552,0.0,,,
PolypGen__C5_EndoCV2021_C5_50000215,0.14747411012649536,0.14747411012649536,0.0,,,
PolypGen__C4_35_endocv2021_negative_1027,0.14772653579711914,2.6659557894603836e-10,-0.14772653553052356,KvasirCVC__kvasir_cju3u39fog1bo0871lxjrabks_positive;KvasirCVC__kvasir_cju33w4sdcivk0855x879zht7_positive,KvasirCVC__kvasir_cju87vqa0ndwg0850onjdz7ol_negative,KvasirCVC__kvasir_cju2zp89k9q1g0855k1x0f1xa_boundary
PolypGen__C4_11_endocv2021_positive_861,0.15021231770515442,0.18786367774009705,0.03765136003494263,KvasirCVC__kvasir_cju3u39fog1bo0871lxjrabks_positive;KvasirCVC__cvc_444_positive,KvasirCVC__kvasir_cju87vqa0ndwg0850onjdz7ol_negative,KvasirCVC__kvasir_cju2zp89k9q1g0855k1x0f1xa_boundary
PolypGen__C3_C3_EndoCV2021_0058,0.1563088446855545,0.2153846174478531,0.059075772762298584,KvasirCVC__kvasir_cju3u39fog1bo0871lxjrabks_positive;KvasirCVC__kvasir_cju33w4sdcivk0855x879zht7_positive,KvasirCVC__cvc_210_negative,KvasirCVC__cvc_96_boundary
PolypGen__C1_177OLCV1_100H0040,0.15777581930160522,0.9103182554244995,0.7525424361228943,KvasirCVC__kvasir_cju3u39fog1bo0871lxjrabks_positive;KvasirCVC__cvc_54_positive,KvasirCVC__cvc_210_negative,KvasirCVC__kvasir_cju2zp89k9q1g0855k1x0f1xa_boundary
PolypGen__C3_C3_EndoCV2021_00468,0.1605243980884552,0.590419590473175,0.42989519238471985,KvasirCVC__kvasir_cju3u39fog1bo0871lxjrabks_positive;KvasirCVC__kvasir_cju33w4sdcivk0855x879zht7_positive,KvasirCVC__kvasir_cju87vqa0ndwg0850onjdz7ol_negative,KvasirCVC__kvasir_cju2zp89k9q1g0855k1x0f1xa_boundary
PolypGen__C1_492OLCV1_100H0016,0.16093789041042328,0.22057710587978363,0.05963921546936035,KvasirCVC__kvasir_cju3u39fog1bo0871lxjrabks_positive;KvasirCVC__kvasir_cju33w4sdcivk0855x879zht7_positive,KvasirCVC__kvasir_cju87vqa0ndwg0850onjdz7ol_negative,KvasirCVC__kvasir_cju2zp89k9q1g0855k1x0f1xa_boundary
PolypGen__C2_EndoCV2021_001425,0.16333816945552826,0.3981328308582306,0.23479466140270233,KvasirCVC__kvasir_cju3u39fog1bo0871lxjrabks_positive;KvasirCVC__cvc_54_positive,KvasirCVC__cvc_210_negative,KvasirCVC__kvasir_cju2zp89k9q1g0855k1x0f1xa_boundary
PolypGen__C3_C3_EndoCV2021_00181,0.1644454151391983,0.16412268579006195,-0.00032272934913635254,KvasirCVC__kvasir_cju3u39fog1bo0871lxjrabks_positive;KvasirCVC__cvc_444_positive,KvasirCVC__kvasir_cju87vqa0ndwg0850onjdz7ol_negative,KvasirCVC__kvasir_cju2zp89k9q1g0855k1x0f1xa_boundary
PolypGen__C3_C3_EndoCV2021_0052,0.16455696523189545,0.7030302882194519,0.5384733229875565,KvasirCVC__kvasir_cju3u39fog1bo0871lxjrabks_positive;KvasirCVC__cvc_444_positive,KvasirCVC__cvc_210_negative,KvasirCVC__kvasir_cju43kj2pm34f0850l28ahpni_boundary
PolypGen__C4_31_endocv2021_positive_1318,0.1712835729122162,0.4309189021587372,0.259635329246521,KvasirCVC__kvasir_cju3u39fog1bo0871lxjrabks_positive;KvasirCVC__kvasir_cju33w4sdcivk0855x879zht7_positive,KvasirCVC__kvasir_cju87vqa0ndwg0850onjdz7ol_negative,KvasirCVC__kvasir_cju2zp89k9q1g0855k1x0f1xa_boundary
PolypGen__C6_EndoCV2021_C6_0100004,0.1762789487838745,0.9454732537269592,0.7691943049430847,KvasirCVC__kvasir_cju3u39fog1bo0871lxjrabks_positive;KvasirCVC__cvc_444_positive,KvasirCVC__kvasir_cju87vqa0ndwg0850onjdz7ol_negative,KvasirCVC__cvc_154_boundary
PolypGen__C5_EndoCV2021_C5_50000372,0.17826935648918152,0.4250480532646179,0.2467786967754364,KvasirCVC__kvasir_cju3u39fog1bo0871lxjrabks_positive;KvasirCVC__kvasir_cju33w4sdcivk0855x879zht7_positive,KvasirCVC__cvc_210_negative,KvasirCVC__kvasir_cju2zp89k9q1g0855k1x0f1xa_boundary
PolypGen__C1_176OLCV1_100H0846,0.17840176820755005,1.7262212492763496e-10,-0.1784017680349279,KvasirCVC__kvasir_cju3u39fog1bo0871lxjrabks_positive;KvasirCVC__cvc_444_positive,KvasirCVC__kvasir_cju87vqa0ndwg0850onjdz7ol_negative,KvasirCVC__kvasir_cju2zp89k9q1g0855k1x0f1xa_boundary
PolypGen__C4_20_endocv2021_positive_994,0.18810182809829712,0.19520875811576843,0.0071069300174713135,KvasirCVC__kvasir_cju3u39fog1bo0871lxjrabks_positive;KvasirCVC__kvasir_cju33w4sdcivk0855x879zht7_positive,KvasirCVC__kvasir_cju87vqa0ndwg0850onjdz7ol_negative,KvasirCVC__kvasir_cju2zp89k9q1g0855k1x0f1xa_boundary
PolypGen__C4_11_endocv2021_positive_948,0.1900479644536972,0.11517005413770676,-0.07487791031599045,KvasirCVC__kvasir_cju3u39fog1bo0871lxjrabks_positive;KvasirCVC__kvasir_cju33w4sdcivk0855x879zht7_positive,KvasirCVC__kvasir_cju87vqa0ndwg0850onjdz7ol_negative,KvasirCVC__kvasir_cju2zp89k9q1g0855k1x0f1xa_boundary
PolypGen__C4_4_endocv2021_positive_1020,0.1914425492286682,0.18169161677360535,-0.009750932455062866,KvasirCVC__kvasir_cju3u39fog1bo0871lxjrabks_positive;KvasirCVC__kvasir_cju33w4sdcivk0855x879zht7_positive,KvasirCVC__kvasir_cju87vqa0ndwg0850onjdz7ol_negative,KvasirCVC__kvasir_cju2zp89k9q1g0855k1x0f1xa_boundary
PolypGen__C1_150OLCV1_100H0016,0.19207683205604553,0.19283480942249298,0.0007579773664474487,KvasirCVC__kvasir_cju3u39fog1bo0871lxjrabks_positive;KvasirCVC__kvasir_cju33w4sdcivk0855x879zht7_positive,KvasirCVC__kvasir_cju87vqa0ndwg0850onjdz7ol_negative,KvasirCVC__kvasir_cju2zp89k9q1g0855k1x0f1xa_boundary
PolypGen__C2_EndoCV2021_001273,0.19541557133197784,0.3962394595146179,0.20082388818264008,KvasirCVC__kvasir_cju3u39fog1bo0871lxjrabks_positive;KvasirCVC__kvasir_cju33w4sdcivk0855x879zht7_positive,KvasirCVC__kvasir_cju87vqa0ndwg0850onjdz7ol_negative,KvasirCVC__kvasir_cju2zp89k9q1g0855k1x0f1xa_boundary
PolypGen__C1_491OLCV1_100H0004,0.1956118941307068,0.4931831657886505,0.2975712716579437,KvasirCVC__kvasir_cju3u39fog1bo0871lxjrabks_positive;KvasirCVC__kvasir_cju33w4sdcivk0855x879zht7_positive,KvasirCVC__cvc_210_negative,KvasirCVC__kvasir_cju2zp89k9q1g0855k1x0f1xa_boundary
PolypGen__C4_11_endocv2021_positive_968,0.19877301156520844,0.11789848655462265,-0.08087452501058578,KvasirCVC__kvasir_cju3u39fog1bo0871lxjrabks_positive;KvasirCVC__kvasir_cju33w4sdcivk0855x879zht7_positive,KvasirCVC__kvasir_cju87vqa0ndwg0850onjdz7ol_negative,KvasirCVC__kvasir_cju2zp89k9q1g0855k1x0f1xa_boundary
PolypGen__C4_10_endocv2021_positive_1006,0.19906920194625854,0.21218961477279663,0.013120412826538086,KvasirCVC__kvasir_cju3u39fog1bo0871lxjrabks_positive;KvasirCVC__cvc_444_positive,KvasirCVC__kvasir_cju87vqa0ndwg0850onjdz7ol_negative,KvasirCVC__kvasir_cju2zp89k9q1g0855k1x0f1xa_boundary
PolypGen__C4_23_endocv2021_positive_310,0.19951239228248596,0.46993210911750793,0.270419716835022,KvasirCVC__kvasir_cju3u39fog1bo0871lxjrabks_positive;KvasirCVC__cvc_444_positive,KvasirCVC__kvasir_cju87vqa0ndwg0850onjdz7ol_negative,KvasirCVC__kvasir_cju2zp89k9q1g0855k1x0f1xa_boundary
PolypGen__C1_711OLCV1_100H0002,0.20050761103630066,7.097232246344731e-10,-0.20050761032657743,KvasirCVC__kvasir_cju3u39fog1bo0871lxjrabks_positive;KvasirCVC__kvasir_cju33w4sdcivk0855x879zht7_positive,KvasirCVC__kvasir_cju87vqa0ndwg0850onjdz7ol_negative,KvasirCVC__kvasir_cju2zp89k9q1g0855k1x0f1xa_boundary
PolypGen__C4_11_endocv2021_positive_976,0.20299813151359558,0.12180180102586746,-0.08119633048772812,KvasirCVC__kvasir_cju3u39fog1bo0871lxjrabks_positive;KvasirCVC__kvasir_cju33w4sdcivk0855x879zht7_positive,KvasirCVC__kvasir_cju87vqa0ndwg0850onjdz7ol_negative,KvasirCVC__kvasir_cju2zp89k9q1g0855k1x0f1xa_boundary
PolypGen__C3_C3_EndoCV2021_00278,0.20565076172351837,0.3497094511985779,0.1440586894750595,KvasirCVC__kvasir_cju3u39fog1bo0871lxjrabks_positive;KvasirCVC__cvc_444_positive,KvasirCVC__kvasir_cju87vqa0ndwg0850onjdz7ol_negative,KvasirCVC__kvasir_cju2zp89k9q1g0855k1x0f1xa_boundary
PolypGen__C4_31_endocv2021_positive_251,0.20571567118167877,0.27869531512260437,0.0729796439409256,KvasirCVC__kvasir_cju3u39fog1bo0871lxjrabks_positive;KvasirCVC__cvc_444_positive,KvasirCVC__kvasir_cju87vqa0ndwg0850onjdz7ol_negative,KvasirCVC__kvasir_cju2zp89k9q1g0855k1x0f1xa_boundary
PolypGen__C4_28_endocv2021_positive_1311,0.21080368757247925,0.21080368757247925,0.0,,,
PolypGen__C3_C3_EndoCV2021_00478,0.21342071890830994,0.2870950400829315,0.07367432117462158,KvasirCVC__kvasir_cju3u39fog1bo0871lxjrabks_positive;KvasirCVC__kvasir_cju33w4sdcivk0855x879zht7_positive,KvasirCVC__kvasir_cju87vqa0ndwg0850onjdz7ol_negative,KvasirCVC__kvasir_cju2zp89k9q1g0855k1x0f1xa_boundary
PolypGen__C5_EndoCV2021_C5_50000359,0.21367359161376953,0.22107969224452972,0.007406100630760193,KvasirCVC__kvasir_cju3u39fog1bo0871lxjrabks_positive;KvasirCVC__cvc_54_positive,KvasirCVC__cvc_210_negative,KvasirCVC__kvasir_cju2zp89k9q1g0855k1x0f1xa_boundary
PolypGen__C4_23_endocv2021_positive_316,0.21574215590953827,0.33196884393692017,0.1162266880273819,KvasirCVC__kvasir_cju3u39fog1bo0871lxjrabks_positive;KvasirCVC__kvasir_cju33w4sdcivk0855x879zht7_positive,KvasirCVC__kvasir_cju87vqa0ndwg0850onjdz7ol_negative,KvasirCVC__kvasir_cju2zp89k9q1g0855k1x0f1xa_boundary
PolypGen__C4_23_endocv2021_positive_440,0.21843820810317993,0.21843820810317993,0.0,,,
PolypGen__C2_EndoCV2021_001109,0.21872659027576447,0.5033556818962097,0.28462909162044525,KvasirCVC__kvasir_cju3u39fog1bo0871lxjrabks_positive;KvasirCVC__cvc_444_positive,KvasirCVC__kvasir_cju87vqa0ndwg0850onjdz7ol_negative,KvasirCVC__kvasir_cju2zp89k9q1g0855k1x0f1xa_boundary
PolypGen__C3_C3_EndoCV2021_00141,0.21886709332466125,0.5687500238418579,0.34988293051719666,KvasirCVC__kvasir_cju3u39fog1bo0871lxjrabks_positive;KvasirCVC__cvc_54_positive,KvasirCVC__cvc_210_negative,KvasirCVC__cvc_96_boundary
PolypGen__C4_20_endocv2021_positive_873,0.21900160610675812,0.2466001808643341,0.02759857475757599,KvasirCVC__kvasir_cju3u39fog1bo0871lxjrabks_positive;KvasirCVC__cvc_444_positive,KvasirCVC__kvasir_cju87vqa0ndwg0850onjdz7ol_negative,KvasirCVC__kvasir_cju2zp89k9q1g0855k1x0f1xa_boundary
PolypGen__C1_887OLCV1_100H0002,0.22056074440479279,0.8028322458267212,0.5822715014219284,KvasirCVC__kvasir_cju3u39fog1bo0871lxjrabks_positive;KvasirCVC__cvc_444_positive,KvasirCVC__kvasir_cju87vqa0ndwg0850onjdz7ol_negative,KvasirCVC__kvasir_cju2zp89k9q1g0855k1x0f1xa_boundary
PolypGen__C5_EndoCV2021_C5_50000348,0.22499999403953552,0.22298850119113922,-0.0020114928483963013,KvasirCVC__kvasir_cju3u39fog1bo0871lxjrabks_positive;KvasirCVC__kvasir_cju33w4sdcivk0855x879zht7_positive,KvasirCVC__cvc_210_negative,KvasirCVC__kvasir_cju2zp89k9q1g0855k1x0f1xa_boundary
PolypGen__C3_C3_EndoCV2021_00366,0.22863876819610596,0.28249818086624146,0.0538594126701355,KvasirCVC__kvasir_cju3u39fog1bo0871lxjrabks_positive;KvasirCVC__cvc_54_positive,KvasirCVC__cvc_210_negative,KvasirCVC__cvc_96_boundary
PolypGen__C6_EndoCV2021_C6_0100110,0.22933129966259003,0.3820926547050476,0.15276135504245758,KvasirCVC__kvasir_cju3u39fog1bo0871lxjrabks_positive;KvasirCVC__cvc_54_positive,KvasirCVC__cvc_210_negative,KvasirCVC__kvasir_cju0tl3uz8blh0993wxvn7ly3_boundary
PolypGen__C1_500OLCV1_100H0008,0.2315770983695984,0.9617646932601929,0.7301875948905945,KvasirCVC__kvasir_cju3u39fog1bo0871lxjrabks_positive;KvasirCVC__kvasir_cju33w4sdcivk0855x879zht7_positive,KvasirCVC__kvasir_cju87vqa0ndwg0850onjdz7ol_negative,KvasirCVC__kvasir_cju2zp89k9q1g0855k1x0f1xa_boundary
PolypGen__C3_C3_EndoCV2021_00202,0.23203915357589722,0.4103505313396454,0.17831137776374817,KvasirCVC__kvasir_cju3u39fog1bo0871lxjrabks_positive;KvasirCVC__cvc_444_positive,KvasirCVC__kvasir_cju87vqa0ndwg0850onjdz7ol_negative,KvasirCVC__kvasir_cju2zp89k9q1g0855k1x0f1xa_boundary
PolypGen__C2_EndoCV2021_001325,0.23225589096546173,0.2748030126094818,0.04254712164402008,KvasirCVC__kvasir_cju3u39fog1bo0871lxjrabks_positive;KvasirCVC__cvc_54_positive,KvasirCVC__cvc_210_negative,KvasirCVC__kvasir_cju2zp89k9q1g0855k1x0f1xa_boundary
PolypGen__C1_419OLCV1_100H0006,0.23473021388053894,0.8756003975868225,0.6408701837062836,KvasirCVC__kvasir_cju3u39fog1bo0871lxjrabks_positive;KvasirCVC__kvasir_cju33w4sdcivk0855x879zht7_positive,KvasirCVC__kvasir_cju87vqa0ndwg0850onjdz7ol_negative,KvasirCVC__kvasir_cju2zp89k9q1g0855k1x0f1xa_boundary
PolypGen__C1_378OLCV1_100H0016,0.23511026799678802,0.7627017498016357,0.5275914818048477,KvasirCVC__kvasir_cju3u39fog1bo0871lxjrabks_positive;KvasirCVC__cvc_444_positive,KvasirCVC__kvasir_cju87vqa0ndwg0850onjdz7ol_negative,KvasirCVC__kvasir_cju2zp89k9q1g0855k1x0f1xa_boundary
PolypGen__C3_C3_EndoCV2021_00374,0.23562152683734894,0.7653213739395142,0.5296998471021652,KvasirCVC__kvasir_cju3u39fog1bo0871lxjrabks_positive;KvasirCVC__kvasir_cju33w4sdcivk0855x879zht7_positive,KvasirCVC__cvc_210_negative,KvasirCVC__kvasir_cju2zp89k9q1g0855k1x0f1xa_boundary
PolypGen__C2_EndoCV2021_001412,0.23742426931858063,0.9646450281143188,0.7272207587957382,KvasirCVC__kvasir_cju3u39fog1bo0871lxjrabks_positive;KvasirCVC__cvc_444_positive,KvasirCVC__kvasir_cju87vqa0ndwg0850onjdz7ol_negative,KvasirCVC__cvc_154_boundary
PolypGen__C3_C3_EndoCV2021_00485,0.24271079897880554,0.24271079897880554,0.0,,,
PolypGen__C1_597OLCV1_100H0032,0.24383196234703064,0.22443737089633942,-0.019394591450691223,KvasirCVC__kvasir_cju3u39fog1bo0871lxjrabks_positive;KvasirCVC__cvc_444_positive,KvasirCVC__kvasir_cju87vqa0ndwg0850onjdz7ol_negative,KvasirCVC__kvasir_cju2zp89k9q1g0855k1x0f1xa_boundary
PolypGen__C4_31_endocv2021_positive_1403,0.24507486820220947,0.2744319438934326,0.029357075691223145,KvasirCVC__kvasir_cju3u39fog1bo0871lxjrabks_positive;KvasirCVC__kvasir_cju33w4sdcivk0855x879zht7_positive,KvasirCVC__kvasir_cju87vqa0ndwg0850onjdz7ol_negative,KvasirCVC__kvasir_cju2zp89k9q1g0855k1x0f1xa_boundary
PolypGen__C2_EndoCV2021_001112,0.25361451506614685,0.9569527506828308,0.703338235616684,KvasirCVC__kvasir_cju3u39fog1bo0871lxjrabks_positive;KvasirCVC__cvc_54_positive,KvasirCVC__cvc_210_negative,KvasirCVC__kvasir_cju2zp89k9q1g0855k1x0f1xa_boundary
PolypGen__C4_24_endocv2021_positive_1074,0.25756436586380005,0.9255834221839905,0.6680190563201904,KvasirCVC__kvasir_cju3u39fog1bo0871lxjrabks_positive;KvasirCVC__cvc_54_positive,KvasirCVC__kvasir_cju87vqa0ndwg0850onjdz7ol_negative,KvasirCVC__kvasir_cju2zp89k9q1g0855k1x0f1xa_boundary
PolypGen__C5_EndoCV2021_C5_50000087,0.26080283522605896,0.9482758641242981,0.6874730288982391,KvasirCVC__kvasir_cju3u39fog1bo0871lxjrabks_positive;KvasirCVC__kvasir_cju33w4sdcivk0855x879zht7_positive,KvasirCVC__kvasir_cju87vqa0ndwg0850onjdz7ol_negative,KvasirCVC__kvasir_cju2zp89k9q1g0855k1x0f1xa_boundary
PolypGen__C4_14_endocv2021_positive_1435,0.26642167568206787,0.5727035403251648,0.3062818646430969,KvasirCVC__kvasir_cju3u39fog1bo0871lxjrabks_positive;KvasirCVC__kvasir_cju33w4sdcivk0855x879zht7_positive,KvasirCVC__kvasir_cju87vqa0ndwg0850onjdz7ol_negative,KvasirCVC__kvasir_cju2zp89k9q1g0855k1x0f1xa_boundary
PolypGen__C1_169OLCV1_100H0007,0.2684069573879242,0.3942505121231079,0.12584355473518372,KvasirCVC__kvasir_cju3u39fog1bo0871lxjrabks_positive;KvasirCVC__kvasir_cju33w4sdcivk0855x879zht7_positive,KvasirCVC__kvasir_cju87vqa0ndwg0850onjdz7ol_negative,KvasirCVC__kvasir_cju2zp89k9q1g0855k1x0f1xa_boundary
PolypGen__C3_C3_EndoCV2021_00454,0.2688782215118408,0.27240461111068726,0.0035263895988464355,KvasirCVC__kvasir_cju3u39fog1bo0871lxjrabks_positive;KvasirCVC__cvc_444_positive,KvasirCVC__cvc_210_negative,KvasirCVC__kvasir_cju2zp89k9q1g0855k1x0f1xa_boundary
PolypGen__C3_C3_EndoCV2021_00398,0.2693813741207123,0.4529991149902344,0.1836177408695221,KvasirCVC__kvasir_cju3u39fog1bo0871lxjrabks_positive;KvasirCVC__cvc_444_positive,KvasirCVC__cvc_210_negative,KvasirCVC__kvasir_cju2zp89k9q1g0855k1x0f1xa_boundary
PolypGen__C2_EndoCV2021_001090,0.2715858519077301,0.2715858519077301,0.0,,,
PolypGen__C4_35_endocv2021_negative_1005,0.27241066098213196,0.24796916544437408,-0.024441495537757874,KvasirCVC__kvasir_cju3u39fog1bo0871lxjrabks_positive;KvasirCVC__kvasir_cju33w4sdcivk0855x879zht7_positive,KvasirCVC__kvasir_cju87vqa0ndwg0850onjdz7ol_negative,KvasirCVC__kvasir_cju2zp89k9q1g0855k1x0f1xa_boundary
PolypGen__C1_963OLCV1_100H0006,0.2728155255317688,0.28829702734947205,0.015481501817703247,KvasirCVC__kvasir_cju3u39fog1bo0871lxjrabks_positive;KvasirCVC__kvasir_cju33w4sdcivk0855x879zht7_positive,KvasirCVC__kvasir_cju87vqa0ndwg0850onjdz7ol_negative,KvasirCVC__kvasir_cju2zp89k9q1g0855k1x0f1xa_boundary
PolypGen__C5_EndoCV2021_C5_50000008,0.27308931946754456,0.22991248965263367,-0.04317682981491089,KvasirCVC__kvasir_cju3u39fog1bo0871lxjrabks_positive;KvasirCVC__cvc_444_positive,KvasirCVC__kvasir_cju87vqa0ndwg0850onjdz7ol_negative,KvasirCVC__kvasir_cju2zp89k9q1g0855k1x0f1xa_boundary
PolypGen__C4_29_endocv2021_positive_471,0.2746617794036865,0.7956687211990356,0.5210069417953491,KvasirCVC__kvasir_cju3u39fog1bo0871lxjrabks_positive;KvasirCVC__kvasir_cju33w4sdcivk0855x879zht7_positive,KvasirCVC__kvasir_cju87vqa0ndwg0850onjdz7ol_negative,KvasirCVC__kvasir_cju2zp89k9q1g0855k1x0f1xa_boundary
PolypGen__C3_C3_EndoCV2021_00169,0.27788910269737244,0.4652014672756195,0.18731236457824707,KvasirCVC__kvasir_cju3u39fog1bo0871lxjrabks_positive;KvasirCVC__cvc_444_positive,KvasirCVC__kvasir_cju87vqa0ndwg0850onjdz7ol_negative,KvasirCVC__kvasir_cju2zp89k9q1g0855k1x0f1xa_boundary
PolypGen__C2_EndoCV2021_001374,0.27795326709747314,0.28440964221954346,0.0064563751220703125,KvasirCVC__kvasir_cju3u39fog1bo0871lxjrabks_positive;KvasirCVC__cvc_444_positive,KvasirCVC__kvasir_cju87vqa0ndwg0850onjdz7ol_negative,KvasirCVC__kvasir_cju2zp89k9q1g0855k1x0f1xa_boundary
PolypGen__C4_19_endocv2021_positive_1496,0.27990618348121643,0.27990618348121643,0.0,,,
PolypGen__C3_C3_EndoCV2021_00229,0.2859470546245575,0.7571743726730347,0.4712273180484772,KvasirCVC__kvasir_cju3u39fog1bo0871lxjrabks_positive;KvasirCVC__cvc_54_positive,KvasirCVC__cvc_210_negative,KvasirCVC__kvasir_cju2zp89k9q1g0855k1x0f1xa_boundary
PolypGen__C3_C3_EndoCV2021_009,0.286920428276062,0.32526451349258423,0.03834408521652222,KvasirCVC__kvasir_cju3u39fog1bo0871lxjrabks_positive;KvasirCVC__kvasir_cju33w4sdcivk0855x879zht7_positive,KvasirCVC__cvc_210_negative,KvasirCVC__kvasir_cju2zp89k9q1g0855k1x0f1xa_boundary
PolypGen__C6_EndoCV2021_C6_0100031,0.28778570890426636,0.3304249942302704,0.04263928532600403,KvasirCVC__cvc_54_positive;KvasirCVC__kvasir_cju3u39fog1bo0871lxjrabks_positive,KvasirCVC__cvc_210_negative,KvasirCVC__cvc_54_boundary
PolypGen__C2_EndoCV2021_001327,0.2896976172924042,0.2896976172924042,0.0,,,
PolypGen__C5_EndoCV2021_C5_50000222,0.2949376404285431,0.16142801940441132,-0.13350962102413177,KvasirCVC__cvc_54_positive;KvasirCVC__kvasir_cju3u39fog1bo0871lxjrabks_positive,KvasirCVC__cvc_210_negative,KvasirCVC__cvc_54_boundary
PolypGen__C1_295OLCV1_100H0004,0.299457848072052,0.4599928855895996,0.1605350375175476,KvasirCVC__kvasir_cju3u39fog1bo0871lxjrabks_positive;KvasirCVC__kvasir_cju33w4sdcivk0855x879zht7_positive,KvasirCVC__kvasir_cju87vqa0ndwg0850onjdz7ol_negative,KvasirCVC__kvasir_cju2zp89k9q1g0855k1x0f1xa_boundary
PolypGen__C3_C3_EndoCV2021_0059,0.30112218856811523,0.2518089711666107,-0.04931321740150452,KvasirCVC__kvasir_cju3u39fog1bo0871lxjrabks_positive;KvasirCVC__cvc_54_positive,KvasirCVC__cvc_210_negative,KvasirCVC__kvasir_cju43kj2pm34f0850l28ahpni_boundary
PolypGen__C5_EndoCV2021_C5_50000232,0.30823424458503723,0.30823424458503723,0.0,,,
PolypGen__C1_419OLCV1_100H0014,0.30985915660858154,0.3158891201019287,0.006029963493347168,KvasirCVC__kvasir_cju3u39fog1bo0871lxjrabks_positive;KvasirCVC__kvasir_cju33w4sdcivk0855x879zht7_positive,KvasirCVC__kvasir_cju87vqa0ndwg0850onjdz7ol_negative,KvasirCVC__kvasir_cju2zp89k9q1g0855k1x0f1xa_boundary
PolypGen__C5_EndoCV2021_C5_50000116,0.31507936120033264,0.25662216544151306,-0.05845719575881958,KvasirCVC__kvasir_cju3u39fog1bo0871lxjrabks_positive;KvasirCVC__cvc_54_positive,KvasirCVC__cvc_210_negative,KvasirCVC__kvasir_cju2zp89k9q1g0855k1x0f1xa_boundary
PolypGen__C5_EndoCV2021_C5_50000224,0.3225208520889282,0.3225208520889282,0.0,,,
PolypGen__C6_EndoCV2021_C6_0100019,0.32573673129081726,0.32195499539375305,-0.003781735897064209,KvasirCVC__kvasir_cju3u39fog1bo0871lxjrabks_positive;KvasirCVC__kvasir_cju33w4sdcivk0855x879zht7_positive,KvasirCVC__kvasir_cju87vqa0ndwg0850onjdz7ol_negative,KvasirCVC__kvasir_cju2zp89k9q1g0855k1x0f1xa_boundary
PolypGen__C6_EndoCV2021_C6_0100018,0.32796144485473633,0.335422158241272,0.0074607133865356445,KvasirCVC__kvasir_cju3u39fog1bo0871lxjrabks_positive;KvasirCVC__cvc_54_positive,KvasirCVC__kvasir_cju87vqa0ndwg0850onjdz7ol_negative,KvasirCVC__kvasir_cju2zp89k9q1g0855k1x0f1xa_boundary
PolypGen__C4_29_endocv2021_positive_738,0.3321053087711334,0.9576359987258911,0.6255306899547577,KvasirCVC__kvasir_cju3u39fog1bo0871lxjrabks_positive;KvasirCVC__cvc_54_positive,KvasirCVC__cvc_210_negative,KvasirCVC__kvasir_cju0tl3uz8blh0993wxvn7ly3_boundary
PolypGen__C2_EndoCV2021_001091,0.33383747935295105,0.33133187890052795,-0.0025056004524230957,KvasirCVC__kvasir_cju3u39fog1bo0871lxjrabks_positive;KvasirCVC__kvasir_cju33w4sdcivk0855x879zht7_positive,KvasirCVC__kvasir_cju87vqa0ndwg0850onjdz7ol_negative,KvasirCVC__kvasir_cju2zp89k9q1g0855k1x0f1xa_boundary
PolypGen__C5_EndoCV2021_C5_50000252,0.3360854685306549,0.5556358098983765,0.21955034136772156,KvasirCVC__kvasir_cju3u39fog1bo0871lxjrabks_positive;KvasirCVC__kvasir_cju33w4sdcivk0855x879zht7_positive,KvasirCVC__kvasir_cju87vqa0ndwg0850onjdz7ol_negative,KvasirCVC__kvasir_cju2zp89k9q1g0855k1x0f1xa_boundary
PolypGen__C3_C3_EndoCV2021_00179,0.34117648005485535,0.4677419364452362,0.12656545639038086,KvasirCVC__cvc_54_positive;KvasirCVC__kvasir_cju3u39fog1bo0871lxjrabks_positive,KvasirCVC__cvc_210_negative,KvasirCVC__kvasir_cju2zp89k9q1g0855k1x0f1xa_boundary
PolypGen__C4_29_endocv2021_positive_606,0.34766697883605957,0.6369710564613342,0.28930407762527466,KvasirCVC__kvasir_cju3u39fog1bo0871lxjrabks_positive;KvasirCVC__kvasir_cju33w4sdcivk0855x879zht7_positive,KvasirCVC__kvasir_cju87vqa0ndwg0850onjdz7ol_negative,KvasirCVC__kvasir_cju2zp89k9q1g0855k1x0f1xa_boundary
PolypGen__C5_EndoCV2021_C5_50000166,0.3481347858905792,3.2819166828623736e-10,-0.3481347855623875,KvasirCVC__kvasir_cju3u39fog1bo0871lxjrabks_positive;KvasirCVC__cvc_444_positive,KvasirCVC__kvasir_cju87vqa0ndwg0850onjdz7ol_negative,KvasirCVC__kvasir_cju2zp89k9q1g0855k1x0f1xa_boundary
PolypGen__C4_25_endocv2021_positive_1037,0.34887459874153137,0.4311557710170746,0.08228117227554321,KvasirCVC__kvasir_cju3u39fog1bo0871lxjrabks_positive;KvasirCVC__kvasir_cju33w4sdcivk0855x879zht7_positive,KvasirCVC__kvasir_cju87vqa0ndwg0850onjdz7ol_negative,KvasirCVC__kvasir_cju2zp89k9q1g0855k1x0f1xa_boundary
PolypGen__C1_177OLCV1_100S0005,0.3499999940395355,0.32750582695007324,-0.02249416708946228,KvasirCVC__kvasir_cju3u39fog1bo0871lxjrabks_positive;KvasirCVC__cvc_444_positive,KvasirCVC__kvasir_cju87vqa0ndwg0850onjdz7ol_negative,KvasirCVC__kvasir_cju2zp89k9q1g0855k1x0f1xa_boundary
PolypGen__C4_14_endocv2021_positive_1266,0.3511720895767212,0.47111430764198303,0.11994221806526184,KvasirCVC__kvasir_cju3u39fog1bo0871lxjrabks_positive;KvasirCVC__kvasir_cju33w4sdcivk0855x879zht7_positive,KvasirCVC__kvasir_cju87vqa0ndwg0850onjdz7ol_negative,KvasirCVC__kvasir_cju2zp89k9q1g0855k1x0f1xa_boundary
PolypGen__C2_EndoCV2021_001073,0.35118186473846436,0.37729981541633606,0.026117950677871704,KvasirCVC__kvasir_cju3u39fog1bo0871lxjrabks_positive;KvasirCVC__cvc_54_positive,KvasirCVC__cvc_210_negative,KvasirCVC__cvc_96_boundary
PolypGen__C3_C3_EndoCV2021_00136,0.3571988642215729,0.5739272236824036,0.2167283594608307,KvasirCVC__kvasir_cju3u39fog1bo0871lxjrabks_positive;KvasirCVC__kvasir_cju33w4sdcivk0855x879zht7_positive,KvasirCVC__cvc_210_negative,KvasirCVC__cvc_96_boundary
PolypGen__C6_EndoCV2021_C6_0100049,0.3577316105365753,0.4522741734981537,0.09454256296157837,KvasirCVC__kvasir_cju3u39fog1bo0871lxjrabks_positive;KvasirCVC__cvc_54_positive,KvasirCVC__cvc_210_negative,KvasirCVC__kvasir_cju0tl3uz8blh0993wxvn7ly3_boundary
PolypGen__C4_9_endocv2021_positive_1006,0.3578912317752838,0.9049549698829651,0.5470637381076813,KvasirCVC__kvasir_cju3u39fog1bo0871lxjrabks_positive;KvasirCVC__cvc_444_positive,KvasirCVC__kvasir_cju2y5zas8m7f0801d34g5owq_negative,KvasirCVC__cvc_154_boundary
PolypGen__C1_422OLCV1_100H0002,0.3597627878189087,0.8284217715263367,0.468658983707428,KvasirCVC__kvasir_cju3u39fog1bo0871lxjrabks_positive;KvasirCVC__cvc_444_positive,KvasirCVC__kvasir_cju87vqa0ndwg0850onjdz7ol_negative,KvasirCVC__kvasir_cju2zp89k9q1g0855k1x0f1xa_boundary
PolypGen__C1_350OLCV1_100H0004,0.3602624237537384,0.3602624237537384,0.0,,,
PolypGen__C1_155OLCV1_100H0010,0.3613312244415283,9.775170672909894e-10,-0.36133122346401125,KvasirCVC__kvasir_cju3u39fog1bo0871lxjrabks_positive;KvasirCVC__cvc_444_positive,KvasirCVC__kvasir_cju87vqa0ndwg0850onjdz7ol_negative,KvasirCVC__kvasir_cju2zp89k9q1g0855k1x0f1xa_boundary
PolypGen__C4_24_endocv2021_positive_801,0.36598023772239685,0.4092693030834198,0.04328906536102295,KvasirCVC__kvasir_cju3u39fog1bo0871lxjrabks_positive;KvasirCVC__kvasir_cju33w4sdcivk0855x879zht7_positive,KvasirCVC__kvasir_cju87vqa0ndwg0850onjdz7ol_negative,KvasirCVC__kvasir_cju2zp89k9q1g0855k1x0f1xa_boundary
PolypGen__C3_C3_EndoCV2021_00154,0.367710143327713,0.5804495811462402,0.21273943781852722,KvasirCVC__kvasir_cju3u39fog1bo0871lxjrabks_positive;KvasirCVC__cvc_444_positive,KvasirCVC__cvc_210_negative,KvasirCVC__kvasir_cju2zp89k9q1g0855k1x0f1xa_boundary
PolypGen__C1_459OLCV1_100H0012,0.37073421478271484,0.8981636166572571,0.5274294018745422,KvasirCVC__kvasir_cju3u39fog1bo0871lxjrabks_positive;KvasirCVC__cvc_54_positive,KvasirCVC__cvc_210_negative,KvasirCVC__kvasir_cju2zp89k9q1g0855k1x0f1xa_boundary
PolypGen__C4_34_endocv2021_positive_432,0.37136930227279663,0.5407066345214844,0.16933733224868774,KvasirCVC__kvasir_cju3u39fog1bo0871lxjrabks_positive;KvasirCVC__cvc_54_positive,KvasirCVC__kvasir_cju87vqa0ndwg0850onjdz7ol_negative,KvasirCVC__kvasir_cju2zp89k9q1g0855k1x0f1xa_boundary
PolypGen__C4_19_endocv2021_positive_1410,0.37438881397247314,0.37827715277671814,0.003888338804244995,KvasirCVC__kvasir_cju3u39fog1bo0871lxjrabks_positive;KvasirCVC__cvc_54_positive,KvasirCVC__cvc_210_negative,KvasirCVC__kvasir_cju2zp89k9q1g0855k1x0f1xa_boundary
PolypGen__C2_EndoCV2021_001386,0.3779527544975281,0.541850209236145,0.16389745473861694,KvasirCVC__kvasir_cju3u39fog1bo0871lxjrabks_positive;KvasirCVC__cvc_54_positive,KvasirCVC__cvc_210_negative,KvasirCVC__kvasir_cju2zp89k9q1g0855k1x0f1xa_boundary
PolypGen__C5_EndoCV2021_C5_50000352,0.3834196925163269,0.3834196925163269,0.0,,,
PolypGen__C4_22_endocv2021_positive_1095,0.3839312493801117,0.9724215865135193,0.5884903371334076,KvasirCVC__kvasir_cju3u39fog1bo0871lxjrabks_positive;KvasirCVC__kvasir_cju33w4sdcivk0855x879zht7_positive,KvasirCVC__kvasir_cju87vqa0ndwg0850onjdz7ol_negative,KvasirCVC__kvasir_cju2zp89k9q1g0855k1x0f1xa_boundary
PolypGen__C3_C3_EndoCV2021_0024,0.3861386179924011,0.3861386179924011,0.0,,,
PolypGen__C3_C3_EndoCV2021_0042,0.38998010754585266,0.38998010754585266,0.0,,,
PolypGen__C4_25_endocv2021_positive_172,0.3910614550113678,0.44995996356010437,0.05889850854873657,KvasirCVC__kvasir_cju3u39fog1bo0871lxjrabks_positive;KvasirCVC__kvasir_cju33w4sdcivk0855x879zht7_positive,KvasirCVC__kvasir_cju87vqa0ndwg0850onjdz7ol_negative,KvasirCVC__kvasir_cju2zp89k9q1g0855k1x0f1xa_boundary
PolypGen__C1_106OLCV1_100H0012,0.39665016531944275,0.8843749761581421,0.48772481083869934,KvasirCVC__kvasir_cju3u39fog1bo0871lxjrabks_positive;KvasirCVC__cvc_444_positive,KvasirCVC__kvasir_cju87vqa0ndwg0850onjdz7ol_negative,KvasirCVC__kvasir_cju2zp89k9q1g0855k1x0f1xa_boundary
PolypGen__C3_C3_EndoCV2021_00489,0.39722222089767456,0.39722222089767456,0.0,,,
PolypGen__C2_EndoCV2021_001156,0.39989861845970154,0.3464203178882599,-0.05347830057144165,KvasirCVC__kvasir_cju3u39fog1bo0871lxjrabks_positive;KvasirCVC__cvc_54_positive,KvasirCVC__kvasir_cju87vqa0ndwg0850onjdz7ol_negative,KvasirCVC__kvasir_cju2zp89k9q1g0855k1x0f1xa_boundary
PolypGen__C4_9_endocv2021_positive_864,0.3999609649181366,0.3999609649181366,0.0,,,
PolypGen__C2_EndoCV2021_001236,0.40128108859062195,0.38361066579818726,-0.017670422792434692,KvasirCVC__kvasir_cju3u39fog1bo0871lxjrabks_positive;KvasirCVC__cvc_54_positive,KvasirCVC__cvc_210_negative,KvasirCVC__cvc_154_boundary
PolypGen__C2_EndoCV2021_001129,0.409030556678772,0.3949238657951355,-0.014106690883636475,KvasirCVC__kvasir_cju3u39fog1bo0871lxjrabks_positive;KvasirCVC__cvc_54_positive,KvasirCVC__cvc_210_negative,KvasirCVC__kvasir_cju2zp89k9q1g0855k1x0f1xa_boundary
PolypGen__C3_C3_EndoCV2021_00490,0.4118993282318115,0.4118993282318115,0.0,,,
PolypGen__C1_596OLCV1_100H0002,0.41346660256385803,0.1836552768945694,-0.22981132566928864,KvasirCVC__kvasir_cju3u39fog1bo0871lxjrabks_positive;KvasirCVC__cvc_444_positive,KvasirCVC__kvasir_cju87vqa0ndwg0850onjdz7ol_negative,KvasirCVC__kvasir_cju2zp89k9q1g0855k1x0f1xa_boundary
PolypGen__C4_19_endocv2021_positive_1307,0.4141414165496826,0.4487837255001068,0.034642308950424194,KvasirCVC__kvasir_cju3u39fog1bo0871lxjrabks_positive;KvasirCVC__kvasir_cju33w4sdcivk0855x879zht7_positive,KvasirCVC__kvasir_cju87vqa0ndwg0850onjdz7ol_negative,KvasirCVC__kvasir_cju2zp89k9q1g0855k1x0f1xa_boundary
PolypGen__C2_EndoCV2021_001192,0.4178221523761749,0.4002990126609802,-0.017523139715194702,KvasirCVC__kvasir_cju3u39fog1bo0871lxjrabks_positive;KvasirCVC__cvc_54_positive,KvasirCVC__cvc_210_negative,KvasirCVC__kvasir_cju43kj2pm34f0850l28ahpni_boundary
PolypGen__C6_EndoCV2021_C6_0100113,0.41951218247413635,0.41951218247413635,0.0,,,
PolypGen__C2_EndoCV2021_001183,0.42444369196891785,0.42575910687446594,0.0013154149055480957,KvasirCVC__kvasir_cju3u39fog1bo0871lxjrabks_positive;KvasirCVC__cvc_54_positive,KvasirCVC__cvc_210_negative,KvasirCVC__kvasir_cju43kj2pm34f0850l28ahpni_boundary
PolypGen__C5_EndoCV2021_C5_50000284,0.42700710892677307,0.3573317229747772,-0.06967538595199585,KvasirCVC__kvasir_cju3u39fog1bo0871lxjrabks_positive;KvasirCVC__kvasir_cju33w4sdcivk0855x879zht7_positive,KvasirCVC__kvasir_cju87vqa0ndwg0850onjdz7ol_negative,KvasirCVC__kvasir_cju2zp89k9q1g0855k1x0f1xa_boundary
PolypGen__C5_EndoCV2021_C5_50000285,0.4274473190307617,0.3582932651042938,-0.0691540539264679,KvasirCVC__kvasir_cju3u39fog1bo0871lxjrabks_positive;KvasirCVC__kvasir_cju33w4sdcivk0855x879zht7_positive,KvasirCVC__kvasir_cju87vqa0ndwg0850onjdz7ol_negative,KvasirCVC__kvasir_cju2zp89k9q1g0855k1x0f1xa_boundary
PolypGen__C3_C3_EndoCV2021_00368,0.42828282713890076,0.42655935883522034,-0.00172346830368042,KvasirCVC__kvasir_cju3u39fog1bo0871lxjrabks_positive;KvasirCVC__cvc_54_positive,KvasirCVC__cvc_210_negative,KvasirCVC__kvasir_cju2zp89k9q1g0855k1x0f1xa_boundary
PolypGen__C5_EndoCV2021_C5_50000082,0.43294915556907654,0.5777553915977478,0.14480623602867126,KvasirCVC__kvasir_cju3u39fog1bo0871lxjrabks_positive;KvasirCVC__kvasir_cju33w4sdcivk0855x879zht7_positive,KvasirCVC__kvasir_cju87vqa0ndwg0850onjdz7ol_negative,KvasirCVC__kvasir_cju2zp89k9q1g0855k1x0f1xa_boundary
PolypGen__C3_C3_EndoCV2021_00245,0.43408647179603577,0.6195838451385498,0.18549737334251404,KvasirCVC__kvasir_cju3u39fog1bo0871lxjrabks_positive;KvasirCVC__kvasir_cju33w4sdcivk0855x879zht7_positive,KvasirCVC__kvasir_cju87vqa0ndwg0850onjdz7ol_negative,KvasirCVC__kvasir_cju2zp89k9q1g0855k1x0f1xa_boundary
PolypGen__C5_EndoCV2021_C5_50000338,0.43428975343704224,0.43428975343704224,0.0,,,
PolypGen__C2_EndoCV2021_001281,0.43971630930900574,0.6065496206283569,0.1668333113193512,KvasirCVC__cvc_54_positive;KvasirCVC__kvasir_cju3u39fog1bo0871lxjrabks_positive,KvasirCVC__kvasir_cju87vqa0ndwg0850onjdz7ol_negative,KvasirCVC__cvc_54_boundary
PolypGen__C1_296OLCV1_100H0008,0.4413239657878876,0.2941538393497467,-0.14717012643814087,KvasirCVC__kvasir_cju3u39fog1bo0871lxjrabks_positive;KvasirCVC__kvasir_cju33w4sdcivk0855x879zht7_positive,KvasirCVC__kvasir_cju87vqa0ndwg0850onjdz7ol_negative,KvasirCVC__kvasir_cju2zp89k9q1g0855k1x0f1xa_boundary
PolypGen__C4_25_endocv2021_positive_761,0.4429456293582916,0.43304067850112915,-0.009904950857162476,KvasirCVC__kvasir_cju3u39fog1bo0871lxjrabks_positive;KvasirCVC__kvasir_cju33w4sdcivk0855x879zht7_positive,KvasirCVC__kvasir_cju87vqa0ndwg0850onjdz7ol_negative,KvasirCVC__kvasir_cju2zp89k9q1g0855k1x0f1xa_boundary
PolypGen__C5_EndoCV2021_C5_50000361,0.4470667541027069,0.4970014989376068,0.0499347448348999,KvasirCVC__kvasir_cju3u39fog1bo0871lxjrabks_positive;KvasirCVC__cvc_444_positive,KvasirCVC__kvasir_cju87vqa0ndwg0850onjdz7ol_negative,KvasirCVC__kvasir_cju2zp89k9q1g0855k1x0f1xa_boundary
PolypGen__C5_EndoCV2021_C5_50000198,0.4483545124530792,0.4483545124530792,0.0,,,
PolypGen__C2_EndoCV2021_001008,0.4495038092136383,0.5178258419036865,0.06832203269004822,KvasirCVC__kvasir_cju3u39fog1bo0871lxjrabks_positive;KvasirCVC__cvc_54_positive,KvasirCVC__cvc_210_negative,KvasirCVC__kvasir_cju2zp89k9q1g0855k1x0f1xa_boundary
PolypGen__C2_EndoCV2021_001382,0.4514435827732086,0.9487179517745972,0.49727436900138855,KvasirCVC__kvasir_cju3u39fog1bo0871lxjrabks_positive;KvasirCVC__cvc_54_positive,KvasirCVC__cvc_210_negative,KvasirCVC__kvasir_cju2zp89k9q1g0855k1x0f1xa_boundary
PolypGen__C4_9_endocv2021_positive_198,0.4533809423446655,0.7513262033462524,0.2979452610015869,KvasirCVC__kvasir_cju3u39fog1bo0871lxjrabks_positive;KvasirCVC__kvasir_cju33w4sdcivk0855x879zht7_positive,KvasirCVC__kvasir_cju87vqa0ndwg0850onjdz7ol_negative,KvasirCVC__kvasir_cju2zp89k9q1g0855k1x0f1xa_boundary
PolypGen__C5_EndoCV2021_C5_50000362,0.4543784558773041,0.4543784558773041,0.0,,,
PolypGen__C3_C3_EndoCV2021_00483,0.45584046840667725,0.45584046840667725,0.0,,,
PolypGen__C3_C3_EndoCV2021_00424,0.4563930928707123,0.4563930928707123,0.0,,,
PolypGen__C4_5_endocv2021_positive_632,0.4575381577014923,0.41529786586761475,-0.042240291833877563,KvasirCVC__kvasir_cju3u39fog1bo0871lxjrabks_positive;KvasirCVC__kvasir_cju33w4sdcivk0855x879zht7_positive,KvasirCVC__kvasir_cju87vqa0ndwg0850onjdz7ol_negative,KvasirCVC__kvasir_cju2zp89k9q1g0855k1x0f1xa_boundary
PolypGen__C5_EndoCV2021_C5_50000193,0.45880237221717834,0.5475960373878479,0.08879366517066956,KvasirCVC__kvasir_cju3u39fog1bo0871lxjrabks_positive;KvasirCVC__cvc_444_positive,KvasirCVC__kvasir_cju87vqa0ndwg0850onjdz7ol_negative,KvasirCVC__kvasir_cju2zp89k9q1g0855k1x0f1xa_boundary
PolypGen__C4_33_endocv2021_positive_1130,0.4597427248954773,0.7532163858413696,0.29347366094589233,KvasirCVC__kvasir_cju3u39fog1bo0871lxjrabks_positive;KvasirCVC__kvasir_cju33w4sdcivk0855x879zht7_positive,KvasirCVC__kvasir_cju87vqa0ndwg0850onjdz7ol_negative,KvasirCVC__kvasir_cju2zp89k9q1g0855k1x0f1xa_boundary
PolypGen__C6_EndoCV2021_C6_0100022,0.46597713232040405,0.46597713232040405,0.0,,,
PolypGen__C4_19_endocv2021_positive_1477,0.4671696126461029,0.4835994243621826,0.016429811716079712,KvasirCVC__kvasir_cju3u39fog1bo0871lxjrabks_positive;KvasirCVC__cvc_444_positive,KvasirCVC__kvasir_cju87vqa0ndwg0850onjdz7ol_negative,KvasirCVC__kvasir_cju2zp89k9q1g0855k1x0f1xa_boundary
PolypGen__C4_9_endocv2021_positive_586,0.4692443013191223,0.527610182762146,0.05836588144302368,KvasirCVC__kvasir_cju3u39fog1bo0871lxjrabks_positive;KvasirCVC__cvc_444_positive,KvasirCVC__kvasir_cju87vqa0ndwg0850onjdz7ol_negative,KvasirCVC__kvasir_cju2zp89k9q1g0855k1x0f1xa_boundary
PolypGen__C5_EndoCV2021_C5_50000327,0.4746376872062683,0.4628099203109741,-0.01182776689529419,KvasirCVC__cvc_444_positive;KvasirCVC__kvasir_cju3u39fog1bo0871lxjrabks_positive,KvasirCVC__kvasir_cju87vqa0ndwg0850onjdz7ol_negative,KvasirCVC__kvasir_cju2zp89k9q1g0855k1x0f1xa_boundary
PolypGen__C1_241OLCV1_100H0002,0.47661852836608887,0.6856908202171326,0.2090722918510437,KvasirCVC__kvasir_cju3u39fog1bo0871lxjrabks_positive;KvasirCVC__kvasir_cju33w4sdcivk0855x879zht7_positive,KvasirCVC__kvasir_cju87vqa0ndwg0850onjdz7ol_negative,KvasirCVC__kvasir_cju2zp89k9q1g0855k1x0f1xa_boundary
PolypGen__C6_EndoCV2021_C6_0100092,0.48235294222831726,0.5596330165863037,0.07728007435798645,KvasirCVC__cvc_54_positive;KvasirCVC__kvasir_cju3u39fog1bo0871lxjrabks_positive,KvasirCVC__cvc_210_negative,KvasirCVC__cvc_54_boundary
PolypGen__C3_C3_EndoCV2021_00277,0.48245614767074585,0.5694785714149475,0.08702242374420166,KvasirCVC__kvasir_cju3u39fog1bo0871lxjrabks_positive;KvasirCVC__cvc_54_positive,KvasirCVC__kvasir_cju87vqa0ndwg0850onjdz7ol_negative,KvasirCVC__kvasir_cju2zp89k9q1g0855k1x0f1xa_boundary
PolypGen__C3_C3_EndoCV2021_00155,0.48876404762268066,0.8322368264198303,0.34347277879714966,KvasirCVC__kvasir_cju3u39fog1bo0871lxjrabks_positive;KvasirCVC__cvc_54_positive,KvasirCVC__kvasir_cju87vqa0ndwg0850onjdz7ol_negative,KvasirCVC__kvasir_cju2zp89k9q1g0855k1x0f1xa_boundary
PolypGen__C6_EndoCV2021_C6_0100028,0.4904153347015381,0.20505012571811676,-0.2853652089834213,KvasirCVC__kvasir_cju33w4sdcivk0855x879zht7_positive;KvasirCVC__cvc_54_positive,KvasirCVC__cvc_210_negative,KvasirCVC__kvasir_cju2zp89k9q1g0855k1x0f1xa_boundary
PolypGen__C5_EndoCV2021_C5_50000214,0.4910522401332855,0.4848484992980957,-0.006203740835189819,KvasirCVC__kvasir_cju3u39fog1bo0871lxjrabks_positive;KvasirCVC__kvasir_cju33w4sdcivk0855x879zht7_positive,KvasirCVC__kvasir_cju87vqa0ndwg0850onjdz7ol_negative,KvasirCVC__kvasir_cju2zp89k9q1g0855k1x0f1xa_boundary
PolypGen__C4_14_endocv2021_positive_902,0.5009884238243103,0.8431240320205688,0.34213560819625854,KvasirCVC__kvasir_cju3u39fog1bo0871lxjrabks_positive;KvasirCVC__kvasir_cju33w4sdcivk0855x879zht7_positive,KvasirCVC__kvasir_cju87vqa0ndwg0850onjdz7ol_negative,KvasirCVC__kvasir_cju2zp89k9q1g0855k1x0f1xa_boundary
PolypGen__C1_278OLCV1_100H0010,0.504320502281189,0.4924471378326416,-0.011873364448547363,KvasirCVC__kvasir_cju3u39fog1bo0871lxjrabks_positive;KvasirCVC__kvasir_cju33w4sdcivk0855x879zht7_positive,KvasirCVC__kvasir_cju87vqa0ndwg0850onjdz7ol_negative,KvasirCVC__kvasir_cju2zp89k9q1g0855k1x0f1xa_boundary
PolypGen__C4_16_endocv2021_positive_711,0.5068702101707458,0.5898268222808838,0.08295661211013794,KvasirCVC__kvasir_cju3u39fog1bo0871lxjrabks_positive;KvasirCVC__cvc_444_positive,KvasirCVC__kvasir_cju87vqa0ndwg0850onjdz7ol_negative,KvasirCVC__kvasir_cju2zp89k9q1g0855k1x0f1xa_boundary
PolypGen__C4_14_endocv2021_positive_519,0.507796585559845,0.7527329325675964,0.24493634700775146,KvasirCVC__kvasir_cju3u39fog1bo0871lxjrabks_positive;KvasirCVC__kvasir_cju33w4sdcivk0855x879zht7_positive,KvasirCVC__kvasir_cju87vqa0ndwg0850onjdz7ol_negative,KvasirCVC__kvasir_cju2zp89k9q1g0855k1x0f1xa_boundary
PolypGen__C3_C3_EndoCV2021_00449,0.5087255239486694,0.5087255239486694,0.0,,,
PolypGen__C1_176OLCV1_100H0089,0.5088907480239868,0.5088907480239868,0.0,,,
PolypGen__C2_EndoCV2021_001306,0.5118698477745056,0.5118698477745056,0.0,,,
PolypGen__C1_535OLCV1_100H0010,0.5119521617889404,0.5119521617889404,0.0,,,
PolypGen__C3_C3_EndoCV2021_00284,0.5124956369400024,0.9635706543922424,0.45107501745224,KvasirCVC__kvasir_cju3u39fog1bo0871lxjrabks_positive;KvasirCVC__cvc_444_positive,KvasirCVC__cvc_210_negative,KvasirCVC__kvasir_cju43kj2pm34f0850l28ahpni_boundary
PolypGen__C5_EndoCV2021_C5_50000371,0.5140061974525452,0.6752336621284485,0.16122746467590332,KvasirCVC__kvasir_cju3u39fog1bo0871lxjrabks_positive;KvasirCVC__kvasir_cju33w4sdcivk0855x879zht7_positive,KvasirCVC__cvc_210_negative,KvasirCVC__cvc_96_boundary
PolypGen__C1_106OLCV1_100H0014,0.5145816206932068,0.5983502268791199,0.08376860618591309,KvasirCVC__kvasir_cju3u39fog1bo0871lxjrabks_positive;KvasirCVC__kvasir_cju33w4sdcivk0855x879zht7_positive,KvasirCVC__kvasir_cju87vqa0ndwg0850onjdz7ol_negative,KvasirCVC__kvasir_cju2zp89k9q1g0855k1x0f1xa_boundary
PolypGen__C5_EndoCV2021_C5_50000181,0.5163934230804443,0.5299860239028931,0.01359260082244873,KvasirCVC__cvc_54_positive;KvasirCVC__kvasir_cju3u39fog1bo0871lxjrabks_positive,KvasirCVC__cvc_210_negative,KvasirCVC__kvasir_cju2zp89k9q1g0855k1x0f1xa_boundary
PolypGen__C1_205OLCV1_100H0004,0.5166981816291809,0.0467475987970829,-0.469950582832098,KvasirCVC__kvasir_cju3u39fog1bo0871lxjrabks_positive;KvasirCVC__cvc_444_positive,KvasirCVC__kvasir_cju87vqa0ndwg0850onjdz7ol_negative,KvasirCVC__kvasir_cju2zp89k9q1g0855k1x0f1xa_boundary
PolypGen__C3_C3_EndoCV2021_00262,0.5167785286903381,0.4308510720729828,-0.08592745661735535,KvasirCVC__kvasir_cju3u39fog1bo0871lxjrabks_positive;KvasirCVC__cvc_54_positive,KvasirCVC__cvc_210_negative,KvasirCVC__kvasir_cju2zp89k9q1g0855k1x0f1xa_boundary
PolypGen__C2_EndoCV2021_001311,0.5196195244789124,0.5196195244789124,0.0,,,
PolypGen__C2_EndoCV2021_001363,0.5239271521568298,0.49297574162483215,-0.03095141053199768,KvasirCVC__kvasir_cju3u39fog1bo0871lxjrabks_positive;KvasirCVC__cvc_444_positive,KvasirCVC__kvasir_cju87vqa0ndwg0850onjdz7ol_negative,KvasirCVC__cvc_154_boundary
PolypGen__C1_186OLCV1_100H0066,0.5240153670310974,0.5240153670310974,0.0,,,
PolypGen__C1_597OLCV1_100H0042,0.5240506529808044,0.5240506529808044,0.0,,,
PolypGen__C5_EndoCV2021_C5_50000369,0.5294482111930847,0.5028333067893982,-0.026614904403686523,KvasirCVC__kvasir_cju3u39fog1bo0871lxjrabks_positive;KvasirCVC__kvasir_cju33w4sdcivk0855x879zht7_positive,KvasirCVC__cvc_210_negative,KvasirCVC__kvasir_cju2zp89k9q1g0855k1x0f1xa_boundary
PolypGen__C2_EndoCV2021_001336,0.5298781394958496,0.4750743508338928,-0.05480378866195679,KvasirCVC__kvasir_cju3u39fog1bo0871lxjrabks_positive;KvasirCVC__cvc_444_positive,KvasirCVC__kvasir_cju87vqa0ndwg0850onjdz7ol_negative,KvasirCVC__kvasir_cju2zp89k9q1g0855k1x0f1xa_boundary
PolypGen__C6_EndoCV2021_C6_0100093,0.5317919254302979,0.6275579929351807,0.09576606750488281,KvasirCVC__cvc_54_positive;KvasirCVC__kvasir_cju3u39fog1bo0871lxjrabks_positive,KvasirCVC__cvc_210_negative,KvasirCVC__cvc_54_boundary
PolypGen__C3_C3_EndoCV2021_00337,0.5321100950241089,0.5377532243728638,0.005643129348754883,KvasirCVC__cvc_54_positive;KvasirCVC__kvasir_cju3u39fog1bo0871lxjrabks_positive,KvasirCVC__cvc_210_negative,KvasirCVC__kvasir_cju2zp89k9q1g0855k1x0f1xa_boundary
PolypGen__C2_EndoCV2021_001322,0.5351239442825317,0.6010709404945374,0.06594699621200562,KvasirCVC__cvc_54_positive;KvasirCVC__kvasir_cju3u39fog1bo0871lxjrabks_positive,KvasirCVC__cvc_210_negative,KvasirCVC__cvc_54_boundary
PolypGen__C4_11_endocv2021_positive_843,0.5351921916007996,0.5308787226676941,-0.004313468933105469,KvasirCVC__kvasir_cju3u39fog1bo0871lxjrabks_positive;KvasirCVC__cvc_54_positive,KvasirCVC__kvasir_cju87vqa0ndwg0850onjdz7ol_negative,KvasirCVC__kvasir_cju2zp89k9q1g0855k1x0f1xa_boundary
PolypGen__C1_422OLCV1_100H0038,0.5397070050239563,0.6194690465927124,0.0797620415687561,KvasirCVC__kvasir_cju3u39fog1bo0871lxjrabks_positive;KvasirCVC__kvasir_cju33w4sdcivk0855x879zht7_positive,KvasirCVC__kvasir_cju87vqa0ndwg0850onjdz7ol_negative,KvasirCVC__kvasir_cju2zp89k9q1g0855k1x0f1xa_boundary
PolypGen__C1_148OLCV1_100H0004,0.5425257682800293,0.41087907552719116,-0.13164669275283813,KvasirCVC__kvasir_cju3u39fog1bo0871lxjrabks_positive;KvasirCVC__kvasir_cju33w4sdcivk0855x879zht7_positive,KvasirCVC__kvasir_cju87vqa0ndwg0850onjdz7ol_negative,KvasirCVC__kvasir_cju2zp89k9q1g0855k1x0f1xa_boundary
PolypGen__C1_186OLCV1_100H0063,0.5460091233253479,0.550561785697937,0.004552662372589111,KvasirCVC__kvasir_cju3u39fog1bo0871lxjrabks_positive;KvasirCVC__cvc_444_positive,KvasirCVC__kvasir_cju87vqa0ndwg0850onjdz7ol_negative,KvasirCVC__kvasir_cju2zp89k9q1g0855k1x0f1xa_boundary
PolypGen__C1_284OLCV1_100H0004,0.5463756322860718,0.94854736328125,0.4021717309951782,KvasirCVC__kvasir_cju3u39fog1bo0871lxjrabks_positive;KvasirCVC__cvc_54_positive,KvasirCVC__kvasir_cju87vqa0ndwg0850onjdz7ol_negative,KvasirCVC__kvasir_cju2zp89k9q1g0855k1x0f1xa_boundary
PolypGen__C5_EndoCV2021_C5_50000337,0.5465627908706665,0.5465627908706665,0.0,,,
PolypGen__C3_C3_EndoCV2021_00417,0.5473984479904175,0.550000011920929,0.0026015639305114746,KvasirCVC__kvasir_cju3u39fog1bo0871lxjrabks_positive;KvasirCVC__kvasir_cju33w4sdcivk0855x879zht7_positive,KvasirCVC__cvc_210_negative,KvasirCVC__kvasir_cju2zp89k9q1g0855k1x0f1xa_boundary
PolypGen__C2_EndoCV2021_001307,0.5478343367576599,0.5478343367576599,0.0,,,
PolypGen__C3_C3_EndoCV2021_00443,0.549733579158783,0.549733579158783,0.0,,,
PolypGen__C5_EndoCV2021_C5_50000028,0.5512700080871582,0.5512700080871582,0.0,,,
PolypGen__C2_EndoCV2021_001024,0.5519017577171326,0.4513567090034485,-0.10054504871368408,KvasirCVC__kvasir_cju3u39fog1bo0871lxjrabks_positive;KvasirCVC__cvc_54_positive,KvasirCVC__kvasir_cju87vqa0ndwg0850onjdz7ol_negative,KvasirCVC__kvasir_cju2zp89k9q1g0855k1x0f1xa_boundary
PolypGen__C6_EndoCV2021_C6_0100076,0.5566452741622925,0.5572562217712402,0.0006109476089477539,KvasirCVC__kvasir_cju3u39fog1bo0871lxjrabks_positive;KvasirCVC__kvasir_cju33w4sdcivk0855x879zht7_positive,KvasirCVC__cvc_210_negative,KvasirCVC__kvasir_cju43kj2pm34f0850l28ahpni_boundary
PolypGen__C5_EndoCV2021_C5_50000027,0.5578250288963318,2.354603179099968e-10,-0.5578250286608715,KvasirCVC__kvasir_cju33w4sdcivk0855x879zht7_positive;KvasirCVC__kvasir_cju3u39fog1bo0871lxjrabks_positive,KvasirCVC__kvasir_cju87vqa0ndwg0850onjdz7ol_negative,KvasirCVC__kvasir_cju2zp89k9q1g0855k1x0f1xa_boundary
PolypGen__C5_EndoCV2021_C5_50000199,0.559656023979187,0.7022821307182312,0.1426261067390442,KvasirCVC__kvasir_cju3u39fog1bo0871lxjrabks_positive;KvasirCVC__cvc_444_positive,KvasirCVC__kvasir_cju87vqa0ndwg0850onjdz7ol_negative,KvasirCVC__kvasir_cju2zp89k9q1g0855k1x0f1xa_boundary
PolypGen__C3_C3_EndoCV2021_00230,0.5674542188644409,0.5858483910560608,0.018394172191619873,KvasirCVC__kvasir_cju3u39fog1bo0871lxjrabks_positive;KvasirCVC__kvasir_cju33w4sdcivk0855x879zht7_positive,KvasirCVC__kvasir_cju87vqa0ndwg0850onjdz7ol_negative,KvasirCVC__kvasir_cju2zp89k9q1g0855k1x0f1xa_boundary
PolypGen__C3_C3_EndoCV2021_00375,0.5679012537002563,0.5679012537002563,0.0,KvasirCVC__kvasir_cju3u39fog1bo0871lxjrabks_positive;KvasirCVC__cvc_54_positive,KvasirCVC__cvc_210_negative,KvasirCVC__kvasir_cju2zp89k9q1g0855k1x0f1xa_boundary
PolypGen__C3_C3_EndoCV2021_0085,0.5681470036506653,0.5669351816177368,-0.0012118220329284668,KvasirCVC__kvasir_cju3u39fog1bo0871lxjrabks_positive;KvasirCVC__kvasir_cju33w4sdcivk0855x879zht7_positive,KvasirCVC__cvc_210_negative,KvasirCVC__kvasir_cju2zp89k9q1g0855k1x0f1xa_boundary
PolypGen__C6_EndoCV2021_C6_0100075,0.5699933171272278,0.5378573536872864,-0.032135963439941406,KvasirCVC__cvc_54_positive;KvasirCVC__kvasir_cju3u39fog1bo0871lxjrabks_positive,KvasirCVC__cvc_210_negative,KvasirCVC__cvc_54_boundary
PolypGen__C4_22_endocv2021_positive_1318,0.5702764987945557,0.6622290015220642,0.09195250272750854,KvasirCVC__kvasir_cju3u39fog1bo0871lxjrabks_positive;KvasirCVC__kvasir_cju33w4sdcivk0855x879zht7_positive,KvasirCVC__kvasir_cju87vqa0ndwg0850onjdz7ol_negative,KvasirCVC__kvasir_cju2zp89k9q1g0855k1x0f1xa_boundary
PolypGen__C3_C3_EndoCV2021_00391,0.5714285969734192,0.720588207244873,0.14915961027145386,KvasirCVC__kvasir_cju3u39fog1bo0871lxjrabks_positive;KvasirCVC__kvasir_cju33w4sdcivk0855x879zht7_positive,KvasirCVC__cvc_210_negative,KvasirCVC__kvasir_cju2zp89k9q1g0855k1x0f1xa_boundary
PolypGen__C1_176OLCV1_100H0255,0.5738182067871094,0.5634833574295044,-0.01033484935760498,KvasirCVC__kvasir_cju3u39fog1bo0871lxjrabks_positive;KvasirCVC__kvasir_cju33w4sdcivk0855x879zht7_positive,KvasirCVC__kvasir_cju87vqa0ndwg0850onjdz7ol_negative,KvasirCVC__kvasir_cju2zp89k9q1g0855k1x0f1xa_boundary
PolypGen__C3_C3_EndoCV2021_0095,0.5764579772949219,0.781333863735199,0.2048758864402771,KvasirCVC__kvasir_cju3u39fog1bo0871lxjrabks_positive;KvasirCVC__cvc_54_positive,KvasirCVC__cvc_210_negative,KvasirCVC__kvasir_cju2zp89k9q1g0855k1x0f1xa_boundary
PolypGen__C4_9_endocv2021_positive_324,0.5785114169120789,0.5706013441085815,-0.007910072803497314,KvasirCVC__kvasir_cju3u39fog1bo0871lxjrabks_positive;KvasirCVC__cvc_444_positive,KvasirCVC__kvasir_cju87vqa0ndwg0850onjdz7ol_negative,KvasirCVC__kvasir_cju2zp89k9q1g0855k1x0f1xa_boundary
PolypGen__C5_EndoCV2021_C5_50000360,0.5788235068321228,0.5788235068321228,0.0,,,
PolypGen__C1_177OLCV1_100H0038,0.5828951001167297,0.6128472089767456,0.02995210886001587,KvasirCVC__cvc_54_positive;KvasirCVC__kvasir_cju33w4sdcivk0855x879zht7_positive,KvasirCVC__kvasir_cju87vqa0ndwg0850onjdz7ol_negative,KvasirCVC__kvasir_cju2zp89k9q1g0855k1x0f1xa_boundary
PolypGen__C5_EndoCV2021_C5_50000240,0.5839670896530151,0.7764087319374084,0.1924416422843933,KvasirCVC__kvasir_cju3u39fog1bo0871lxjrabks_positive;KvasirCVC__kvasir_cju33w4sdcivk0855x879zht7_positive,KvasirCVC__kvasir_cju87vqa0ndwg0850onjdz7ol_negative,KvasirCVC__kvasir_cju2zp89k9q1g0855k1x0f1xa_boundary
PolypGen__C4_5_endocv2021_positive_868,0.5841714143753052,0.6150743365287781,0.0309029221534729,KvasirCVC__kvasir_cju3u39fog1bo0871lxjrabks_positive;KvasirCVC__cvc_444_positive,KvasirCVC__kvasir_cju87vqa0ndwg0850onjdz7ol_negative,KvasirCVC__kvasir_cju2zp89k9q1g0855k1x0f1xa_boundary
PolypGen__C2_EndoCV2021_001348,0.5857428908348083,0.5816643238067627,-0.004078567028045654,KvasirCVC__kvasir_cju3u39fog1bo0871lxjrabks_positive;KvasirCVC__cvc_54_positive,KvasirCVC__cvc_210_negative,KvasirCVC__kvasir_cju2zp89k9q1g0855k1x0f1xa_boundary
PolypGen__C2_EndoCV2021_001324,0.586223304271698,0.5889101624488831,0.0026868581771850586,KvasirCVC__kvasir_cju3u39fog1bo0871lxjrabks_positive;KvasirCVC__kvasir_cju33w4sdcivk0855x879zht7_positive,KvasirCVC__kvasir_cju87vqa0ndwg0850onjdz7ol_negative,KvasirCVC__kvasir_cju2zp89k9q1g0855k1x0f1xa_boundary
PolypGen__C1_667OLCV1_100H0024,0.5874999761581421,0.6159895062446594,0.028489530086517334,KvasirCVC__kvasir_cju3u39fog1bo0871lxjrabks_positive;KvasirCVC__kvasir_cju33w4sdcivk0855x879zht7_positive,KvasirCVC__kvasir_cju87vqa0ndwg0850onjdz7ol_negative,KvasirCVC__kvasir_cju2zp89k9q1g0855k1x0f1xa_boundary
PolypGen__C5_EndoCV2021_C5_50000251,0.5908304452896118,0.5880327224731445,-0.002797722816467285,KvasirCVC__kvasir_cju3u39fog1bo0871lxjrabks_positive;KvasirCVC__kvasir_cju33w4sdcivk0855x879zht7_positive,KvasirCVC__kvasir_cju87vqa0ndwg0850onjdz7ol_negative,KvasirCVC__kvasir_cju2zp89k9q1g0855k1x0f1xa_boundary
PolypGen__C5_EndoCV2021_C5_50000323,0.591928243637085,0.6565656661987305,0.06463742256164551,KvasirCVC__kvasir_cju3u39fog1bo0871lxjrabks_positive;KvasirCVC__kvasir_cju33w4sdcivk0855x879zht7_positive,KvasirCVC__kvasir_cju87vqa0ndwg0850onjdz7ol_negative,KvasirCVC__kvasir_cju2zp89k9q1g0855k1x0f1xa_boundary
PolypGen__C1_204OLCV1_100H0006,0.5927750468254089,0.5879917144775391,-0.004783332347869873,KvasirCVC__kvasir_cju3u39fog1bo0871lxjrabks_positive;KvasirCVC__kvasir_cju33w4sdcivk0855x879zht7_positive,KvasirCVC__kvasir_cju87vqa0ndwg0850onjdz7ol_negative,KvasirCVC__kvasir_cju2zp89k9q1g0855k1x0f1xa_boundary
PolypGen__C3_C3_EndoCV2021_00249,0.5946869850158691,0.7972040772438049,0.2025170922279358,KvasirCVC__kvasir_cju3u39fog1bo0871lxjrabks_positive;KvasirCVC__cvc_54_positive,KvasirCVC__cvc_210_negative,KvasirCVC__kvasir_cju2zp89k9q1g0855k1x0f1xa_boundary
PolypGen__C6_EndoCV2021_C6_0100011,0.5948879718780518,0.5574963688850403,-0.037391602993011475,KvasirCVC__kvasir_cju3u39fog1bo0871lxjrabks_positive;KvasirCVC__kvasir_cju33w4sdcivk0855x879zht7_positive,KvasirCVC__kvasir_cju87vqa0ndwg0850onjdz7ol_negative,KvasirCVC__kvasir_cju2zp89k9q1g0855k1x0f1xa_boundary
PolypGen__C1_742OLCV1_100H0008,0.5953654050827026,0.596802830696106,0.0014374256134033203,KvasirCVC__kvasir_cju3u39fog1bo0871lxjrabks_positive;KvasirCVC__cvc_54_positive,KvasirCVC__cvc_210_negative,KvasirCVC__kvasir_cju43kj2pm34f0850l28ahpni_boundary
PolypGen__C4_9_endocv2021_positive_538,0.5970104336738586,0.6541086435317993,0.057098209857940674,KvasirCVC__kvasir_cju3u39fog1bo0871lxjrabks_positive;KvasirCVC__cvc_444_positive,KvasirCVC__kvasir_cju87vqa0ndwg0850onjdz7ol_negative,KvasirCVC__cvc_154_boundary
PolypGen__C3_C3_EndoCV2021_00283,0.5987299084663391,0.48174095153808594,-0.11698895692825317,KvasirCVC__kvasir_cju3u39fog1bo0871lxjrabks_positive;KvasirCVC__cvc_444_positive,KvasirCVC__cvc_210_negative,KvasirCVC__kvasir_cju43kj2pm34f0850l28ahpni_boundary
PolypGen__C5_EndoCV2021_C5_50000153,0.5988971590995789,0.5988971590995789,0.0,,,
PolypGen__C3_C3_EndoCV2021_00455,0.5994741320610046,0.6218181848526001,0.02234405279159546,KvasirCVC__kvasir_cju3u39fog1bo0871lxjrabks_positive;KvasirCVC__kvasir_cju33w4sdcivk0855x879zht7_positive,KvasirCVC__kvasir_cju87vqa0ndwg0850onjdz7ol_negative,KvasirCVC__kvasir_cju2zp89k9q1g0855k1x0f1xa_boundary
PolypGen__C4_9_endocv2021_positive_457,0.6001940369606018,0.5835866332054138,-0.01660740375518799,KvasirCVC__kvasir_cju3u39fog1bo0871lxjrabks_positive;KvasirCVC__cvc_444_positive,KvasirCVC__kvasir_cju87vqa0ndwg0850onjdz7ol_negative,KvasirCVC__kvasir_cju2zp89k9q1g0855k1x0f1xa_boundary
PolypGen__C4_28_endocv2021_positive_1342,0.6010382771492004,0.6010382771492004,0.0,,,
PolypGen__C3_C3_EndoCV2021_00351,0.6030257344245911,0.6585446000099182,0.05551886558532715,KvasirCVC__kvasir_cju3u39fog1bo0871lxjrabks_positive;KvasirCVC__cvc_444_positive,KvasirCVC__cvc_210_negative,KvasirCVC__kvasir_cju43kj2pm34f0850l28ahpni_boundary
PolypGen__C3_C3_EndoCV2021_00152,0.6077032685279846,0.6059532165527344,-0.0017500519752502441,KvasirCVC__kvasir_cju3u39fog1bo0871lxjrabks_positive;KvasirCVC__cvc_54_positive,KvasirCVC__cvc_210_negative,KvasirCVC__cvc_96_boundary
PolypGen__C1_419OLCV1_100H0020,0.6099223494529724,0.6035317778587341,-0.006390571594238281,KvasirCVC__kvasir_cju3u39fog1bo0871lxjrabks_positive;KvasirCVC__cvc_444_positive,KvasirCVC__kvasir_cju87vqa0ndwg0850onjdz7ol_negative,KvasirCVC__kvasir_cju2zp89k9q1g0855k1x0f1xa_boundary
PolypGen__C5_EndoCV2021_C5_50000196,0.6154412627220154,0.6154412627220154,0.0,,,
PolypGen__C3_C3_EndoCV2021_0032,0.6159036159515381,0.6273745894432068,0.011470973491668701,KvasirCVC__kvasir_cju3u39fog1bo0871lxjrabks_positive;KvasirCVC__kvasir_cju33w4sdcivk0855x879zht7_positive,KvasirCVC__kvasir_cju87vqa0ndwg0850onjdz7ol_negative,KvasirCVC__kvasir_cju2zp89k9q1g0855k1x0f1xa_boundary
PolypGen__C3_C3_EndoCV2021_00434,0.6180904507637024,0.6218905448913574,0.0038000941276550293,KvasirCVC__kvasir_cju3u39fog1bo0871lxjrabks_positive;KvasirCVC__cvc_444_positive,KvasirCVC__cvc_210_negative,KvasirCVC__kvasir_cju2zp89k9q1g0855k1x0f1xa_boundary
PolypGen__C3_C3_EndoCV2021_00367,0.6214689016342163,0.6214689016342163,0.0,KvasirCVC__kvasir_cju3u39fog1bo0871lxjrabks_positive;KvasirCVC__cvc_54_positive,KvasirCVC__cvc_210_negative,KvasirCVC__cvc_96_boundary
PolypGen__C2_EndoCV2021_001274,0.6216127872467041,0.6447145938873291,0.023101806640625,KvasirCVC__kvasir_cju3u39fog1bo0871lxjrabks_positive;KvasirCVC__kvasir_cju33w4sdcivk0855x879zht7_positive,KvasirCVC__kvasir_cju87vqa0ndwg0850onjdz7ol_negative,KvasirCVC__kvasir_cju2zp89k9q1g0855k1x0f1xa_boundary
PolypGen__C1_554OLCV1_100H0002,0.6221836805343628,0.6270742416381836,0.004890561103820801,KvasirCVC__kvasir_cju3u39fog1bo0871lxjrabks_positive;KvasirCVC__cvc_54_positive,KvasirCVC__cvc_210_negative,KvasirCVC__kvasir_cju2zp89k9q1g0855k1x0f1xa_boundary
PolypGen__C3_C3_EndoCV2021_00448,0.6235294342041016,0.6235294342041016,0.0,,,
PolypGen__C5_EndoCV2021_C5_50000072,0.6236504316329956,0.6999322175979614,0.07628178596496582,KvasirCVC__kvasir_cju3u39fog1bo0871lxjrabks_positive;KvasirCVC__kvasir_cju33w4sdcivk0855x879zht7_positive,KvasirCVC__kvasir_cju87vqa0ndwg0850onjdz7ol_negative,KvasirCVC__kvasir_cju2zp89k9q1g0855k1x0f1xa_boundary
PolypGen__C3_C3_EndoCV2021_00318,0.6290322542190552,0.4765625,-0.15246975421905518,KvasirCVC__kvasir_cju3u39fog1bo0871lxjrabks_positive;KvasirCVC__cvc_54_positive,KvasirCVC__cvc_210_negative,KvasirCVC__kvasir_cju2zp89k9q1g0855k1x0f1xa_boundary
PolypGen__C3_C3_EndoCV2021_00142,0.6331444978713989,0.6331444978713989,0.0,,,
PolypGen__C5_EndoCV2021_C5_50000378,0.634482741355896,0.634482741355896,0.0,,,
PolypGen__C3_C3_EndoCV2021_00180,0.6351351141929626,0.4057970941066742,-0.22933802008628845,KvasirCVC__cvc_54_positive;KvasirCVC__kvasir_cju3u39fog1bo0871lxjrabks_positive,KvasirCVC__cvc_210_negative,KvasirCVC__cvc_54_boundary
PolypGen__C2_EndoCV2021_001023,0.6389655470848083,0.6431084871292114,0.004142940044403076,KvasirCVC__kvasir_cju3u39fog1bo0871lxjrabks_positive;KvasirCVC__cvc_54_positive,KvasirCVC__kvasir_cju87vqa0ndwg0850onjdz7ol_negative,KvasirCVC__kvasir_cju2zp89k9q1g0855k1x0f1xa_boundary
PolypGen__C5_EndoCV2021_C5_50000124,0.6393223404884338,0.6397542953491211,0.00043195486068725586,KvasirCVC__cvc_54_positive;KvasirCVC__kvasir_cju3u39fog1bo0871lxjrabks_positive,KvasirCVC__kvasir_cju87vqa0ndwg0850onjdz7ol_negative,KvasirCVC__cvc_154_boundary
PolypGen__C3_C3_EndoCV2021_00486,0.6398846507072449,0.7539951801300049,0.11411052942276001,KvasirCVC__kvasir_cju3u39fog1bo0871lxjrabks_positive;KvasirCVC__cvc_54_positive,KvasirCVC__cvc_210_negative,KvasirCVC__cvc_96_boundary
PolypGen__C3_C3_EndoCV2021_00258,0.6402714848518372,0.7159557938575745,0.0756843090057373,KvasirCVC__kvasir_cju3u39fog1bo0871lxjrabks_positive;KvasirCVC__kvasir_cju33w4sdcivk0855x879zht7_positive,KvasirCVC__kvasir_cju87vqa0ndwg0850onjdz7ol_negative,KvasirCVC__kvasir_cju2zp89k9q1g0855k1x0f1xa_boundary
PolypGen__C5_EndoCV2021_C5_50000322,0.6424460411071777,0.6424460411071777,0.0,,,
PolypGen__C1_425OLCV1_100H0016,0.6458746790885925,0.9372349381446838,0.2913602590560913,KvasirCVC__cvc_54_positive;KvasirCVC__kvasir_cju3u39fog1bo0871lxjrabks_positive,KvasirCVC__cvc_210_negative,KvasirCVC__kvasir_cju2zp89k9q1g0855k1x0f1xa_boundary
PolypGen__C5_EndoCV2021_C5_50000206,0.6514285802841187,0.8347375392913818,0.18330895900726318,KvasirCVC__kvasir_cju3u39fog1bo0871lxjrabks_positive;KvasirCVC__cvc_54_positive,KvasirCVC__kvasir_cju87vqa0ndwg0850onjdz7ol_negative,KvasirCVC__kvasir_cju2zp89k9q1g0855k1x0f1xa_boundary
PolypGen__C1_356OLCV1_100S0007,0.6596912741661072,0.9441672563552856,0.28447598218917847,KvasirCVC__kvasir_cju3u39fog1bo0871lxjrabks_positive;KvasirCVC__kvasir_cju33w4sdcivk0855x879zht7_positive,KvasirCVC__kvasir_cju87vqa0ndwg0850onjdz7ol_negative,KvasirCVC__cvc_154_boundary
PolypGen__C3_C3_EndoCV2021_00369,0.6618531942367554,0.6618531942367554,0.0,,,
PolypGen__C6_EndoCV2021_C6_0100109,0.6662586331367493,0.6969309449195862,0.030672311782836914,KvasirCVC__kvasir_cju3u39fog1bo0871lxjrabks_positive;KvasirCVC__kvasir_cju33w4sdcivk0855x879zht7_positive,KvasirCVC__kvasir_cju87vqa0ndwg0850onjdz7ol_negative,KvasirCVC__kvasir_cju2zp89k9q1g0855k1x0f1xa_boundary
PolypGen__C1_176OLCV1_100H0912,0.6687802672386169,0.6507775783538818,-0.018002688884735107,KvasirCVC__kvasir_cju3u39fog1bo0871lxjrabks_positive;KvasirCVC__cvc_444_positive,KvasirCVC__kvasir_cju87vqa0ndwg0850onjdz7ol_negative,KvasirCVC__kvasir_cju2zp89k9q1g0855k1x0f1xa_boundary
PolypGen__C4_20_endocv2021_positive_69,0.670167863368988,0.6646379232406616,-0.005529940128326416,KvasirCVC__kvasir_cju3u39fog1bo0871lxjrabks_positive;KvasirCVC__cvc_54_positive,KvasirCVC__kvasir_cju87vqa0ndwg0850onjdz7ol_negative,KvasirCVC__kvasir_cju2zp89k9q1g0855k1x0f1xa_boundary
PolypGen__C1_187OLCV1_100H0079,0.6731266379356384,0.6761107444763184,0.0029841065406799316,KvasirCVC__cvc_54_positive;KvasirCVC__kvasir_cju3u39fog1bo0871lxjrabks_positive,KvasirCVC__cvc_210_negative,KvasirCVC__kvasir_cju2zp89k9q1g0855k1x0f1xa_boundary
PolypGen__C6_EndoCV2021_C6_0100007,0.673148512840271,0.7825511693954468,0.10940265655517578,KvasirCVC__kvasir_cju3u39fog1bo0871lxjrabks_positive;KvasirCVC__cvc_444_positive,KvasirCVC__kvasir_cju87vqa0ndwg0850onjdz7ol_negative,KvasirCVC__kvasir_cju2zp89k9q1g0855k1x0f1xa_boundary
PolypGen__C5_EndoCV2021_C5_50000194,0.6750629544258118,0.665815532207489,-0.009247422218322754,KvasirCVC__kvasir_cju3u39fog1bo0871lxjrabks_positive;KvasirCVC__kvasir_cju33w4sdcivk0855x879zht7_positive,KvasirCVC__kvasir_cju87vqa0ndwg0850onjdz7ol_negative,KvasirCVC__kvasir_cju2zp89k9q1g0855k1x0f1xa_boundary
PolypGen__C3_C3_EndoCV2021_00363,0.6754356622695923,0.9014905095100403,0.226054847240448,KvasirCVC__cvc_54_positive;KvasirCVC__kvasir_cju3u39fog1bo0871lxjrabks_positive,KvasirCVC__cvc_210_negative,KvasirCVC__cvc_96_boundary
PolypGen__C2_EndoCV2021_001123,0.6776546239852905,0.8732292056083679,0.1955745816230774,KvasirCVC__kvasir_cju3u39fog1bo0871lxjrabks_positive;KvasirCVC__cvc_444_positive,KvasirCVC__kvasir_cju87vqa0ndwg0850onjdz7ol_negative,KvasirCVC__kvasir_cju2zp89k9q1g0855k1x0f1xa_boundary
PolypGen__C3_C3_EndoCV2021_00403,0.6791590452194214,0.6791590452194214,0.0,,,
PolypGen__C3_C3_EndoCV2021_00370,0.6804597973823547,0.8661749362945557,0.18571513891220093,KvasirCVC__kvasir_cju3u39fog1bo0871lxjrabks_positive;KvasirCVC__cvc_54_positive,KvasirCVC__cvc_210_negative,KvasirCVC__kvasir_cju2zp89k9q1g0855k1x0f1xa_boundary
PolypGen__C2_EndoCV2021_001331,0.6841673254966736,0.7334504723548889,0.04928314685821533,KvasirCVC__cvc_54_positive;KvasirCVC__kvasir_cju3u39fog1bo0871lxjrabks_positive,KvasirCVC__cvc_210_negative,KvasirCVC__cvc_54_boundary
PolypGen__C3_C3_EndoCV2021_0064,0.6848167777061462,0.6848167777061462,0.0,,,
PolypGen__C3_C3_EndoCV2021_00491,0.6856042146682739,0.7112632393836975,0.025659024715423584,KvasirCVC__kvasir_cju3u39fog1bo0871lxjrabks_positive;KvasirCVC__kvasir_cju33w4sdcivk0855x879zht7_positive,KvasirCVC__cvc_210_negative,KvasirCVC__cvc_96_boundary
PolypGen__C2_EndoCV2021_001071,0.685778021812439,0.6568394899368286,-0.02893853187561035,KvasirCVC__kvasir_cju3u39fog1bo0871lxjrabks_positive;KvasirCVC__cvc_444_positive,KvasirCVC__kvasir_cju87vqa0ndwg0850onjdz7ol_negative,KvasirCVC__kvasir_cju2zp89k9q1g0855k1x0f1xa_boundary
PolypGen__C4_19_endocv2021_positive_1222,0.6865401864051819,0.6982334852218628,0.011693298816680908,KvasirCVC__kvasir_cju3u39fog1bo0871lxjrabks_positive;KvasirCVC__cvc_54_positive,KvasirCVC__cvc_210_negative,KvasirCVC__cvc_54_boundary
PolypGen__C1_925OLCV1_100H0014,0.6890574097633362,0.7398027777671814,0.050745368003845215,KvasirCVC__kvasir_cju3u39fog1bo0871lxjrabks_positive;KvasirCVC__cvc_444_positive,KvasirCVC__kvasir_cju87vqa0ndwg0850onjdz7ol_negative,KvasirCVC__kvasir_cju2zp89k9q1g0855k1x0f1xa_boundary
PolypGen__C3_C3_EndoCV2021_00299,0.6907216310501099,0.6949674487113953,0.0042458176612854,KvasirCVC__kvasir_cju3u39fog1bo0871lxjrabks_positive;KvasirCVC__kvasir_cju33w4sdcivk0855x879zht7_positive,KvasirCVC__kvasir_cju87vqa0ndwg0850onjdz7ol_negative,KvasirCVC__kvasir_cju2zp89k9q1g0855k1x0f1xa_boundary
PolypGen__C2_EndoCV2021_001097,0.6930409669876099,0.6930409669876099,0.0,,,
PolypGen__C3_C3_EndoCV2021_00487,0.693989098072052,0.693989098072052,0.0,,,
PolypGen__C3_C3_EndoCV2021_00215,0.699881374835968,0.6999603509902954,7.897615432739258e-05,KvasirCVC__kvasir_cju3u39fog1bo0871lxjrabks_positive;KvasirCVC__cvc_54_positive,KvasirCVC__cvc_210_negative,KvasirCVC__kvasir_cju2zp89k9q1g0855k1x0f1xa_boundary
