image_id,baseline_dice,result_dice,delta_dice,selected_positive,selected_negative,selected_boundary
PolypGen__C1_711OLCV1_100H0006,6.538084657004006e-11,4.821600896320888e-10,4.167792430620487e-10,KvasirCVC__kvasir_cju3u39fog1bo0871lxjrabks_positive;KvasirCVC__cvc_444_positive,KvasirCVC__kvasir_cju87vqa0ndwg0850onjdz7ol_negative,KvasirCVC__kvasir_cju2zp89k9q1g0855k1x0f1xa_boundary
PolypGen__C5_EndoCV2021_C5_50000005,6.619885889458388e-11,1.198896953935602e-10,5.3690836498976324e-11,KvasirCVC__kvasir_cju3u39fog1bo0871lxjrabks_positive;KvasirCVC__cvc_444_positive,KvasirCVC__kvasir_cju87vqa0ndwg0850onjdz7ol_negative,KvasirCVC__kvasir_cju2zp89k9q1g0855k1x0f1xa_boundary
PolypGen__C4_35_endocv2021_negative_1058,6.653802508971296e-11,3.9001560314666506e-10,3.234775780569521e-10,KvasirCVC__kvasir_cju3u39fog1bo0871lxjrabks_positive;KvasirCVC__cvc_444_positive,KvasirCVC__kvasir_cju87vqa0ndwg0850onjdz7ol_negative,KvasirCVC__kvasir_cju2zp89k9q1g0855k1x0f1xa_boundary
PolypGen__C2_EndoCV2021_001150,6.683151948516652e-11,5.271481029467395e-10,4.60316583461573e-10,KvasirCVC__kvasir_cju3u39fog1bo0871lxjrabks_positive;KvasirCVC__cvc_444_positive,KvasirCVC__kvasir_cju87vqa0ndwg0850onjdz7ol_negative,KvasirCVC__kvasir_cju2zp89k9q1g0855k1x0f1xa_boundary
PolypGen__C4_12_endocv2021_positive_148,6.70421010373623e-11,1.1461318005778764e-10,4.7571079020425344e-11,KvasirCVC__kvasir_cju3u39fog1bo0871lxjrabks_positive;KvasirCVC__cvc_444_positive,KvasirCVC__kvasir_cju87vqa0ndwg0850onjdz7ol_negative,KvasirCVC__kvasir_cju2zp89k9q1g0855k1x0f1xa_boundary
PolypGen__C4_21_endocv2021_positive_1129,6.71456362733025e-11,1.0928962179690416e-09,1.025750581695739e-09,KvasirCVC__kvasir_cju3u39fog1bo0871lxjrabks_positive;KvasirCVC__cvc_444_positive,KvasirCVC__kvasir_cju87vqa0ndwg0850onjdz7ol_negative,KvasirCVC__kvasir_cju2zp89k9q1g0855k1x0f1xa_boundary
PolypGen__C4_12_endocv2021_positive_38,6.717721517945918e-11,9.628346037127145e-11,2.9106245191812263e-11,KvasirCVC__kvasir_cju3u39fog1bo0871lxjrabks_positive;KvasirCVC__cvc_444_positive,KvasirCVC__kvasir_cju87vqa0ndwg0850onjdz7ol_negative,KvasirCVC__kvasir_cju2zp89k9q1g0855k1x0f1xa_boundary
PolypGen__C4_21_endocv2021_positive_812,6.718624268042817e-11,2.796420595085891e-10,2.1245581682816095e-10,KvasirCVC__kvasir_cju3u39fog1bo0871lxjrabks_positive;KvasirCVC__cvc_444_positive,KvasirCVC__kvasir_cju87vqa0ndwg0850onjdz7ol_negative,KvasirCVC__kvasir_cju2zp89k9q1g0855k1x0f1xa_boundary
PolypGen__C4_14_endocv2021_positive_192,6.719527018139715e-11,1.0116337628707228e-10,3.396810610567513e-11,KvasirCVC__kvasir_cju3u39fog1bo0871lxjrabks_positive;KvasirCVC__cvc_444_positive,KvasirCVC__kvasir_cju87vqa0ndwg0850onjdz7ol_negative,KvasirCVC__kvasir_cju2zp89k9q1g0855k1x0f1xa_boundary
PolypGen__C4_17_endocv2021_positive_1456,6.732193275071907e-11,2.899391005062313e-10,2.2261716775551221e-10,KvasirCVC__kvasir_cju3u39fog1bo0871lxjrabks_positive;KvasirCVC__cvc_444_positive,KvasirCVC__kvasir_cju87vqa0ndwg0850onjdz7ol_negative,KvasirCVC__kvasir_cju2zp89k9q1g0855k1x0f1xa_boundary
PolypGen__C4_14_endocv2021_positive_421,6.818026698773849e-11,9.253262045483268e-11,2.435235346709419e-11,KvasirCVC__kvasir_cju3u39fog1bo0871lxjrabks_positive;KvasirCVC__cvc_444_positive,KvasirCVC__kvasir_cju87vqa0ndwg0850onjdz7ol_negative,KvasirCVC__kvasir_cju2zp89k9q1g0855k1x0f1xa_boundary
PolypGen__C4_18_endocv2021_positive_334,6.917064143685536e-11,6.199628033165538e-10,5.507921618796985e-10,KvasirCVC__kvasir_cju3u39fog1bo0871lxjrabks_positive;KvasirCVC__cvc_444_positive,KvasirCVC__kvasir_cju87vqa0ndwg0850onjdz7ol_negative,KvasirCVC__kvasir_cju2zp89k9q1g0855k1x0f1xa_boundary
PolypGen__C4_26_endocv2021_positive_588,6.922810935616752e-11,1.3702383672153928e-10,6.779572736537176e-11,KvasirCVC__kvasir_cju3u39fog1bo0871lxjrabks_positive;KvasirCVC__cvc_444_positive,KvasirCVC__kvasir_cju87vqa0ndwg0850onjdz7ol_negative,KvasirCVC__kvasir_cju2zp89k9q1g0855k1x0f1xa_boundary
PolypGen__C5_EndoCV2021_C5_50000266,7.033832544189877e-11,1.0900370883693e-10,3.866538339503123e-11,KvasirCVC__kvasir_cju3u39fog1bo0871lxjrabks_positive;KvasirCVC__cvc_444_positive,KvasirCVC__kvasir_cju87vqa0ndwg0850onjdz7ol_negative,KvasirCVC__kvasir_cju2zp89k9q1g0855k1x0f1xa_boundary
PolypGen__C4_15_endocv2021_positive_1283,7.037297827805489e-11,2.2436616453624936e-10,1.5399318625819447e-10,KvasirCVC__kvasir_cju3u39fog1bo0871lxjrabks_positive;KvasirCVC__cvc_444_positive,KvasirCVC__kvasir_cju87vqa0ndwg0850onjdz7ol_negative,KvasirCVC__kvasir_cju2zp89k9q1g0855k1x0f1xa_boundary
PolypGen__C4_30_endocv2021_positive_614,7.06114958171078e-11,8.750437180404802e-11,1.6892875986940226e-11,KvasirCVC__kvasir_cju3u39fog1bo0871lxjrabks_positive;KvasirCVC__cvc_444_positive,KvasirCVC__kvasir_cju87vqa0ndwg0850onjdz7ol_negative,KvasirCVC__kvasir_cju2zp89k9q1g0855k1x0f1xa_boundary
PolypGen__C4_17_endocv2021_positive_457,7.092701426181236e-11,4.4111159169801795e-10,3.701845774362056e-10,KvasirCVC__kvasir_cju3u39fog1bo0871lxjrabks_positive;KvasirCVC__cvc_444_positive,KvasirCVC__kvasir_cju87vqa0ndwg0850onjdz7ol_negative,KvasirCVC__kvasir_cju2zp89k9q1g0855k1x0f1xa_boundary
PolypGen__C4_16_endocv2021_positive_269,7.113387656687564e-11,7.052683437258622e-11,-6.0704219428942e-13,KvasirCVC__kvasir_cju3u39fog1bo0871lxjrabks_positive;KvasirCVC__cvc_444_positive,KvasirCVC__kvasir_cju87vqa0ndwg0850onjdz7ol_negative,KvasirCVC__kvasir_cju2zp89k9q1g0855k1x0f1xa_boundary
PolypGen__C4_23_endocv2021_positive_768,7.180812888751831e-11,9.287638019772615e-11,2.1068251310207842e-11,KvasirCVC__kvasir_cju3u39fog1bo0871lxjrabks_positive;KvasirCVC__cvc_444_positive,KvasirCVC__kvasir_cju87vqa0ndwg0850onjdz7ol_negative,KvasirCVC__kvasir_cju2zp89k9q1g0855k1x0f1xa_boundary
PolypGen__C4_25_endocv2021_positive_29,7.231703430532477e-11,8.932558859253703e-11,1.7008554287212263e-11,KvasirCVC__kvasir_cju3u39fog1bo0871lxjrabks_positive;KvasirCVC__cvc_444_positive,KvasirCVC__kvasir_cju87vqa0ndwg0850onjdz7ol_negative,KvasirCVC__kvasir_cju2zp89k9q1g0855k1x0f1xa_boundary
PolypGen__C4_12_endocv2021_positive_289,7.24270296514895e-11,2.9359953357399604e-10,2.2117250392250654e-10,KvasirCVC__kvasir_cju3u39fog1bo0871lxjrabks_positive;KvasirCVC__kvasir_cju3y9difj6th0801kd1rqm3w_positive,KvasirCVC__kvasir_cju87vqa0ndwg0850onjdz7ol_negative,KvasirCVC__kvasir_cju2zp89k9q1g0855k1x0f1xa_boundary
PolypGen__C4_5_endocv2021_positive_1114,7.260055057134451e-11,1.6906170907660112e-10,9.64611585052566e-11,KvasirCVC__kvasir_cju3u39fog1bo0871lxjrabks_positive;KvasirCVC__cvc_444_positive,KvasirCVC__kvasir_cju87vqa0ndwg0850onjdz7ol_negative,KvasirCVC__kvasir_cju2zp89k9q1g0855k1x0f1xa_boundary
PolypGen__C4_20_endocv2021_positive_434,7.317429995268299e-11,2.000000026702864e-10,1.268257027176034e-10,KvasirCVC__kvasir_cju3u39fog1bo0871lxjrabks_positive;KvasirCVC__cvc_444_positive,KvasirCVC__kvasir_cju87vqa0ndwg0850onjdz7ol_negative,KvasirCVC__kvasir_cju2zp89k9q1g0855k1x0f1xa_boundary
PolypGen__C2_EndoCV2021_001108,7.349698627479029e-11,1.4450867169557569e-09,1.3715897306809666e-09,KvasirCVC__kvasir_cju3u39fog1bo0871lxjrabks_positive;KvasirCVC__cvc_444_positive,KvasirCVC__kvasir_cju87vqa0ndwg0850onjdz7ol_negative,KvasirCVC__kvasir_cju2zp89k9q1g0855k1x0f1xa_boundary
PolypGen__C2_EndoCV2021_001252,7.363770010426762e-11,4.87567042295467e-10,4.1392934219119937e-10,KvasirCVC__kvasir_cju3u39fog1bo0871lxjrabks_positive;KvasirCVC__cvc_444_positive,KvasirCVC__kvasir_cju87vqa0ndwg0850onjdz7ol_negative,KvasirCVC__kvasir_cju2zp89k9q1g0855k1x0f1xa_boundary
PolypGen__C4_30_endocv2021_positive_447,7.387161021776834e-11,4.608295078867286e-09,4.534423468649518e-09,KvasirCVC__kvasir_cju3u39fog1bo0871lxjrabks_positive;KvasirCVC__cvc_444_positive,KvasirCVC__kvasir_cju87vqa0ndwg0850onjdz7ol_negative,KvasirCVC__kvasir_cju2zp89k9q1g0855k1x0f1xa_boundary
PolypGen__C4_20_endocv2021_positive_270,7.510890520645574e-11,1.3171759516428239e-10,5.660868995782664e-11,KvasirCVC__kvasir_cju3u39fog1bo0871lxjrabks_positive;KvasirCVC__cvc_444_positive,KvasirCVC__kvasir_cju87vqa0ndwg0850onjdz7ol_negative,KvasirCVC__kvasir_cju2zp89k9q1g0855k1x0f1xa_boundary
PolypGen__C4_31_endocv2021_positive_329 2,7.569449927968819e-11,1.4027212724698757e-10,6.457762796729938e-11,KvasirCVC__kvasir_cju3u39fog1bo0871lxjrabks_positive;KvasirCVC__cvc_444_positive,KvasirCVC__kvasir_cju87vqa0ndwg0850onjdz7ol_negative,KvasirCVC__kvasir_cju2zp89k9q1g0855k1x0f1xa_boundary
PolypGen__C4_11_endocv2021_positive_61,7.595898215972952e-11,1.1058277210596046e-10,3.462378994623094e-11,KvasirCVC__kvasir_cju3u39fog1bo0871lxjrabks_positive;KvasirCVC__cvc_444_positive,KvasirCVC__kvasir_cju87vqa0ndwg0850onjdz7ol_negative,KvasirCVC__kvasir_cju2zp89k9q1g0855k1x0f1xa_boundary
PolypGen__C4_11_endocv2021_positive_146,7.698229553820823e-11,1.7140898422862705e-10,9.442668869041881e-11,KvasirCVC__kvasir_cju3u39fog1bo0871lxjrabks_positive;KvasirCVC__cvc_444_positive,KvasirCVC__kvasir_cju87vqa0ndwg0850onjdz7ol_negative,KvasirCVC__kvasir_cju2zp89k9q1g0855k1x0f1xa_boundary
PolypGen__C2_EndoCV2021_001256,7.823501568804403e-11,1.2038040009265671e-10,4.2145384404612685e-11,KvasirCVC__kvasir_cju3u39fog1bo0871lxjrabks_positive;KvasirCVC__cvc_444_positive,KvasirCVC__kvasir_cju87vqa0ndwg0850onjdz7ol_negative,KvasirCVC__kvasir_cju2zp89k9q1g0855k1x0f1xa_boundary
PolypGen__C1_883OLCV1_100H0014,7.864726925266297e-11,0.9242262244224548,0.9242262243438075,KvasirCVC__kvasir_cju3u39fog1bo0871lxjrabks_positive;KvasirCVC__cvc_444_positive,KvasirCVC__kvasir_cju87vqa0ndwg0850onjdz7ol_negative,KvasirCVC__kvasir_cju2zp89k9q1g0855k1x0f1xa_boundary
PolypGen__C1_100S0001,7.950389652178202e-11,3.8595138196484413e-10,3.064474854430621e-10,KvasirCVC__kvasir_cju3u39fog1bo0871lxjrabks_positive;KvasirCVC__cvc_444_positive,KvasirCVC__kvasir_cju87vqa0ndwg0850onjdz7ol_negative,KvasirCVC__kvasir_cju2zp89k9q1g0855k1x0f1xa_boundary
PolypGen__C4_22_endocv2021_positive_225,7.958615017011894e-11,4.692632393776819e-10,3.8967708920756294e-10,KvasirCVC__kvasir_cju3u39fog1bo0871lxjrabks_positive;KvasirCVC__kvasir_cju33w4sdcivk0855x879zht7_positive,KvasirCVC__kvasir_cju87vqa0ndwg0850onjdz7ol_negative,KvasirCVC__kvasir_cju2zp89k9q1g0855k1x0f1xa_boundary
PolypGen__C3_C3_EndoCV2021_008,7.962417530871235e-11,0.9179792404174805,0.9179792403378563,KvasirCVC__kvasir_cju3u39fog1bo0871lxjrabks_positive;KvasirCVC__cvc_444_positive,KvasirCVC__kvasir_cju87vqa0ndwg0850onjdz7ol_negative,KvasirCVC__kvasir_cju2zp89k9q1g0855k1x0f1xa_boundary
PolypGen__C4_14_endocv2021_positive_782,8.070373536117614e-11,2.422480549491013e-10,1.6154431958792514e-10,KvasirCVC__kvasir_cju3u39fog1bo0871lxjrabks_positive;KvasirCVC__cvc_444_positive,KvasirCVC__kvasir_cju87vqa0ndwg0850onjdz7ol_negative,KvasirCVC__kvasir_cju2zp89k9q1g0855k1x0f1xa_boundary
PolypGen__C2_EndoCV2021_001253,8.189337402653152e-11,2.491901407442043e-10,1.672967667176728e-10,KvasirCVC__kvasir_cju3u39fog1bo0871lxjrabks_positive;KvasirCVC__cvc_444_positive,KvasirCVC__kvasir_cju87vqa0ndwg0850onjdz7ol_negative,KvasirCVC__kvasir_cju2zp89k9q1g0855k1x0f1xa_boundary
PolypGen__C2_EndoCV2021_001365,8.4839232861178e-11,1.226542339916037e-10,3.7815001130425685e-11,KvasirCVC__cvc_54_positive;KvasirCVC__kvasir_cju3u39fog1bo0871lxjrabks_positive,KvasirCVC__cvc_210_negative,KvasirCVC__kvasir_cju0tl3uz8blh0993wxvn7ly3_boundary
PolypGen__C4_30_endocv2021_positive_480,8.499787679250304e-11,1.0200958827644158e-10,1.701171148393854e-11,KvasirCVC__kvasir_cju3u39fog1bo0871lxjrabks_positive;KvasirCVC__cvc_444_positive,KvasirCVC__kvasir_cju87vqa0ndwg0850onjdz7ol_negative,KvasirCVC__kvasir_cju2zp89k9q1g0855k1x0f1xa_boundary
PolypGen__C4_31_endocv2021_positive_38,8.555051805858582e-11,1.1257458160107703e-10,2.7024063542491206e-11,KvasirCVC__kvasir_cju3u39fog1bo0871lxjrabks_positive;KvasirCVC__cvc_444_positive,KvasirCVC__kvasir_cju87vqa0ndwg0850onjdz7ol_negative,KvasirCVC__kvasir_cju2zp89k9q1g0855k1x0f1xa_boundary
PolypGen__C4_5_endocv2021_positive_1122,8.761170261495366e-11,1.8429782699946884e-10,9.668612438451518e-11,KvasirCVC__kvasir_cju3u39fog1bo0871lxjrabks_positive;KvasirCVC__cvc_444_positive,KvasirCVC__kvasir_cju87vqa0ndwg0850onjdz7ol_negative,KvasirCVC__kvasir_cju2zp89k9q1g0855k1x0f1xa_boundary
PolypGen__C2_EndoCV2021_001431,8.830802061821075e-11,0.9669902920722961,0.9669902919839881,KvasirCVC__kvasir_cju3u39fog1bo0871lxjrabks_positive;KvasirCVC__cvc_444_positive,KvasirCVC__kvasir_cju87vqa0ndwg0850onjdz7ol_negative,KvasirCVC__kvasir_cju2zp89k9q1g0855k1x0f1xa_boundary
PolypGen__C4_19_endocv2021_positive_711,8.950147567521327e-11,2.0189784566415625e-10,1.1239636998894298e-10,KvasirCVC__kvasir_cju3u39fog1bo0871lxjrabks_positive;KvasirCVC__cvc_444_positive,KvasirCVC__kvasir_cju87vqa0ndwg0850onjdz7ol_negative,KvasirCVC__kvasir_cju2zp89k9q1g0855k1x0f1xa_boundary
PolypGen__C4_12_endocv2021_positive_25,9.050592914006117e-11,5.906674593880723e-10,5.001615302480111e-10,KvasirCVC__kvasir_cju3u39fog1bo0871lxjrabks_positive;KvasirCVC__cvc_54_positive,KvasirCVC__kvasir_cju87vqa0ndwg0850onjdz7ol_negative,KvasirCVC__kvasir_cju2zp89k9q1g0855k1x0f1xa_boundary
PolypGen__C4_23_endocv2021_positive_98,9.072763373918491e-11,2.841716306711817e-10,1.9344399693199676e-10,KvasirCVC__kvasir_cju3u39fog1bo0871lxjrabks_positive;KvasirCVC__kvasir_cju33w4sdcivk0855x879zht7_positive,KvasirCVC__kvasir_cju87vqa0ndwg0850onjdz7ol_negative,KvasirCVC__kvasir_cju2zp89k9q1g0855k1x0f1xa_boundary
PolypGen__C2_EndoCV2021_001241,9.21574067058728e-11,2.821670397334941e-10,1.900096330276213e-10,KvasirCVC__kvasir_cju3u39fog1bo0871lxjrabks_positive;KvasirCVC__cvc_444_positive,KvasirCVC__kvasir_cju87vqa0ndwg0850onjdz7ol_negative,KvasirCVC__kvasir_cju2zp89k9q1g0855k1x0f1xa_boundary
PolypGen__C4_20_endocv2021_positive_544,9.641341891519772e-11,8.359805903079831e-11,-1.2815359884399413e-11,KvasirCVC__kvasir_cju3u39fog1bo0871lxjrabks_positive;KvasirCVC__cvc_444_positive,KvasirCVC__kvasir_cju87vqa0ndwg0850onjdz7ol_negative,KvasirCVC__kvasir_cju2zp89k9q1g0855k1x0f1xa_boundary
PolypGen__C4_16_endocv2021_positive_328,9.659969352204811e-11,8.356312863888604e-11,-1.3036564883162072e-11,KvasirCVC__kvasir_cju3u39fog1bo0871lxjrabks_positive;KvasirCVC__cvc_54_positive,KvasirCVC__kvasir_cju87vqa0ndwg0850onjdz7ol_negative,KvasirCVC__kvasir_cju2zp89k9q1g0855k1x0f1xa_boundary
PolypGen__C6_EndoCV2021_C6_0100005,9.659969352204811e-11,0.18964865803718567,0.18964865794058597,KvasirCVC__kvasir_cju3u39fog1bo0871lxjrabks_positive;KvasirCVC__cvc_444_positive,KvasirCVC__kvasir_cju87vqa0ndwg0850onjdz7ol_negative,KvasirCVC__kvasir_cju2zp89k9q1g0855k1x0f1xa_boundary
PolypGen__C4_11_endocv2021_positive_1475,9.719117177731107e-11,2.4271845644463497e-10,1.455272846673239e-10,KvasirCVC__kvasir_cju3u39fog1bo0871lxjrabks_positive;KvasirCVC__cvc_444_positive,KvasirCVC__kvasir_cju87vqa0ndwg0850onjdz7ol_negative,KvasirCVC__kvasir_cju2zp89k9q1g0855k1x0f1xa_boundary
PolypGen__C2_EndoCV2021_001381,1.0161568808619847e-10,0.9334889054298401,0.9334889053282244,KvasirCVC__kvasir_cju3u39fog1bo0871lxjrabks_positive;KvasirCVC__cvc_444_positive,KvasirCVC__kvasir_cju87vqa0ndwg0850onjdz7ol_negative,KvasirCVC__kvasir_cju2zp89k9q1g0855k1x0f1xa_boundary
PolypGen__C4_19_endocv2021_positive_757,1.0680337170221321e-10,1.0497585439805945e-10,-1.8275173041537585e-12,KvasirCVC__kvasir_cju3u39fog1bo0871lxjrabks_positive;KvasirCVC__cvc_444_positive,KvasirCVC__kvasir_cju87vqa0ndwg0850onjdz7ol_negative,KvasirCVC__kvasir_cju2zp89k9q1g0855k1x0f1xa_boundary
PolypGen__C2_EndoCV2021_001402,1.1508804326210154e-10,0.93543541431427,0.935435414199182,KvasirCVC__kvasir_cju3u39fog1bo0871lxjrabks_positive;KvasirCVC__cvc_444_positive,KvasirCVC__kvasir_cju2y5zas8m7f0801d34g5owq_negative,KvasirCVC__kvasir_cju0tl3uz8blh0993wxvn7ly3_boundary
PolypGen__C4_14_endocv2021_positive_1069,1.169727509298113e-10,1.027221363525399e-10,-1.4250614577271392e-11,KvasirCVC__kvasir_cju3u39fog1bo0871lxjrabks_positive;KvasirCVC__cvc_444_positive,KvasirCVC__kvasir_cju87vqa0ndwg0850onjdz7ol_negative,KvasirCVC__kvasir_cju2zp89k9q1g0855k1x0f1xa_boundary
PolypGen__C4_24_endocv2021_positive_189,1.1742602723519013e-10,1.3338669058171604e-10,1.5960663346525905e-11,KvasirCVC__kvasir_cju3u39fog1bo0871lxjrabks_positive;KvasirCVC__cvc_444_positive,KvasirCVC__kvasir_cju87vqa0ndwg0850onjdz7ol_negative,KvasirCVC__kvasir_cju2zp89k9q1g0855k1x0f1xa_boundary
PolypGen__C5_EndoCV2021_C5_50000329,1.1756406959051446e-10,0.8643215894699097,0.8643215893523456,KvasirCVC__kvasir_cju3u39fog1bo0871lxjrabks_positive;KvasirCVC__cvc_444_positive,KvasirCVC__kvasir_cju87vqa0ndwg0850onjdz7ol_negative,KvasirCVC__kvasir_cju2zp89k9q1g0855k1x0f1xa_boundary
PolypGen__C2_EndoCV2021_001113,1.1803588662040454e-10,0.9110367894172668,0.9110367892992309,KvasirCVC__kvasir_cju3u39fog1bo0871lxjrabks_positive;KvasirCVC__cvc_54_positive,KvasirCVC__kvasir_cju87vqa0ndwg0850onjdz7ol_negative,KvasirCVC__kvasir_cju2zp89k9q1g0855k1x0f1xa_boundary
PolypGen__C4_17_endocv2021_positive_1499,1.1834319635362078e-10,4.2105263720060293e-10,3.0270944084698215e-10,KvasirCVC__kvasir_cju3u39fog1bo0871lxjrabks_positive;KvasirCVC__cvc_444_positive,KvasirCVC__kvasir_cju87vqa0ndwg0850onjdz7ol_negative,KvasirCVC__kvasir_cju2zp89k9q1g0855k1x0f1xa_boundary
PolypGen__C1_405OLCV1_100H0002,1.193744825211951e-10,0.005547850392758846,0.005547850273384364,KvasirCVC__kvasir_cju3u39fog1bo0871lxjrabks_positive;KvasirCVC__cvc_444_positive,KvasirCVC__kvasir_cju87vqa0ndwg0850onjdz7ol_negative,KvasirCVC__kvasir_cju2zp89k9q1g0855k1x0f1xa_boundary
PolypGen__C4_23_endocv2021_positive_254,1.2010568928300103e-10,2.1934634664155794e-10,9.924065735855692e-11,KvasirCVC__kvasir_cju3u39fog1bo0871lxjrabks_positive;KvasirCVC__cvc_444_positive,KvasirCVC__kvasir_cju87vqa0ndwg0850onjdz7ol_negative,KvasirCVC__kvasir_cju2zp89k9q1g0855k1x0f1xa_boundary
PolypGen__C4_27_endocv2021_positive_132,1.2417732120351133e-10,1.2903226265237322e-09,1.1661453053202209e-09,KvasirCVC__kvasir_cju3u39fog1bo0871lxjrabks_positive;KvasirCVC__cvc_444_positive,KvasirCVC__kvasir_cju87vqa0ndwg0850onjdz7ol_negative,KvasirCVC__kvasir_cju2zp89k9q1g0855k1x0f1xa_boundary
PolypGen__C4_14_endocv2021_positive_302,1.2607161148370238e-10,1.282709077843336e-10,2.199296300631204e-12,KvasirCVC__kvasir_cju3u39fog1bo0871lxjrabks_positive;KvasirCVC__cvc_444_positive,KvasirCVC__kvasir_cju87vqa0ndwg0850onjdz7ol_negative,KvasirCVC__kvasir_cju2zp89k9q1g0855k1x0f1xa_boundary
PolypGen__C5_EndoCV2021_C5_50000126,1.2923236092365897e-10,0.3333333432674408,0.33333334313820845,KvasirCVC__kvasir_cju3u39fog1bo0871lxjrabks_positive;KvasirCVC__cvc_444_positive,KvasirCVC__kvasir_cju87vqa0ndwg0850onjdz7ol_negative,KvasirCVC__kvasir_cju2zp89k9q1g0855k1x0f1xa_boundary
PolypGen__C4_18_endocv2021_positive_341,1.3365410167498482e-10,1.1298158242301071e-10,-2.067251925197411e-11,KvasirCVC__kvasir_cju3u39fog1bo0871lxjrabks_positive;KvasirCVC__cvc_54_positive,KvasirCVC__kvasir_cju87vqa0ndwg0850onjdz7ol_negative,KvasirCVC__kvasir_cju2zp89k9q1g0855k1x0f1xa_boundary
PolypGen__C1_375OLCV1_100H0008,1.3579576352285017e-10,0.0035702697932720184,0.003570269657476255,KvasirCVC__kvasir_cju3u39fog1bo0871lxjrabks_positive;KvasirCVC__cvc_444_positive,KvasirCVC__kvasir_cju87vqa0ndwg0850onjdz7ol_negative,KvasirCVC__kvasir_cju2zp89k9q1g0855k1x0f1xa_boundary
PolypGen__C4_20_endocv2021_positive_417,1.3586956559841212e-10,3.0988533961107123e-10,1.740157740126591e-10,KvasirCVC__kvasir_cju3u39fog1bo0871lxjrabks_positive;KvasirCVC__cvc_444_positive,KvasirCVC__kvasir_cju87vqa0ndwg0850onjdz7ol_negative,KvasirCVC__kvasir_cju2zp89k9q1g0855k1x0f1xa_boundary
PolypGen__C2_EndoCV2021_001157,1.404100030688582e-10,1.404100030688582e-10,0.0,KvasirCVC__kvasir_cju3u39fog1bo0871lxjrabks_positive;KvasirCVC__cvc_444_positive,KvasirCVC__kvasir_cju87vqa0ndwg0850onjdz7ol_negative,KvasirCVC__kvasir_cju2zp89k9q1g0855k1x0f1xa_boundary
PolypGen__C1_564OLCV1_100H0002,1.4212621357589938e-10,6.644518268927868e-10,5.223256133168874e-10,KvasirCVC__kvasir_cju3u39fog1bo0871lxjrabks_positive;KvasirCVC__cvc_444_positive,KvasirCVC__kvasir_cju87vqa0ndwg0850onjdz7ol_negative,KvasirCVC__kvasir_cju2zp89k9q1g0855k1x0f1xa_boundary
PolypGen__C4_23_endocv2021_positive_480,1.4526438385509266e-10,1.4249074142824725e-10,-2.773642426845413e-12,KvasirCVC__kvasir_cju3u39fog1bo0871lxjrabks_positive;KvasirCVC__cvc_444_positive,KvasirCVC__kvasir_cju87vqa0ndwg0850onjdz7ol_negative,KvasirCVC__kvasir_cju2zp89k9q1g0855k1x0f1xa_boundary
PolypGen__C2_EndoCV2021_001033,1.5030812705596475e-10,0.20248018205165863,0.2024801819013505,KvasirCVC__kvasir_cju3u39fog1bo0871lxjrabks_positive;KvasirCVC__cvc_444_positive,KvasirCVC__kvasir_cju87vqa0ndwg0850onjdz7ol_negative,KvasirCVC__kvasir_cju2zp89k9q1g0855k1x0f1xa_boundary
PolypGen__C1_510OLCV1_100H0010,1.525553017245329e-10,0.9490795731544495,0.9490795730018942,KvasirCVC__kvasir_cju3u39fog1bo0871lxjrabks_positive;KvasirCVC__cvc_444_positive,KvasirCVC__kvasir_cju87vqa0ndwg0850onjdz7ol_negative,KvasirCVC__kvasir_cju2zp89k9q1g0855k1x0f1xa_boundary
PolypGen__C4_11_endocv2021_positive_1228,1.528584481214068e-10,1.7170329047466737e-10,1.884484235326056e-11,KvasirCVC__kvasir_cju3u39fog1bo0871lxjrabks_positive;KvasirCVC__kvasir_cju33w4sdcivk0855x879zht7_positive,KvasirCVC__kvasir_cju87vqa0ndwg0850onjdz7ol_negative,KvasirCVC__kvasir_cju2zp89k9q1g0855k1x0f1xa_boundary
PolypGen__C4_30_endocv2021_positive_876,1.5566625766183506e-10,1.62628063793413e-10,6.96180613157793e-12,KvasirCVC__kvasir_cju3u39fog1bo0871lxjrabks_positive;KvasirCVC__cvc_444_positive,KvasirCVC__kvasir_cju87vqa0ndwg0850onjdz7ol_negative,KvasirCVC__kvasir_cju2zp89k9q1g0855k1x0f1xa_boundary
PolypGen__C2_EndoCV2021_001075,1.588057740864457e-10,0.0010828375816345215,0.0010828374228287474,KvasirCVC__kvasir_cju3u39fog1bo0871lxjrabks_positive;KvasirCVC__cvc_444_positive,KvasirCVC__kvasir_cju87vqa0ndwg0850onjdz7ol_negative,KvasirCVC__kvasir_cju2zp89k9q1g0855k1x0f1xa_boundary
PolypGen__C2_EndoCV2021_001388,1.589825077141782e-10,0.961423397064209,0.9614233969052265,KvasirCVC__kvasir_cju3u39fog1bo0871lxjrabks_positive;KvasirCVC__cvc_444_positive,KvasirCVC__kvasir_cju87vqa0ndwg0850onjdz7ol_negative,KvasirCVC__kvasir_cju2zp89k9q1g0855k1x0f1xa_boundary
PolypGen__C2_EndoCV2021_001085,1.5961691690602464e-10,0.44363877177238464,0.4436387716127677,KvasirCVC__kvasir_cju3u39fog1bo0871lxjrabks_positive;KvasirCVC__kvasir_cju33w4sdcivk0855x879zht7_positive,KvasirCVC__kvasir_cju87vqa0ndwg0850onjdz7ol_negative,KvasirCVC__kvasir_cju2zp89k9q1g0855k1x0f1xa_boundary
PolypGen__C3_C3_EndoCV2021_0097,1.6217970022491812e-10,0.9490598440170288,0.9490598438548491,KvasirCVC__kvasir_cju3u39fog1bo0871lxjrabks_positive;KvasirCVC__cvc_444_positive,KvasirCVC__cvc_210_negative,KvasirCVC__kvasir_cju2zp89k9q1g0855k1x0f1xa_boundary
PolypGen__C2_EndoCV2021_001131,1.6559033311214222e-10,1.7507002791905535e-10,9.47969480691313e-12,KvasirCVC__kvasir_cju3u39fog1bo0871lxjrabks_positive;KvasirCVC__cvc_444_positive,KvasirCVC__kvasir_cju87vqa0ndwg0850onjdz7ol_negative,KvasirCVC__kvasir_cju2zp89k9q1g0855k1x0f1xa_boundary
PolypGen__C4_11_endocv2021_positive_1344,1.6849199813151472e-10,1.314924419348884e-10,-3.6999556196626315e-11,KvasirCVC__kvasir_cju3u39fog1bo0871lxjrabks_positive;KvasirCVC__cvc_444_positive,KvasirCVC__kvasir_cju87vqa0ndwg0850onjdz7ol_negative,KvasirCVC__kvasir_cju2zp89k9q1g0855k1x0f1xa_boundary
PolypGen__C5_EndoCV2021_C5_50000121,1.6866250063252153e-10,0.16260163486003876,0.16260163469137626,KvasirCVC__kvasir_cju3u39fog1bo0871lxjrabks_positive;KvasirCVC__cvc_444_positive,KvasirCVC__kvasir_cju87vqa0ndwg0850onjdz7ol_negative,KvasirCVC__kvasir_cju2zp89k9q1g0855k1x0f1xa_boundary
PolypGen__C4_24_endocv2021_positive_1150,1.717917891275178e-10,0.9490090012550354,0.9490090010832436,KvasirCVC__kvasir_cju3u39fog1bo0871lxjrabks_positive;KvasirCVC__cvc_444_positive,KvasirCVC__kvasir_cju87vqa0ndwg0850onjdz7ol_negative,KvasirCVC__kvasir_cju2zp89k9q1g0855k1x0f1xa_boundary
PolypGen__C4_27_endocv2021_positive_27,1.7473353319807927e-10,5.149330406517549e-10,3.4019950745367566e-10,KvasirCVC__kvasir_cju3u39fog1bo0871lxjrabks_positive;KvasirCVC__cvc_444_positive,KvasirCVC__kvasir_cju87vqa0ndwg0850onjdz7ol_negative,KvasirCVC__kvasir_cju2zp89k9q1g0855k1x0f1xa_boundary
PolypGen__C2_EndoCV2021_001122,1.796299636813714e-10,2.153779932179134e-10,3.574802953654199e-11,KvasirCVC__kvasir_cju3u39fog1bo0871lxjrabks_positive;KvasirCVC__cvc_444_positive,KvasirCVC__kvasir_cju87vqa0ndwg0850onjdz7ol_negative,KvasirCVC__kvasir_cju2zp89k9q1g0855k1x0f1xa_boundary
PolypGen__C2_EndoCV2021_001118,1.7995320511499102e-10,0.6003757119178772,0.600375711737924,KvasirCVC__kvasir_cju3u39fog1bo0871lxjrabks_positive;KvasirCVC__cvc_444_positive,KvasirCVC__kvasir_cju87vqa0ndwg0850onjdz7ol_negative,KvasirCVC__kvasir_cju2zp89k9q1g0855k1x0f1xa_boundary
PolypGen__C5_EndoCV2021_C5_50000314,1.8244845911841168e-10,8.417508357005943e-10,6.593023765821826e-10,KvasirCVC__kvasir_cju3u39fog1bo0871lxjrabks_positive;KvasirCVC__kvasir_cju33w4sdcivk0855x879zht7_positive,KvasirCVC__kvasir_cju87vqa0ndwg0850onjdz7ol_negative,KvasirCVC__kvasir_cju2zp89k9q1g0855k1x0f1xa_boundary
PolypGen__C1_510OLCV1_100S0009,1.8910741028665967e-10,0.9345526695251465,0.9345526693360391,KvasirCVC__kvasir_cju3u39fog1bo0871lxjrabks_positive;KvasirCVC__cvc_444_positive,KvasirCVC__kvasir_cju87vqa0ndwg0850onjdz7ol_negative,KvasirCVC__kvasir_cju2zp89k9q1g0855k1x0f1xa_boundary
PolypGen__C6_EndoCV2021_C6_0100065,1.931620557948932e-10,0.14790666103363037,0.14790666084046833,KvasirCVC__kvasir_cju3u39fog1bo0871lxjrabks_positive;KvasirCVC__cvc_444_positive,KvasirCVC__kvasir_cju2y5zas8m7f0801d34g5owq_negative,KvasirCVC__kvasir_cju0tl3uz8blh0993wxvn7ly3_boundary
PolypGen__C2_EndoCV2021_001010,1.9623233593613065e-10,5.787036960747116e-10,3.8247136013858096e-10,KvasirCVC__kvasir_cju3u39fog1bo0871lxjrabks_positive;KvasirCVC__cvc_444_positive,KvasirCVC__kvasir_cju87vqa0ndwg0850onjdz7ol_negative,KvasirCVC__kvasir_cju2zp89k9q1g0855k1x0f1xa_boundary
PolypGen__C3_C3_EndoCV2021_00404,2.0169423076144e-10,0.013665743172168732,0.013665742970474501,KvasirCVC__kvasir_cju3u39fog1bo0871lxjrabks_positive;KvasirCVC__cvc_444_positive,KvasirCVC__cvc_210_negative,KvasirCVC__kvasir_cju2zp89k9q1g0855k1x0f1xa_boundary
PolypGen__C5_EndoCV2021_C5_50000173,2.043318292344054e-10,0.6682927012443542,0.6682927010400224,KvasirCVC__kvasir_cju3u39fog1bo0871lxjrabks_positive;KvasirCVC__cvc_54_positive,KvasirCVC__kvasir_cju87vqa0ndwg0850onjdz7ol_negative,KvasirCVC__kvasir_cju2zp89k9q1g0855k1x0f1xa_boundary
PolypGen__C2_EndoCV2021_001093,2.1065936495201498e-10,3.0367444669998633e-10,9.301508174797135e-11,KvasirCVC__kvasir_cju3u39fog1bo0871lxjrabks_positive;KvasirCVC__cvc_444_positive,KvasirCVC__kvasir_cju87vqa0ndwg0850onjdz7ol_negative,KvasirCVC__kvasir_cju2zp89k9q1g0855k1x0f1xa_boundary
PolypGen__C2_EndoCV2021_001104,2.1496131263898377e-10,2.2758306350567636e-10,1.2621750866692594e-11,KvasirCVC__kvasir_cju3u39fog1bo0871lxjrabks_positive;KvasirCVC__cvc_444_positive,KvasirCVC__kvasir_cju87vqa0ndwg0850onjdz7ol_negative,KvasirCVC__kvasir_cju3u39fog1bo0871lxjrabks_boundary
PolypGen__C1_371OLCV1_100H0006,2.1663777716174337e-10,0.4005979001522064,0.40059789993556866,KvasirCVC__kvasir_cju3u39fog1bo0871lxjrabks_positive;KvasirCVC__cvc_444_positive,KvasirCVC__kvasir_cju87vqa0ndwg0850onjdz7ol_negative,KvasirCVC__kvasir_cju2zp89k9q1g0855k1x0f1xa_boundary
PolypGen__C4_14_endocv2021_positive_230,2.1691974605442255e-10,1.6572754280019808e-10,-5.1192203254224466e-11,KvasirCVC__kvasir_cju3u39fog1bo0871lxjrabks_positive;KvasirCVC__kvasir_cju33w4sdcivk0855x879zht7_positive,KvasirCVC__kvasir_cju87vqa0ndwg0850onjdz7ol_negative,KvasirCVC__kvasir_cju2zp89k9q1g0855k1x0f1xa_boundary
PolypGen__C4_32_endocv2021_positive_269,2.2007042022043066e-10,0.7404732704162598,0.7404732701961894,KvasirCVC__kvasir_cju3u39fog1bo0871lxjrabks_positive;KvasirCVC__cvc_444_positive,KvasirCVC__kvasir_cju87vqa0ndwg0850onjdz7ol_negative,KvasirCVC__kvasir_cju2zp89k9q1g0855k1x0f1xa_boundary
PolypGen__C5_EndoCV2021_C5_50000040,2.2321428039262514e-10,0.8431895971298218,0.8431895969066074,KvasirCVC__kvasir_cju3u39fog1bo0871lxjrabks_positive;KvasirCVC__cvc_444_positive,KvasirCVC__kvasir_cju87vqa0ndwg0850onjdz7ol_negative,KvasirCVC__kvasir_cju2zp89k9q1g0855k1x0f1xa_boundary
PolypGen__C5_EndoCV2021_C5_50000096,2.2722108916628514e-10,0.022716403007507324,0.022716402780286235,KvasirCVC__kvasir_cju3u39fog1bo0871lxjrabks_positive;KvasirCVC__cvc_444_positive,KvasirCVC__kvasir_cju87vqa0ndwg0850onjdz7ol_negative,KvasirCVC__kvasir_cju2zp89k9q1g0855k1x0f1xa_boundary
PolypGen__C2_EndoCV2021_001372,2.282063010783375e-10,2.841716306711817e-10,5.596532959284417e-11,KvasirCVC__kvasir_cju3u39fog1bo0871lxjrabks_positive;KvasirCVC__cvc_54_positive,KvasirCVC__kvasir_cju87vqa0ndwg0850onjdz7ol_negative,KvasirCVC__kvasir_cju2zp89k9q1g0855k1x0f1xa_boundary
PolypGen__C5_EndoCV2021_C5_50000081,2.303086193977677e-10,0.024740228429436684,0.024740228199128064,KvasirCVC__kvasir_cju3u39fog1bo0871lxjrabks_positive;KvasirCVC__cvc_444_positive,KvasirCVC__kvasir_cju87vqa0ndwg0850onjdz7ol_negative,KvasirCVC__kvasir_cju2zp89k9q1g0855k1x0f1xa_boundary
PolypGen__C2_EndoCV2021_001127,2.3255813941247538e-10,0.32136106491088867,0.32136106467833053,KvasirCVC__kvasir_cju3u39fog1bo0871lxjrabks_positive;KvasirCVC__cvc_444_positive,KvasirCVC__kvasir_cju87vqa0ndwg0850onjdz7ol_negative,KvasirCVC__kvasir_cju2zp89k9q1g0855k1x0f1xa_boundary
PolypGen__C1_291OLCV1_100H0012,2.341920268822406e-10,0.007317760027945042,0.007317759793753015,KvasirCVC__kvasir_cju3u39fog1bo0871lxjrabks_positive;KvasirCVC__cvc_444_positive,KvasirCVC__kvasir_cju87vqa0ndwg0850onjdz7ol_negative,KvasirCVC__kvasir_cju2zp89k9q1g0855k1x0f1xa_boundary
PolypGen__C2_EndoCV2021_001357,2.3635074453132177e-10,0.921115517616272,0.9211155173799213,KvasirCVC__kvasir_cju3u39fog1bo0871lxjrabks_positive;KvasirCVC__cvc_54_positive,KvasirCVC__kvasir_cju87vqa0ndwg0850onjdz7ol_negative,KvasirCVC__kvasir_cju2zp89k9q1g0855k1x0f1xa_boundary
PolypGen__C3_C3_EndoCV2021_00386,2.376990826391534e-10,0.9754723906517029,0.9754723904140038,KvasirCVC__kvasir_cju3u39fog1bo0871lxjrabks_positive;KvasirCVC__cvc_444_positive,KvasirCVC__kvasir_cju87vqa0ndwg0850onjdz7ol_negative,KvasirCVC__kvasir_cju2zp89k9q1g0855k1x0f1xa_boundary
PolypGen__C4_14_endocv2021_positive_864,2.405002308414339e-10,1.1346874134732232e-10,-1.2703148949411158e-10,KvasirCVC__kvasir_cju3u39fog1bo0871lxjrabks_positive;KvasirCVC__cvc_444_positive,KvasirCVC__kvasir_cju87vqa0ndwg0850onjdz7ol_negative,KvasirCVC__kvasir_cju2zp89k9q1g0855k1x0f1xa_boundary
PolypGen__C2_EndoCV2021_001218,2.42365488789531e-10,2.934272269605742e-10,5.10617381710432e-11,KvasirCVC__kvasir_cju3u39fog1bo0871lxjrabks_positive;KvasirCVC__cvc_444_positive,KvasirCVC__kvasir_cju87vqa0ndwg0850onjdz7ol_negative,KvasirCVC__kvasir_cju2zp89k9q1g0855k1x0f1xa_boundary
PolypGen__C5_EndoCV2021_C5_50000120,2.464268233914879e-10,0.7309644818305969,0.73096448158417,KvasirCVC__kvasir_cju3u39fog1bo0871lxjrabks_positive;KvasirCVC__cvc_444_positive,KvasirCVC__kvasir_cju87vqa0ndwg0850onjdz7ol_negative,KvasirCVC__kvasir_cju2zp89k9q1g0855k1x0f1xa_boundary
PolypGen__C4_26_endocv2021_positive_1093,2.4850893565186993e-10,0.932010293006897,0.932010292758388,KvasirCVC__kvasir_cju3u39fog1bo0871lxjrabks_positive;KvasirCVC__kvasir_cju33w4sdcivk0855x879zht7_positive,KvasirCVC__kvasir_cju87vqa0ndwg0850onjdz7ol_negative,KvasirCVC__kvasir_cju2zp89k9q1g0855k1x0f1xa_boundary
PolypGen__C2_EndoCV2021_001261,2.489420058982006e-10,0.7210750579833984,0.7210750577344565,KvasirCVC__kvasir_cju3u39fog1bo0871lxjrabks_positive;KvasirCVC__cvc_444_positive,KvasirCVC__kvasir_cju87vqa0ndwg0850onjdz7ol_negative,KvasirCVC__kvasir_cju2zp89k9q1g0855k1x0f1xa_boundary
PolypGen__C4_22_endocv2021_positive_1352,2.493765471900389e-10,2.493765471900389e-10,0.0,KvasirCVC__kvasir_cju3u39fog1bo0871lxjrabks_positive;KvasirCVC__kvasir_cju33w4sdcivk0855x879zht7_positive,KvasirCVC__kvasir_cju87vqa0ndwg0850onjdz7ol_negative,KvasirCVC__kvasir_cju2zp89k9q1g0855k1x0f1xa_boundary
PolypGen__C4_10_endocv2021_positive_584,2.538071142144105e-10,2.477700822289819e-10,-6.037031985428598e-12,KvasirCVC__kvasir_cju3u39fog1bo0871lxjrabks_positive;KvasirCVC__cvc_444_positive,KvasirCVC__kvasir_cju87vqa0ndwg0850onjdz7ol_negative,KvasirCVC__kvasir_cju2zp89k9q1g0855k1x0f1xa_boundary
PolypGen__C4_17_endocv2021_positive_106,2.5773194689548973e-10,2.5773194689548973e-10,0.0,KvasirCVC__kvasir_cju3u39fog1bo0871lxjrabks_positive;KvasirCVC__cvc_444_positive,KvasirCVC__kvasir_cju87vqa0ndwg0850onjdz7ol_negative,KvasirCVC__kvasir_cju2zp89k9q1g0855k1x0f1xa_boundary
PolypGen__C4_23_endocv2021_positive_370,2.580645142025162e-10,2.580645142025162e-10,0.0,KvasirCVC__kvasir_cju3u39fog1bo0871lxjrabks_positive;KvasirCVC__cvc_444_positive,KvasirCVC__kvasir_cju87vqa0ndwg0850onjdz7ol_negative,KvasirCVC__kvasir_cju2zp89k9q1g0855k1x0f1xa_boundary
PolypGen__C2_EndoCV2021_001257,2.6645349815446195e-10,0.9499852061271667,0.9499852058607132,KvasirCVC__kvasir_cju3u39fog1bo0871lxjrabks_positive;KvasirCVC__cvc_444_positive,KvasirCVC__kvasir_cju87vqa0ndwg0850onjdz7ol_negative,KvasirCVC__kvasir_cju2zp89k9q1g0855k1x0f1xa_boundary
PolypGen__C1_940OLCV1_100H0004,2.7901786436856924e-10,2.9446406424327165e-10,1.5446199874702415e-11,KvasirCVC__kvasir_cju3u39fog1bo0871lxjrabks_positive;KvasirCVC__cvc_444_positive,KvasirCVC__kvasir_cju87vqa0ndwg0850onjdz7ol_negative,KvasirCVC__kvasir_cju2zp89k9q1g0855k1x0f1xa_boundary
PolypGen__C4_30_endocv2021_positive_1057,2.795638720520799e-10,2.5348542709302535e-10,-2.6078444959054536e-11,KvasirCVC__kvasir_cju3u39fog1bo0871lxjrabks_positive;KvasirCVC__cvc_444_positive,KvasirCVC__kvasir_cju87vqa0ndwg0850onjdz7ol_negative,KvasirCVC__kvasir_cju2zp89k9q1g0855k1x0f1xa_boundary
PolypGen__C4_26_endocv2021_positive_14,2.7972027472067396e-10,8.051529998276408e-10,5.254327251069668e-10,KvasirCVC__kvasir_cju3u39fog1bo0871lxjrabks_positive;KvasirCVC__cvc_444_positive,KvasirCVC__kvasir_cju87vqa0ndwg0850onjdz7ol_negative,KvasirCVC__kvasir_cju2zp89k9q1g0855k1x0f1xa_boundary
PolypGen__C2_EndoCV2021_001014,2.805836119001981e-10,3.1515914877822127e-10,3.457553687802317e-11,KvasirCVC__kvasir_cju3u39fog1bo0871lxjrabks_positive;KvasirCVC__cvc_444_positive,KvasirCVC__kvasir_cju87vqa0ndwg0850onjdz7ol_negative,KvasirCVC__kvasir_cju2zp89k9q1g0855k1x0f1xa_boundary
PolypGen__C4_10_endocv2021_positive_499,2.8153152031862305e-10,2.587991765334863e-10,-2.2732343785136777e-11,KvasirCVC__kvasir_cju3u39fog1bo0871lxjrabks_positive;KvasirCVC__cvc_444_positive,KvasirCVC__kvasir_cju87vqa0ndwg0850onjdz7ol_negative,KvasirCVC__kvasir_cju2zp89k9q1g0855k1x0f1xa_boundary
PolypGen__C1_673OLCV1_100H0010,2.823263567375278e-10,0.946185290813446,0.9461852905311197,KvasirCVC__kvasir_cju3u39fog1bo0871lxjrabks_positive;KvasirCVC__cvc_444_positive,KvasirCVC__kvasir_cju87vqa0ndwg0850onjdz7ol_negative,KvasirCVC__kvasir_cju2zp89k9q1g0855k1x0f1xa_boundary
PolypGen__C4_6_endocv2021_positive_233,2.8272548191488056e-10,0.008630394004285336,0.008630393721559854,KvasirCVC__kvasir_cju3u39fog1bo0871lxjrabks_positive;KvasirCVC__cvc_444_positive,KvasirCVC__kvasir_cju87vqa0ndwg0850onjdz7ol_negative,KvasirCVC__kvasir_cju2zp89k9q1g0855k1x0f1xa_boundary
PolypGen__C2_EndoCV2021_001417,2.889338213130088e-10,0.9650903940200806,0.9650903937311468,KvasirCVC__kvasir_cju3u39fog1bo0871lxjrabks_positive;KvasirCVC__cvc_444_positive,KvasirCVC__kvasir_cju87vqa0ndwg0850onjdz7ol_negative,KvasirCVC__kvasir_cju2zp89k9q1g0855k1x0f1xa_boundary
PolypGen__C4_19_endocv2021_positive_787,2.9282576363698354e-10,5.488474119630382e-10,2.5602164832605467e-10,KvasirCVC__kvasir_cju3u39fog1bo0871lxjrabks_positive;KvasirCVC__cvc_444_positive,KvasirCVC__kvasir_cju87vqa0ndwg0850onjdz7ol_negative,KvasirCVC__kvasir_cju2zp89k9q1g0855k1x0f1xa_boundary
PolypGen__C2_EndoCV2021_001002,2.987750324923155e-10,2.1824531071246156e-10,-8.052972177985396e-11,KvasirCVC__kvasir_cju3u39fog1bo0871lxjrabks_positive;KvasirCVC__cvc_444_positive,KvasirCVC__kvasir_cju87vqa0ndwg0850onjdz7ol_negative,KvasirCVC__kvasir_cju2zp89k9q1g0855k1x0f1xa_boundary
PolypGen__C4_9_endocv2021_positive_650,3.0807148498901427e-10,0.389072060585022,0.3890720602769505,KvasirCVC__kvasir_cju3u39fog1bo0871lxjrabks_positive;KvasirCVC__cvc_444_positive,KvasirCVC__kvasir_cju2y5zas8m7f0801d34g5owq_negative,KvasirCVC__kvasir_cju2zp89k9q1g0855k1x0f1xa_boundary
PolypGen__C5_EndoCV2021_C5_50000334,3.1152647128607214e-10,0.8743494153022766,0.8743494149907501,KvasirCVC__kvasir_cju3u39fog1bo0871lxjrabks_positive;KvasirCVC__cvc_444_positive,KvasirCVC__cvc_210_negative,KvasirCVC__kvasir_cju3u39fog1bo0871lxjrabks_boundary
PolypGen__C4_30_endocv2021_positive_1459,3.1240238174135015e-10,3.1240238174135015e-10,0.0,KvasirCVC__kvasir_cju3u39fog1bo0871lxjrabks_positive;KvasirCVC__cvc_444_positive,KvasirCVC__kvasir_cju87vqa0ndwg0850onjdz7ol_negative,KvasirCVC__kvasir_cju2zp89k9q1g0855k1x0f1xa_boundary
PolypGen__C1_431OLCV1_100S0007,3.1259769772695734e-10,3.1259769772695734e-10,0.0,KvasirCVC__kvasir_cju3u39fog1bo0871lxjrabks_positive;KvasirCVC__cvc_444_positive,KvasirCVC__kvasir_cju87vqa0ndwg0850onjdz7ol_negative,KvasirCVC__kvasir_cju2zp89k9q1g0855k1x0f1xa_boundary
PolypGen__C3_C3_EndoCV2021_00341,3.1505986708424416e-10,0.9741365909576416,0.9741365906425817,KvasirCVC__kvasir_cju3u39fog1bo0871lxjrabks_positive;KvasirCVC__kvasir_cju33w4sdcivk0855x879zht7_positive,KvasirCVC__kvasir_cju87vqa0ndwg0850onjdz7ol_negative,KvasirCVC__kvasir_cju2zp89k9q1g0855k1x0f1xa_boundary
PolypGen__C3_C3_EndoCV2021_00137,3.1847133263873673e-10,0.7725426554679871,0.7725426551495157,KvasirCVC__kvasir_cju3u39fog1bo0871lxjrabks_positive;KvasirCVC__kvasir_cju33w4sdcivk0855x879zht7_positive,KvasirCVC__kvasir_cju87vqa0ndwg0850onjdz7ol_negative,KvasirCVC__kvasir_cju2zp89k9q1g0855k1x0f1xa_boundary
PolypGen__C4_23_endocv2021_positive_1337,3.254148894793474e-10,0.6506178975105286,0.6506178971851136,KvasirCVC__kvasir_cju3u39fog1bo0871lxjrabks_positive;KvasirCVC__cvc_444_positive,KvasirCVC__kvasir_cju87vqa0ndwg0850onjdz7ol_negative,KvasirCVC__kvasir_cju2zp89k9q1g0855k1x0f1xa_boundary
PolypGen__C2_EndoCV2021_001232,3.26370763747974e-10,0.9782820343971252,0.9782820340707545,KvasirCVC__kvasir_cju3u39fog1bo0871lxjrabks_positive;KvasirCVC__cvc_444_positive,KvasirCVC__cvc_210_negative,KvasirCVC__kvasir_cju2zp89k9q1g0855k1x0f1xa_boundary
PolypGen__C4_11_endocv2021_positive_625,3.3057850901130337e-10,3.24254206818253e-10,-6.324302193050357e-12,KvasirCVC__kvasir_cju3u39fog1bo0871lxjrabks_positive;KvasirCVC__cvc_444_positive,KvasirCVC__kvasir_cju87vqa0ndwg0850onjdz7ol_negative,KvasirCVC__kvasir_cju2zp89k9q1g0855k1x0f1xa_boundary
PolypGen__C3_C3_EndoCV2021_00410,3.3818059463897043e-10,0.18194639682769775,0.18194639648951716,KvasirCVC__kvasir_cju3u39fog1bo0871lxjrabks_positive;KvasirCVC__cvc_444_positive,KvasirCVC__kvasir_cju87vqa0ndwg0850onjdz7ol_negative,KvasirCVC__kvasir_cju2zp89k9q1g0855k1x0f1xa_boundary
PolypGen__C5_EndoCV2021_C5_50000319,3.3944330679602785e-10,0.5136165618896484,0.5136165615502051,KvasirCVC__kvasir_cju3u39fog1bo0871lxjrabks_positive;KvasirCVC__cvc_444_positive,KvasirCVC__kvasir_cju87vqa0ndwg0850onjdz7ol_negative,KvasirCVC__kvasir_cju2zp89k9q1g0855k1x0f1xa_boundary
PolypGen__C2_EndoCV2021_001296,3.4246575020269177e-10,0.8039950132369995,0.8039950128945338,KvasirCVC__kvasir_cju3u39fog1bo0871lxjrabks_positive;KvasirCVC__cvc_444_positive,KvasirCVC__kvasir_cju87vqa0ndwg0850onjdz7ol_negative,KvasirCVC__kvasir_cju2zp89k9q1g0855k1x0f1xa_boundary
PolypGen__C4_18_endocv2021_positive_115,3.4447122931879903e-10,9.858044242028186e-11,-2.458907868985172e-10,KvasirCVC__kvasir_cju3u39fog1bo0871lxjrabks_positive;KvasirCVC__cvc_444_positive,KvasirCVC__kvasir_cju87vqa0ndwg0850onjdz7ol_negative,KvasirCVC__kvasir_cju2zp89k9q1g0855k1x0f1xa_boundary
PolypGen__C3_C3_EndoCV2021_0084,3.469812492884472e-10,0.9558599591255188,0.9558599587785376,KvasirCVC__kvasir_cju3u39fog1bo0871lxjrabks_positive;KvasirCVC__cvc_444_positive,KvasirCVC__kvasir_cju87vqa0ndwg0850onjdz7ol_negative,KvasirCVC__kvasir_cju2zp89k9q1g0855k1x0f1xa_boundary
PolypGen__C2_EndoCV2021_001303,3.4891833866623756e-10,0.7824805378913879,0.7824805375424696,KvasirCVC__kvasir_cju3u39fog1bo0871lxjrabks_positive;KvasirCVC__cvc_54_positive,KvasirCVC__cvc_210_negative,KvasirCVC__kvasir_cju2zp89k9q1g0855k1x0f1xa_boundary
PolypGen__C1_176OLCV1_100H0290,3.552397820349995e-10,0.1369525045156479,0.1369525041604081,KvasirCVC__kvasir_cju3u39fog1bo0871lxjrabks_positive;KvasirCVC__cvc_444_positive,KvasirCVC__kvasir_cju87vqa0ndwg0850onjdz7ol_negative,KvasirCVC__kvasir_cju2zp89k9q1g0855k1x0f1xa_boundary
PolypGen__C5_EndoCV2021_C5_50000074,3.5587188751406984e-10,3.599711917434689e-10,4.099304229399081e-12,KvasirCVC__kvasir_cju3u39fog1bo0871lxjrabks_positive;KvasirCVC__cvc_444_positive,KvasirCVC__kvasir_cju87vqa0ndwg0850onjdz7ol_negative,KvasirCVC__kvasir_cju2zp89k9q1g0855k1x0f1xa_boundary
PolypGen__C4_19_endocv2021_positive_879,3.6764705169112233e-10,3.6764705169112233e-10,0.0,KvasirCVC__kvasir_cju3u39fog1bo0871lxjrabks_positive;KvasirCVC__cvc_444_positive,KvasirCVC__kvasir_cju87vqa0ndwg0850onjdz7ol_negative,KvasirCVC__kvasir_cju2zp89k9q1g0855k1x0f1xa_boundary
PolypGen__C2_EndoCV2021_001154,3.734129949695131e-10,0.6943292021751404,0.6943292018017274,KvasirCVC__kvasir_cju3u39fog1bo0871lxjrabks_positive;KvasirCVC__cvc_444_positive,KvasirCVC__kvasir_cju87vqa0ndwg0850onjdz7ol_negative,KvasirCVC__kvasir_cju2zp89k9q1g0855k1x0f1xa_boundary
PolypGen__C3_C3_EndoCV2021_00477,3.9401101825653484e-10,3.9401101825653484e-10,0.0,KvasirCVC__kvasir_cju3u39fog1bo0871lxjrabks_positive;KvasirCVC__cvc_444_positive,KvasirCVC__kvasir_cju87vqa0ndwg0850onjdz7ol_negative,KvasirCVC__kvasir_cju2zp89k9q1g0855k1x0f1xa_boundary
PolypGen__C4_23_endocv2021_positive_1169,4.0600892092790275e-10,0.41613587737083435,0.41613587696482546,KvasirCVC__kvasir_cju3u39fog1bo0871lxjrabks_positive;KvasirCVC__cvc_444_positive,KvasirCVC__kvasir_cju87vqa0ndwg0850onjdz7ol_negative,KvasirCVC__kvasir_cju2zp89k9q1g0855k1x0f1xa_boundary
PolypGen__C2_EndoCV2021_001174,4.0966816050591603e-10,0.9170897006988525,0.9170897002891844,KvasirCVC__kvasir_cju3u39fog1bo0871lxjrabks_positive;KvasirCVC__cvc_444_positive,KvasirCVC__cvc_210_negative,KvasirCVC__kvasir_cju2zp89k9q1g0855k1x0f1xa_boundary
PolypGen__C6_EndoCV2021_C6_0100039,4.0966816050591603e-10,0.9056603908538818,0.9056603904442136,KvasirCVC__kvasir_cju3u39fog1bo0871lxjrabks_positive;KvasirCVC__cvc_444_positive,KvasirCVC__kvasir_cju87vqa0ndwg0850onjdz7ol_negative,KvasirCVC__kvasir_cju2zp89k9q1g0855k1x0f1xa_boundary
PolypGen__C5_EndoCV2021_C5_50000123,4.128819230952985e-10,0.09309515357017517,0.09309515315729325,KvasirCVC__kvasir_cju3u39fog1bo0871lxjrabks_positive;KvasirCVC__cvc_444_positive,KvasirCVC__kvasir_cju87vqa0ndwg0850onjdz7ol_negative,KvasirCVC__kvasir_cju2zp89k9q1g0855k1x0f1xa_boundary
PolypGen__C2_EndoCV2021_001058,4.184100288462389e-10,0.6899384260177612,0.6899384255993513,KvasirCVC__kvasir_cju3u39fog1bo0871lxjrabks_positive;KvasirCVC__cvc_444_positive,KvasirCVC__kvasir_cju87vqa0ndwg0850onjdz7ol_negative,KvasirCVC__kvasir_cju2zp89k9q1g0855k1x0f1xa_boundary
PolypGen__C4_29_endocv2021_positive_323,4.184100288462389e-10,3.929273018066226e-10,-2.5482727039616293e-11,KvasirCVC__kvasir_cju3u39fog1bo0871lxjrabks_positive;KvasirCVC__cvc_444_positive,KvasirCVC__kvasir_cju87vqa0ndwg0850onjdz7ol_negative,KvasirCVC__kvasir_cju2zp89k9q1g0855k1x0f1xa_boundary
PolypGen__C4_21_endocv2021_positive_1207,4.2753312001764243e-10,1.582278530420922e-09,1.1547454104032795e-09,KvasirCVC__kvasir_cju3u39fog1bo0871lxjrabks_positive;KvasirCVC__cvc_444_positive,KvasirCVC__kvasir_cju87vqa0ndwg0850onjdz7ol_negative,KvasirCVC__kvasir_cju2zp89k9q1g0855k1x0f1xa_boundary
PolypGen__C2_EndoCV2021_001292,4.3365133706174674e-10,0.43127256631851196,0.4312725658848606,KvasirCVC__kvasir_cju3u39fog1bo0871lxjrabks_positive;KvasirCVC__cvc_96_positive,KvasirCVC__kvasir_cju87vqa0ndwg0850onjdz7ol_negative,KvasirCVC__kvasir_cju2zp89k9q1g0855k1x0f1xa_boundary
PolypGen__C6_EndoCV2021_C6_0100046,4.3459366660947296e-10,0.9653698205947876,0.9653698201601939,KvasirCVC__kvasir_cju3u39fog1bo0871lxjrabks_positive;KvasirCVC__cvc_54_positive,KvasirCVC__cvc_210_negative,KvasirCVC__cvc_54_boundary
PolypGen__C5_EndoCV2021_C5_50000115,4.387889496193509e-10,0.06582555919885635,0.0658255587600674,KvasirCVC__kvasir_cju3u39fog1bo0871lxjrabks_positive;KvasirCVC__cvc_444_positive,KvasirCVC__kvasir_cju87vqa0ndwg0850onjdz7ol_negative,KvasirCVC__kvasir_cju2zp89k9q1g0855k1x0f1xa_boundary
PolypGen__C3_C3_EndoCV2021_0096,4.395604435991629e-10,1.5772870787245097e-09,1.1377266351253468e-09,KvasirCVC__kvasir_cju3u39fog1bo0871lxjrabks_positive;KvasirCVC__cvc_444_positive,KvasirCVC__cvc_210_negative,KvasirCVC__kvasir_cju2zp89k9q1g0855k1x0f1xa_boundary
PolypGen__C2_EndoCV2021_001159,4.405286413433629e-10,0.014914244413375854,0.014914243972847213,KvasirCVC__kvasir_cju3u39fog1bo0871lxjrabks_positive;KvasirCVC__cvc_444_positive,KvasirCVC__kvasir_cju87vqa0ndwg0850onjdz7ol_negative,KvasirCVC__kvasir_cju2zp89k9q1g0855k1x0f1xa_boundary
PolypGen__C3_C3_EndoCV2021_0077,4.438526490790906e-10,0.9329372048377991,0.9329372043939465,KvasirCVC__kvasir_cju3u39fog1bo0871lxjrabks_positive;KvasirCVC__cvc_444_positive,KvasirCVC__cvc_210_negative,KvasirCVC__kvasir_cju2zp89k9q1g0855k1x0f1xa_boundary
PolypGen__C6_EndoCV2021_C6_0100091,4.440497414215372e-10,4.440497414215372e-10,0.0,KvasirCVC__cvc_54_positive;KvasirCVC__kvasir_cju3u39fog1bo0871lxjrabks_positive,KvasirCVC__cvc_210_negative,KvasirCVC__cvc_54_boundary
PolypGen__C1_779OLCV1_100H0006,4.4843048718767875e-10,4.4843048718767875e-10,0.0,KvasirCVC__kvasir_cju3u39fog1bo0871lxjrabks_positive;KvasirCVC__cvc_444_positive,KvasirCVC__kvasir_cju87vqa0ndwg0850onjdz7ol_negative,KvasirCVC__kvasir_cju2zp89k9q1g0855k1x0f1xa_boundary
PolypGen__C3_C3_EndoCV2021_0036,4.638218975561159e-10,0.7306904792785645,0.7306904788147426,KvasirCVC__kvasir_cju3u39fog1bo0871lxjrabks_positive;KvasirCVC__cvc_444_positive,KvasirCVC__kvasir_cju87vqa0ndwg0850onjdz7ol_negative,KvasirCVC__kvasir_cju2zp89k9q1g0855k1x0f1xa_boundary
PolypGen__C4_14_endocv2021_positive_1242,4.6468401349031296e-10,4.374453299593739e-10,-2.7238683530939056e-11,KvasirCVC__kvasir_cju3u39fog1bo0871lxjrabks_positive;KvasirCVC__cvc_444_positive,KvasirCVC__kvasir_cju87vqa0ndwg0850onjdz7ol_negative,KvasirCVC__kvasir_cju2zp89k9q1g0855k1x0f1xa_boundary
PolypGen__C5_EndoCV2021_C5_50000203,4.894762373197636e-10,4.894762373197636e-10,0.0,KvasirCVC__kvasir_cju3u39fog1bo0871lxjrabks_positive;KvasirCVC__cvc_444_positive,KvasirCVC__kvasir_cju87vqa0ndwg0850onjdz7ol_negative,KvasirCVC__kvasir_cju2zp89k9q1g0855k1x0f1xa_boundary
PolypGen__C3_C3_EndoCV2021_00261,4.899559091775529e-10,0.7652173638343811,0.7652173633444252,KvasirCVC__kvasir_cju3u39fog1bo0871lxjrabks_positive;KvasirCVC__cvc_444_positive,KvasirCVC__kvasir_cju87vqa0ndwg0850onjdz7ol_negative,KvasirCVC__kvasir_cju2zp89k9q1g0855k1x0f1xa_boundary
PolypGen__C1_906OLCV1_100H0010,4.967710132142145e-10,0.014436425641179085,0.014436425144408072,KvasirCVC__kvasir_cju3u39fog1bo0871lxjrabks_positive;KvasirCVC__cvc_54_positive,KvasirCVC__kvasir_cju87vqa0ndwg0850onjdz7ol_negative,KvasirCVC__kvasir_cju2zp89k9q1g0855k1x0f1xa_boundary
PolypGen__C2_EndoCV2021_001401,4.982561030431043e-10,0.9567062854766846,0.9567062849784285,KvasirCVC__kvasir_cju3u39fog1bo0871lxjrabks_positive;KvasirCVC__cvc_444_positive,KvasirCVC__kvasir_cju2y5zas8m7f0801d34g5owq_negative,KvasirCVC__kvasir_cju2zp89k9q1g0855k1x0f1xa_boundary
PolypGen__C6_EndoCV2021_C6_0100008,4.987530943800778e-10,0.5523471236228943,0.5523471231241412,KvasirCVC__kvasir_cju3u39fog1bo0871lxjrabks_positive;KvasirCVC__cvc_444_positive,KvasirCVC__kvasir_cju87vqa0ndwg0850onjdz7ol_negative,KvasirCVC__kvasir_cju2zp89k9q1g0855k1x0f1xa_boundary
PolypGen__C3_C3_EndoCV2021_00313,4.995004965202554e-10,0.09090909361839294,0.09090909311889245,KvasirCVC__kvasir_cju3u39fog1bo0871lxjrabks_positive;KvasirCVC__cvc_444_positive,KvasirCVC__kvasir_cju87vqa0ndwg0850onjdz7ol_negative,KvasirCVC__kvasir_cju2zp89k9q1g0855k1x0f1xa_boundary
PolypGen__C3_C3_EndoCV2021_0087,5.271481029467395e-10,6.958942311285909e-10,1.6874612818185142e-10,KvasirCVC__kvasir_cju3u39fog1bo0871lxjrabks_positive;KvasirCVC__cvc_444_positive,KvasirCVC__kvasir_cju87vqa0ndwg0850onjdz7ol_negative,KvasirCVC__kvasir_cju2zp89k9q1g0855k1x0f1xa_boundary
PolypGen__C1_732OLCV1_100H0036,5.296610372518273e-10,0.1054263561964035,0.10542635566674247,KvasirCVC__kvasir_cju3u39fog1bo0871lxjrabks_positive;KvasirCVC__cvc_444_positive,KvasirCVC__kvasir_cju87vqa0ndwg0850onjdz7ol_negative,KvasirCVC__kvasir_cju2zp89k9q1g0855k1x0f1xa_boundary
PolypGen__C3_C3_EndoCV2021_00149,5.310674677794225e-10,0.7886759042739868,0.7886759037429194,KvasirCVC__kvasir_cju3u39fog1bo0871lxjrabks_positive;KvasirCVC__cvc_54_positive,KvasirCVC__cvc_210_negative,KvasirCVC__kvasir_cju2zp89k9q1g0855k1x0f1xa_boundary
PolypGen__C4_17_endocv2021_positive_151,5.449591333750448e-10,5.449591333750448e-10,0.0,KvasirCVC__kvasir_cju3u39fog1bo0871lxjrabks_positive;KvasirCVC__cvc_444_positive,KvasirCVC__kvasir_cju87vqa0ndwg0850onjdz7ol_negative,KvasirCVC__kvasir_cju2zp89k9q1g0855k1x0f1xa_boundary
PolypGen__C4_28_endocv2021_positive_201,5.540166103656929e-10,7.641170335359604e-11,-4.776049070120969e-10,KvasirCVC__kvasir_cju3u39fog1bo0871lxjrabks_positive;KvasirCVC__cvc_444_positive,KvasirCVC__kvasir_cju87vqa0ndwg0850onjdz7ol_negative,KvasirCVC__kvasir_cju2zp89k9q1g0855k1x0f1xa_boundary
PolypGen__C2_EndoCV2021_001376,5.56483026326049e-10,0.7274290919303894,0.7274290913739063,KvasirCVC__kvasir_cju3u39fog1bo0871lxjrabks_positive;KvasirCVC__cvc_54_positive,KvasirCVC__cvc_210_negative,KvasirCVC__kvasir_cju2zp89k9q1g0855k1x0f1xa_boundary
PolypGen__C1_342OLCV1_100H0004,5.58659229987768e-10,0.9540295004844666,0.9540294999258073,KvasirCVC__kvasir_cju3u39fog1bo0871lxjrabks_positive;KvasirCVC__kvasir_cju33w4sdcivk0855x879zht7_positive,KvasirCVC__kvasir_cju87vqa0ndwg0850onjdz7ol_negative,KvasirCVC__kvasir_cju2zp89k9q1g0855k1x0f1xa_boundary
PolypGen__C2_EndoCV2021_001351,5.621135223954354e-10,0.9010903239250183,0.9010903233629048,KvasirCVC__kvasir_cju3u39fog1bo0871lxjrabks_positive;KvasirCVC__cvc_444_positive,KvasirCVC__kvasir_cju87vqa0ndwg0850onjdz7ol_negative,KvasirCVC__kvasir_cju2zp89k9q1g0855k1x0f1xa_boundary
PolypGen__C2_EndoCV2021_001099,5.640157785258282e-10,0.9281129837036133,0.9281129831395976,KvasirCVC__kvasir_cju3u39fog1bo0871lxjrabks_positive;KvasirCVC__cvc_444_positive,KvasirCVC__kvasir_cju87vqa0ndwg0850onjdz7ol_negative,KvasirCVC__kvasir_cju2zp89k9q1g0855k1x0f1xa_boundary
PolypGen__C2_EndoCV2021_001235,5.743825415294168e-10,0.9286274313926697,0.9286274308182871,KvasirCVC__kvasir_cju3u39fog1bo0871lxjrabks_positive;KvasirCVC__cvc_444_positive,KvasirCVC__kvasir_cju87vqa0ndwg0850onjdz7ol_negative,KvasirCVC__kvasir_cju2zp89k9q1g0855k1x0f1xa_boundary
PolypGen__C3_C3_EndoCV2021_00157,5.875440689528943e-10,0.9609609842300415,0.9609609836424975,KvasirCVC__kvasir_cju3u39fog1bo0871lxjrabks_positive;KvasirCVC__cvc_444_positive,KvasirCVC__cvc_210_negative,KvasirCVC__kvasir_cju2zp89k9q1g0855k1x0f1xa_boundary
PolypGen__C2_EndoCV2021_001413,5.892751842040411e-10,0.9685577750205994,0.9685577744313242,KvasirCVC__kvasir_cju3u39fog1bo0871lxjrabks_positive;KvasirCVC__cvc_444_positive,KvasirCVC__kvasir_cju87vqa0ndwg0850onjdz7ol_negative,KvasirCVC__kvasir_cju2zp89k9q1g0855k1x0f1xa_boundary
PolypGen__C3_C3_EndoCV2021_00420,5.903187938471888e-10,0.9762892723083496,0.9762892717180308,KvasirCVC__kvasir_cju3u39fog1bo0871lxjrabks_positive;KvasirCVC__cvc_444_positive,KvasirCVC__cvc_210_negative,KvasirCVC__kvasir_cju2zp89k9q1g0855k1x0f1xa_boundary
PolypGen__C2_EndoCV2021_001318,6.016847020617888e-10,0.14781297743320465,0.14781297683151995,KvasirCVC__kvasir_cju3u39fog1bo0871lxjrabks_positive;KvasirCVC__cvc_444_positive,KvasirCVC__kvasir_cju87vqa0ndwg0850onjdz7ol_negative,KvasirCVC__kvasir_cju2zp89k9q1g0855k1x0f1xa_boundary
PolypGen__C2_EndoCV2021_001251,6.071645408667337e-10,0.8403361439704895,0.840336143363325,KvasirCVC__kvasir_cju3u39fog1bo0871lxjrabks_positive;KvasirCVC__cvc_444_positive,KvasirCVC__kvasir_cju87vqa0ndwg0850onjdz7ol_negative,KvasirCVC__kvasir_cju2zp89k9q1g0855k1x0f1xa_boundary
PolypGen__C4_14_endocv2021_positive_503,6.188118906180762e-10,1.5199878855565174e-10,-4.668131020624244e-10,KvasirCVC__kvasir_cju3u39fog1bo0871lxjrabks_positive;KvasirCVC__cvc_444_positive,KvasirCVC__kvasir_cju2y5zas8m7f0801d34g5owq_negative,KvasirCVC__kvasir_cju2zp89k9q1g0855k1x0f1xa_boundary
PolypGen__C4_23_endocv2021_positive_1299,6.238303207339868e-10,8.368200576924778e-10,2.12989736958491e-10,KvasirCVC__kvasir_cju3u39fog1bo0871lxjrabks_positive;KvasirCVC__cvc_444_positive,KvasirCVC__kvasir_cju87vqa0ndwg0850onjdz7ol_negative,KvasirCVC__kvasir_cju2zp89k9q1g0855k1x0f1xa_boundary
PolypGen__C3_C3_EndoCV2021_00383,6.273525587907613e-10,7.336757312792486e-10,1.0632317248848722e-10,KvasirCVC__kvasir_cju3u39fog1bo0871lxjrabks_positive;KvasirCVC__cvc_444_positive,KvasirCVC__kvasir_cju87vqa0ndwg0850onjdz7ol_negative,KvasirCVC__kvasir_cju2zp89k9q1g0855k1x0f1xa_boundary
PolypGen__C5_EndoCV2021_C5_50000102,6.459948131976034e-10,0.3390476107597351,0.3390476101137403,KvasirCVC__kvasir_cju3u39fog1bo0871lxjrabks_positive;KvasirCVC__cvc_444_positive,KvasirCVC__kvasir_cju87vqa0ndwg0850onjdz7ol_negative,KvasirCVC__kvasir_cju2zp89k9q1g0855k1x0f1xa_boundary
PolypGen__C5_EndoCV2021_C5_50000048,6.514657702183513e-10,0.24778760969638824,0.24778760904492247,KvasirCVC__cvc_54_positive;KvasirCVC__kvasir_cju3u39fog1bo0871lxjrabks_positive,KvasirCVC__cvc_210_negative,KvasirCVC__cvc_54_boundary
PolypGen__C4_12_endocv2021_positive_679,6.548788733518052e-10,7.057163187162985e-10,5.0837445364493306e-11,KvasirCVC__kvasir_cju3u39fog1bo0871lxjrabks_positive;KvasirCVC__cvc_444_positive,KvasirCVC__kvasir_cju87vqa0ndwg0850onjdz7ol_negative,KvasirCVC__kvasir_cju2zp89k9q1g0855k1x0f1xa_boundary
PolypGen__C2_EndoCV2021_001094,6.561679533056974e-10,6.561679533056974e-10,0.0,KvasirCVC__kvasir_cju3u39fog1bo0871lxjrabks_positive;KvasirCVC__cvc_444_positive,KvasirCVC__kvasir_cju87vqa0ndwg0850onjdz7ol_negative,KvasirCVC__kvasir_cju2zp89k9q1g0855k1x0f1xa_boundary
PolypGen__C3_C3_EndoCV2021_0054,6.622516424137359e-10,0.15522387623786926,0.15522387557561762,KvasirCVC__kvasir_cju3u39fog1bo0871lxjrabks_positive;KvasirCVC__cvc_444_positive,KvasirCVC__kvasir_cju87vqa0ndwg0850onjdz7ol_negative,KvasirCVC__kvasir_cju2zp89k9q1g0855k1x0f1xa_boundary
PolypGen__C5_EndoCV2021_C5_50000221,6.675567321146048e-10,6.973500665807819e-10,2.979333446617716e-11,KvasirCVC__kvasir_cju3u39fog1bo0871lxjrabks_positive;KvasirCVC__cvc_444_positive,KvasirCVC__kvasir_cju87vqa0ndwg0850onjdz7ol_negative,KvasirCVC__kvasir_cju2zp89k9q1g0855k1x0f1xa_boundary
PolypGen__C2_EndoCV2021_001040,6.802721164156367e-10,0.9434599280357361,0.943459927355464,KvasirCVC__kvasir_cju3u39fog1bo0871lxjrabks_positive;KvasirCVC__kvasir_cju33w4sdcivk0855x879zht7_positive,KvasirCVC__kvasir_cju87vqa0ndwg0850onjdz7ol_negative,KvasirCVC__kvasir_cju2zp89k9q1g0855k1x0f1xa_boundary
PolypGen__C5_EndoCV2021_C5_50000368,6.877579061814743e-10,0.4402163028717041,0.4402163021839462,KvasirCVC__kvasir_cju3u39fog1bo0871lxjrabks_positive;KvasirCVC__cvc_444_positive,KvasirCVC__kvasir_cju87vqa0ndwg0850onjdz7ol_negative,KvasirCVC__kvasir_cju2zp89k9q1g0855k1x0f1xa_boundary
PolypGen__C2_EndoCV2021_001369,6.910850225416709e-10,0.4065934121608734,0.4065934114697884,KvasirCVC__kvasir_cju3u39fog1bo0871lxjrabks_positive;KvasirCVC__cvc_444_positive,KvasirCVC__kvasir_cju87vqa0ndwg0850onjdz7ol_negative,KvasirCVC__kvasir_cju2zp89k9q1g0855k1x0f1xa_boundary
PolypGen__C4_10_endocv2021_positive_895,7.01262270474956e-10,0.6514285802841187,0.6514285795828564,KvasirCVC__kvasir_cju3u39fog1bo0871lxjrabks_positive;KvasirCVC__cvc_444_positive,KvasirCVC__kvasir_cju87vqa0ndwg0850onjdz7ol_negative,KvasirCVC__kvasir_cju2zp89k9q1g0855k1x0f1xa_boundary
PolypGen__C3_C3_EndoCV2021_00400,7.022472048312522e-10,0.06976744532585144,0.06976744462360424,KvasirCVC__kvasir_cju3u39fog1bo0871lxjrabks_positive;KvasirCVC__cvc_444_positive,KvasirCVC__kvasir_cju87vqa0ndwg0850onjdz7ol_negative,KvasirCVC__kvasir_cju2zp89k9q1g0855k1x0f1xa_boundary
PolypGen__C4_32_endocv2021_positive_339,7.08717196040709e-10,4.901960504177794e-10,-2.1852114562292968e-10,KvasirCVC__kvasir_cju3u39fog1bo0871lxjrabks_positive;KvasirCVC__cvc_444_positive,KvasirCVC__kvasir_cju87vqa0ndwg0850onjdz7ol_negative,KvasirCVC__kvasir_cju2zp89k9q1g0855k1x0f1xa_boundary
PolypGen__C1_226OLCV1_100H0002,7.194244644459502e-10,7.194244644459502e-10,0.0,KvasirCVC__kvasir_cju3u39fog1bo0871lxjrabks_positive;KvasirCVC__cvc_444_positive,KvasirCVC__kvasir_cju87vqa0ndwg0850onjdz7ol_negative,KvasirCVC__kvasir_cju2zp89k9q1g0855k1x0f1xa_boundary
PolypGen__C2_EndoCV2021_001161,7.304601923330267e-10,1.0418837320669283e-10,-6.262718191263339e-10,KvasirCVC__kvasir_cju3u39fog1bo0871lxjrabks_positive;KvasirCVC__cvc_444_positive,KvasirCVC__kvasir_cju87vqa0ndwg0850onjdz7ol_negative,KvasirCVC__kvasir_cju2zp89k9q1g0855k1x0f1xa_boundary
PolypGen__C1_176OLCV1_100H0002,7.547169555977007e-10,0.8019077777862549,0.8019077770315379,KvasirCVC__kvasir_cju3u39fog1bo0871lxjrabks_positive;KvasirCVC__cvc_444_positive,KvasirCVC__kvasir_cju87vqa0ndwg0850onjdz7ol_negative,KvasirCVC__kvasir_cju2zp89k9q1g0855k1x0f1xa_boundary
PolypGen__C4_23_endocv2021_positive_1047,7.627765086226646e-10,3.9154268716146134e-10,-3.712338214612032e-10,KvasirCVC__kvasir_cju3u39fog1bo0871lxjrabks_positive;KvasirCVC__cvc_444_positive,KvasirCVC__kvasir_cju87vqa0ndwg0850onjdz7ol_negative,KvasirCVC__kvasir_cju2zp89k9q1g0855k1x0f1xa_boundary
PolypGen__C1_143OLCV1_100H0018,7.633587650879292e-10,1.510573999219389e-09,7.472152341314597e-10,KvasirCVC__kvasir_cju3u39fog1bo0871lxjrabks_positive;KvasirCVC__cvc_444_positive,KvasirCVC__kvasir_cju87vqa0ndwg0850onjdz7ol_negative,KvasirCVC__kvasir_cju2zp89k9q1g0855k1x0f1xa_boundary
PolypGen__C5_EndoCV2021_C5_50000025,7.639419652427648e-10,0.7379032373428345,0.7379032365788925,KvasirCVC__kvasir_cju3u39fog1bo0871lxjrabks_positive;KvasirCVC__cvc_444_positive,KvasirCVC__kvasir_cju87vqa0ndwg0850onjdz7ol_negative,KvasirCVC__kvasir_cju2zp89k9q1g0855k1x0f1xa_boundary
PolypGen__C3_C3_EndoCV2021_00116,7.727975481763849e-10,0.006072875577956438,0.00607287480515889,KvasirCVC__kvasir_cju3u39fog1bo0871lxjrabks_positive;KvasirCVC__kvasir_cju33w4sdcivk0855x879zht7_positive,KvasirCVC__kvasir_cju87vqa0ndwg0850onjdz7ol_negative,KvasirCVC__kvasir_cju2zp89k9q1g0855k1x0f1xa_boundary
PolypGen__C5_EndoCV2021_C5_50000007,7.794232481650454e-10,9.746589091363944e-10,1.9523566097134903e-10,KvasirCVC__kvasir_cju3u39fog1bo0871lxjrabks_positive;KvasirCVC__cvc_444_positive,KvasirCVC__kvasir_cju87vqa0ndwg0850onjdz7ol_negative,KvasirCVC__kvasir_cju2zp89k9q1g0855k1x0f1xa_boundary
PolypGen__C2_EndoCV2021_001414,7.818608538379124e-10,0.9628751873970032,0.9628751866151424,KvasirCVC__kvasir_cju3u39fog1bo0871lxjrabks_positive;KvasirCVC__cvc_444_positive,KvasirCVC__kvasir_cju87vqa0ndwg0850onjdz7ol_negative,KvasirCVC__kvasir_cju2zp89k9q1g0855k1x0f1xa_boundary
PolypGen__C1_732OLCV1_100H0012,7.849293437445226e-10,6.48508413636506e-10,-1.364209301080166e-10,KvasirCVC__kvasir_cju3u39fog1bo0871lxjrabks_positive;KvasirCVC__cvc_444_positive,KvasirCVC__kvasir_cju87vqa0ndwg0850onjdz7ol_negative,KvasirCVC__kvasir_cju2zp89k9q1g0855k1x0f1xa_boundary
PolypGen__C4_12_endocv2021_positive_566,7.987220329574996e-10,0.704753577709198,0.704753576910476,KvasirCVC__kvasir_cju3u39fog1bo0871lxjrabks_positive;KvasirCVC__cvc_444_positive,KvasirCVC__kvasir_cju87vqa0ndwg0850onjdz7ol_negative,KvasirCVC__kvasir_cju2zp89k9q1g0855k1x0f1xa_boundary
PolypGen__C2_EndoCV2021_001283,8.038585352920791e-10,0.8195615410804749,0.8195615402766163,KvasirCVC__kvasir_cju3u39fog1bo0871lxjrabks_positive;KvasirCVC__cvc_444_positive,KvasirCVC__kvasir_cju87vqa0ndwg0850onjdz7ol_negative,KvasirCVC__kvasir_cju2zp89k9q1g0855k1x0f1xa_boundary
PolypGen__C5_EndoCV2021_C5_50000269,8.123476891164216e-10,7.698229276265067e-10,-4.252476148991491e-11,KvasirCVC__kvasir_cju3u39fog1bo0871lxjrabks_positive;KvasirCVC__cvc_444_positive,KvasirCVC__kvasir_cju87vqa0ndwg0850onjdz7ol_negative,KvasirCVC__kvasir_cju2zp89k9q1g0855k1x0f1xa_boundary
PolypGen__C3_C3_EndoCV2021_0098,8.250825023203845e-10,0.8947368264198303,0.8947368255947479,KvasirCVC__kvasir_cju3u39fog1bo0871lxjrabks_positive;KvasirCVC__cvc_444_positive,KvasirCVC__kvasir_cju87vqa0ndwg0850onjdz7ol_negative,KvasirCVC__kvasir_cju2zp89k9q1g0855k1x0f1xa_boundary
PolypGen__C3_C3_EndoCV2021_0043,8.285004349239955e-10,9.09918085323369e-10,8.141765039937354e-11,KvasirCVC__kvasir_cju3u39fog1bo0871lxjrabks_positive;KvasirCVC__cvc_444_positive,KvasirCVC__cvc_210_negative,KvasirCVC__kvasir_cju2zp89k9q1g0855k1x0f1xa_boundary
PolypGen__C5_EndoCV2021_C5_50000178,8.319467337258857e-10,0.8181818127632141,0.8181818119312674,KvasirCVC__kvasir_cju3u39fog1bo0871lxjrabks_positive;KvasirCVC__cvc_444_positive,KvasirCVC__cvc_210_negative,KvasirCVC__kvasir_cju2zp89k9q1g0855k1x0f1xa_boundary
PolypGen__C3_C3_EndoCV2021_00228,8.43881853285211e-10,0.6542655825614929,0.6542655817176111,KvasirCVC__kvasir_cju3u39fog1bo0871lxjrabks_positive;KvasirCVC__cvc_444_positive,KvasirCVC__kvasir_cju87vqa0ndwg0850onjdz7ol_negative,KvasirCVC__kvasir_cju2zp89k9q1g0855k1x0f1xa_boundary
PolypGen__C5_EndoCV2021_C5_50000313,8.605852142018477e-10,0.8812077641487122,0.881207763288127,KvasirCVC__kvasir_cju3u39fog1bo0871lxjrabks_positive;KvasirCVC__cvc_444_positive,KvasirCVC__kvasir_cju87vqa0ndwg0850onjdz7ol_negative,KvasirCVC__kvasir_cju2zp89k9q1g0855k1x0f1xa_boundary
PolypGen__C2_EndoCV2021_001347,8.635578363502816e-10,8.554320030107476e-10,-8.125833339533983e-12,KvasirCVC__kvasir_cju3u39fog1bo0871lxjrabks_positive;KvasirCVC__cvc_444_positive,KvasirCVC__kvasir_cju87vqa0ndwg0850onjdz7ol_negative,KvasirCVC__kvasir_cju2zp89k9q1g0855k1x0f1xa_boundary
PolypGen__C5_EndoCV2021_C5_50000212,8.68055571867643e-10,8.8417329013879e-10,1.611771827114694e-11,KvasirCVC__kvasir_cju3u39fog1bo0871lxjrabks_positive;KvasirCVC__cvc_444_positive,KvasirCVC__kvasir_cju87vqa0ndwg0850onjdz7ol_negative,KvasirCVC__kvasir_cju2zp89k9q1g0855k1x0f1xa_boundary
PolypGen__C2_EndoCV2021_001239,8.764242109826625e-10,0.6666666865348816,0.6666666856584573,KvasirCVC__kvasir_cju3u39fog1bo0871lxjrabks_positive;KvasirCVC__cvc_444_positive,KvasirCVC__kvasir_cju87vqa0ndwg0850onjdz7ol_negative,KvasirCVC__kvasir_cju2zp89k9q1g0855k1x0f1xa_boundary
PolypGen__C4_18_endocv2021_positive_1492,8.810572826867258e-10,0.6504854559898376,0.6504854551087804,KvasirCVC__kvasir_cju3u39fog1bo0871lxjrabks_positive;KvasirCVC__cvc_444_positive,KvasirCVC__kvasir_cju87vqa0ndwg0850onjdz7ol_negative,KvasirCVC__kvasir_cju2zp89k9q1g0855k1x0f1xa_boundary
PolypGen__C3_C3_EndoCV2021_0068,8.8417329013879e-10,8.532423101392794e-10,-3.0930979999510555e-11,KvasirCVC__kvasir_cju3u39fog1bo0871lxjrabks_positive;KvasirCVC__cvc_444_positive,KvasirCVC__kvasir_cju87vqa0ndwg0850onjdz7ol_negative,KvasirCVC__kvasir_cju2zp89k9q1g0855k1x0f1xa_boundary
PolypGen__C4_18_endocv2021_positive_960,8.857395927819312e-10,0.5714285969734192,0.5714285960876796,KvasirCVC__kvasir_cju3u39fog1bo0871lxjrabks_positive;KvasirCVC__cvc_444_positive,KvasirCVC__kvasir_cju87vqa0ndwg0850onjdz7ol_negative,KvasirCVC__kvasir_cju2zp89k9q1g0855k1x0f1xa_boundary
PolypGen__C3_C3_EndoCV2021_0026,8.928571215705006e-10,0.3398791551589966,0.33987915426613946,KvasirCVC__kvasir_cju3u39fog1bo0871lxjrabks_positive;KvasirCVC__cvc_444_positive,KvasirCVC__kvasir_cju87vqa0ndwg0850onjdz7ol_negative,KvasirCVC__kvasir_cju2zp89k9q1g0855k1x0f1xa_boundary
PolypGen__C4_14_endocv2021_positive_491,8.976660526016644e-10,1.8278194235943346e-10,-7.14884110242231e-10,KvasirCVC__kvasir_cju3u39fog1bo0871lxjrabks_positive;KvasirCVC__cvc_444_positive,KvasirCVC__kvasir_cju87vqa0ndwg0850onjdz7ol_negative,KvasirCVC__kvasir_cju2zp89k9q1g0855k1x0f1xa_boundary
PolypGen__C1_962OLCV1_100H0004,9.28505106134736e-10,0.2958904206752777,0.2958904197467726,KvasirCVC__kvasir_cju3u39fog1bo0871lxjrabks_positive;KvasirCVC__cvc_444_positive,KvasirCVC__kvasir_cju87vqa0ndwg0850onjdz7ol_negative,KvasirCVC__kvasir_cju2zp89k9q1g0855k1x0f1xa_boundary
PolypGen__C6_EndoCV2021_C6_0100043,9.881422347035596e-10,0.058345288038253784,0.05834528705011155,KvasirCVC__kvasir_cju3u39fog1bo0871lxjrabks_positive;KvasirCVC__cvc_444_positive,KvasirCVC__kvasir_cju87vqa0ndwg0850onjdz7ol_negative,KvasirCVC__kvasir_cju2zp89k9q1g0855k1x0f1xa_boundary
PolypGen__C4_30_endocv2021_positive_1417,9.900990027844614e-10,2.0408164047580613e-08,1.941806504479615e-08,KvasirCVC__kvasir_cju3u39fog1bo0871lxjrabks_positive;KvasirCVC__cvc_444_positive,KvasirCVC__kvasir_cju87vqa0ndwg0850onjdz7ol_negative,KvasirCVC__kvasir_cju2zp89k9q1g0855k1x0f1xa_boundary
PolypGen__C5_EndoCV2021_C5_50000227,9.980040127643974e-10,0.23965905606746674,0.23965905506946272,KvasirCVC__kvasir_cju3u39fog1bo0871lxjrabks_positive;KvasirCVC__cvc_444_positive,KvasirCVC__kvasir_cju87vqa0ndwg0850onjdz7ol_negative,KvasirCVC__kvasir_cju2zp89k9q1g0855k1x0f1xa_boundary
PolypGen__C1_231OLCV1_100H0010,1.0050251741944294e-09,0.21169036626815796,0.21169036526313278,KvasirCVC__kvasir_cju3u39fog1bo0871lxjrabks_positive;KvasirCVC__cvc_444_positive,KvasirCVC__kvasir_cju87vqa0ndwg0850onjdz7ol_negative,KvasirCVC__kvasir_cju2zp89k9q1g0855k1x0f1xa_boundary
PolypGen__C3_C3_EndoCV2021_00453,1.0570824215960783e-09,4.273504217167101e-09,3.216421795571023e-09,KvasirCVC__kvasir_cju3u39fog1bo0871lxjrabks_positive;KvasirCVC__kvasir_cju33w4sdcivk0855x879zht7_positive,KvasirCVC__kvasir_cju87vqa0ndwg0850onjdz7ol_negative,KvasirCVC__kvasir_cju2zp89k9q1g0855k1x0f1xa_boundary
PolypGen__C4_11_endocv2021_positive_861,1.0638298020282377e-09,0.5423864722251892,0.5423864711613594,KvasirCVC__kvasir_cju3u39fog1bo0871lxjrabks_positive;KvasirCVC__cvc_444_positive,KvasirCVC__kvasir_cju87vqa0ndwg0850onjdz7ol_negative,KvasirCVC__kvasir_cju2zp89k9q1g0855k1x0f1xa_boundary
PolypGen__C4_27_endocv2021_positive_975,1.0787486459662432e-09,0.42351239919662476,0.4235123981178761,KvasirCVC__kvasir_cju3u39fog1bo0871lxjrabks_positive;KvasirCVC__cvc_444_positive,KvasirCVC__kvasir_cju87vqa0ndwg0850onjdz7ol_negative,KvasirCVC__kvasir_cju2zp89k9q1g0855k1x0f1xa_boundary
PolypGen__C2_EndoCV2021_001054,1.0810811135186782e-09,7.235890220336216e-10,-3.5749209148505656e-10,KvasirCVC__kvasir_cju3u39fog1bo0871lxjrabks_positive;KvasirCVC__cvc_444_positive,KvasirCVC__kvasir_cju87vqa0ndwg0850onjdz7ol_negative,KvasirCVC__kvasir_cju2zp89k9q1g0855k1x0f1xa_boundary
PolypGen__C2_EndoCV2021_001160,1.0810811135186782e-09,7.739938134854185e-10,-3.070873000332597e-10,KvasirCVC__kvasir_cju3u39fog1bo0871lxjrabks_positive;KvasirCVC__cvc_444_positive,KvasirCVC__kvasir_cju87vqa0ndwg0850onjdz7ol_negative,KvasirCVC__kvasir_cju2zp89k9q1g0855k1x0f1xa_boundary
PolypGen__C5_EndoCV2021_C5_50000110,1.0940919281665629e-09,0.14060258865356445,0.14060258755947252,KvasirCVC__kvasir_cju3u39fog1bo0871lxjrabks_positive;KvasirCVC__cvc_54_positive,KvasirCVC__cvc_210_negative,KvasirCVC__kvasir_cju2zp89k9q1g0855k1x0f1xa_boundary
PolypGen__C6_EndoCV2021_C6_0100028,1.0964912311450803e-09,0.9533116221427917,0.9533116210463005,KvasirCVC__kvasir_cju33w4sdcivk0855x879zht7_positive;KvasirCVC__kvasir_cju3u39fog1bo0871lxjrabks_positive,KvasirCVC__kvasir_cju87vqa0ndwg0850onjdz7ol_negative,KvasirCVC__kvasir_cju2zp89k9q1g0855k1x0f1xa_boundary
PolypGen__C2_EndoCV2021_001165,1.1299434721223633e-09,2.832861278889709e-09,1.7029178067673456e-09,KvasirCVC__kvasir_cju3u39fog1bo0871lxjrabks_positive;KvasirCVC__cvc_444_positive,KvasirCVC__cvc_210_negative,KvasirCVC__kvasir_cju2zp89k9q1g0855k1x0f1xa_boundary
PolypGen__C2_EndoCV2021_001352,1.1574073921494232e-09,0.922636091709137,0.9226360905517296,KvasirCVC__kvasir_cju3u39fog1bo0871lxjrabks_positive;KvasirCVC__cvc_444_positive,KvasirCVC__kvasir_cju87vqa0ndwg0850onjdz7ol_negative,KvasirCVC__kvasir_cju2zp89k9q1g0855k1x0f1xa_boundary
PolypGen__C5_EndoCV2021_C5_50000113,1.1627906415512257e-09,0.47983869910240173,0.4798386979396111,KvasirCVC__kvasir_cju3u39fog1bo0871lxjrabks_positive;KvasirCVC__cvc_444_positive,KvasirCVC__kvasir_cju87vqa0ndwg0850onjdz7ol_negative,KvasirCVC__kvasir_cju2zp89k9q1g0855k1x0f1xa_boundary
PolypGen__C5_EndoCV2021_C5_50000010,1.1682242950783461e-09,0.10222221910953522,0.10222221794131092,KvasirCVC__kvasir_cju3u39fog1bo0871lxjrabks_positive;KvasirCVC__cvc_444_positive,KvasirCVC__kvasir_cju87vqa0ndwg0850onjdz7ol_negative,KvasirCVC__kvasir_cju2zp89k9q1g0855k1x0f1xa_boundary
PolypGen__C3_C3_EndoCV2021_00185,1.1778562569730866e-09,0.5125495195388794,0.5125495183610231,KvasirCVC__kvasir_cju3u39fog1bo0871lxjrabks_positive;KvasirCVC__cvc_444_positive,KvasirCVC__kvasir_cju87vqa0ndwg0850onjdz7ol_negative,KvasirCVC__kvasir_cju2zp89k9q1g0855k1x0f1xa_boundary
PolypGen__C2_EndoCV2021_001086,1.1918951381417742e-09,0.2478090077638626,0.24780900657196747,KvasirCVC__kvasir_cju3u39fog1bo0871lxjrabks_positive;KvasirCVC__kvasir_cju33w4sdcivk0855x879zht7_positive,KvasirCVC__kvasir_cju87vqa0ndwg0850onjdz7ol_negative,KvasirCVC__kvasir_cju2zp89k9q1g0855k1x0f1xa_boundary
PolypGen__C2_EndoCV2021_001188,1.2150668249333307e-09,6.724949486169862e-10,-5.425718763163445e-10,KvasirCVC__kvasir_cju3u39fog1bo0871lxjrabks_positive;KvasirCVC__kvasir_cju33w4sdcivk0855x879zht7_positive,KvasirCVC__kvasir_cju87vqa0ndwg0850onjdz7ol_negative,KvasirCVC__kvasir_cju2zp89k9q1g0855k1x0f1xa_boundary
PolypGen__C5_EndoCV2021_C5_50000066,1.2180267905392839e-09,2.955956313055452e-10,-9.224311592337386e-10,KvasirCVC__kvasir_cju3u39fog1bo0871lxjrabks_positive;KvasirCVC__cvc_54_positive,KvasirCVC__kvasir_cju87vqa0ndwg0850onjdz7ol_negative,KvasirCVC__kvasir_cju2zp89k9q1g0855k1x0f1xa_boundary
PolypGen__C5_EndoCV2021_C5_50000011,1.2224938839011656e-09,0.009149892255663872,0.009149891033169988,KvasirCVC__kvasir_cju3u39fog1bo0871lxjrabks_positive;KvasirCVC__cvc_444_positive,KvasirCVC__kvasir_cju87vqa0ndwg0850onjdz7ol_negative,KvasirCVC__kvasir_cju2zp89k9q1g0855k1x0f1xa_boundary
PolypGen__C4_23_endocv2021_positive_1084,1.240694769144568e-09,0.8946322202682495,0.8946322190275547,KvasirCVC__kvasir_cju3u39fog1bo0871lxjrabks_positive;KvasirCVC__cvc_444_positive,KvasirCVC__kvasir_cju87vqa0ndwg0850onjdz7ol_negative,KvasirCVC__kvasir_cju2zp89k9q1g0855k1x0f1xa_boundary
PolypGen__C5_EndoCV2021_C5_50000276,1.2578615926628345e-09,0.21723277866840363,0.21723277741054203,KvasirCVC__kvasir_cju3u39fog1bo0871lxjrabks_positive;KvasirCVC__cvc_444_positive,KvasirCVC__kvasir_cju2y5zas8m7f0801d34g5owq_negative,KvasirCVC__kvasir_cju2zp89k9q1g0855k1x0f1xa_boundary
PolypGen__C3_C3_EndoCV2021_0044,1.288659845499751e-09,0.48740077018737793,0.4874007688987181,KvasirCVC__kvasir_cju3u39fog1bo0871lxjrabks_positive;KvasirCVC__cvc_444_positive,KvasirCVC__cvc_210_negative,KvasirCVC__kvasir_cju2zp89k9q1g0855k1x0f1xa_boundary
PolypGen__C5_EndoCV2021_C5_50000270,1.3245032848274718e-09,0.04139772802591324,0.041397726701409954,KvasirCVC__kvasir_cju3u39fog1bo0871lxjrabks_positive;KvasirCVC__cvc_444_positive,KvasirCVC__kvasir_cju87vqa0ndwg0850onjdz7ol_negative,KvasirCVC__kvasir_cju2zp89k9q1g0855k1x0f1xa_boundary
PolypGen__C4_18_endocv2021_positive_908,1.3404826137985992e-09,0.837837815284729,0.8378378139442464,KvasirCVC__kvasir_cju3u39fog1bo0871lxjrabks_positive;KvasirCVC__cvc_444_positive,KvasirCVC__kvasir_cju87vqa0ndwg0850onjdz7ol_negative,KvasirCVC__kvasir_cju2zp89k9q1g0855k1x0f1xa_boundary
PolypGen__C6_EndoCV2021_C6_0100059,1.35685207514058e-09,1.5432098654510895e-10,-1.202531088595471e-09,KvasirCVC__kvasir_cju3u39fog1bo0871lxjrabks_positive;KvasirCVC__cvc_444_positive,KvasirCVC__kvasir_cju87vqa0ndwg0850onjdz7ol_negative,KvasirCVC__kvasir_cju2zp89k9q1g0855k1x0f1xa_boundary
PolypGen__C2_EndoCV2021_001035,1.3774105189767738e-09,8.130081496915409e-09,6.752670977938635e-09,KvasirCVC__kvasir_cju3u39fog1bo0871lxjrabks_positive;KvasirCVC__cvc_444_positive,KvasirCVC__kvasir_cju87vqa0ndwg0850onjdz7ol_negative,KvasirCVC__kvasir_cju2zp89k9q1g0855k1x0f1xa_boundary
PolypGen__C2_EndoCV2021_001039,1.3850415259142324e-09,0.00509770680218935,0.005097705417147824,KvasirCVC__kvasir_cju3u39fog1bo0871lxjrabks_positive;KvasirCVC__cvc_444_positive,KvasirCVC__kvasir_cju87vqa0ndwg0850onjdz7ol_negative,KvasirCVC__kvasir_cju2zp89k9q1g0855k1x0f1xa_boundary
PolypGen__C1_442OLCV1_100H0002,1.3908205698243137e-09,1.3908205698243137e-09,0.0,KvasirCVC__kvasir_cju3u39fog1bo0871lxjrabks_positive;KvasirCVC__cvc_444_positive,KvasirCVC__kvasir_cju87vqa0ndwg0850onjdz7ol_negative,KvasirCVC__kvasir_cju2zp89k9q1g0855k1x0f1xa_boundary
PolypGen__C4_28_endocv2021_positive_545,1.4705882067644893e-09,0.09283214062452316,0.09283213915393496,KvasirCVC__kvasir_cju3u39fog1bo0871lxjrabks_positive;KvasirCVC__cvc_444_positive,KvasirCVC__kvasir_cju87vqa0ndwg0850onjdz7ol_negative,KvasirCVC__kvasir_cju2zp89k9q1g0855k1x0f1xa_boundary
PolypGen__C6_EndoCV2021_C6_0100030,1.4925373159613287e-09,0.3884694576263428,0.38846945613380546,KvasirCVC__kvasir_cju3u39fog1bo0871lxjrabks_positive;KvasirCVC__cvc_444_positive,KvasirCVC__kvasir_cju87vqa0ndwg0850onjdz7ol_negative,KvasirCVC__kvasir_cju2zp89k9q1g0855k1x0f1xa_boundary
PolypGen__C3_C3_EndoCV2021_00345,1.5037593392719373e-09,0.012072435580193996,0.012072434076434657,KvasirCVC__kvasir_cju3u39fog1bo0871lxjrabks_positive;KvasirCVC__cvc_444_positive,KvasirCVC__kvasir_cju87vqa0ndwg0850onjdz7ol_negative,KvasirCVC__kvasir_cju2zp89k9q1g0855k1x0f1xa_boundary
PolypGen__C3_C3_EndoCV2021_00343,1.510573999219389e-09,0.9232192635536194,0.9232192620430454,KvasirCVC__kvasir_cju3u39fog1bo0871lxjrabks_positive;KvasirCVC__kvasir_cju33w4sdcivk0855x879zht7_positive,KvasirCVC__kvasir_cju87vqa0ndwg0850onjdz7ol_negative,KvasirCVC__kvasir_cju2zp89k9q1g0855k1x0f1xa_boundary
PolypGen__C6_EndoCV2021_C6_0100102,1.515151559772221e-09,3.9385583683326786e-10,-1.121295722938953e-09,KvasirCVC__kvasir_cju3u39fog1bo0871lxjrabks_positive;KvasirCVC__cvc_54_positive,KvasirCVC__kvasir_cju87vqa0ndwg0850onjdz7ol_negative,KvasirCVC__kvasir_cju0tl3uz8blh0993wxvn7ly3_boundary
PolypGen__C2_EndoCV2021_001356,1.522070025572475e-09,0.915504515171051,0.915504513648981,KvasirCVC__kvasir_cju3u39fog1bo0871lxjrabks_positive;KvasirCVC__cvc_54_positive,KvasirCVC__kvasir_cju87vqa0ndwg0850onjdz7ol_negative,KvasirCVC__kvasir_cju2zp89k9q1g0855k1x0f1xa_boundary
PolypGen__C5_EndoCV2021_C5_50000277,1.5290519961297377e-09,1.5060240832198701e-09,-2.302791290986761e-11,KvasirCVC__kvasir_cju3u39fog1bo0871lxjrabks_positive;KvasirCVC__cvc_444_positive,KvasirCVC__kvasir_cju87vqa0ndwg0850onjdz7ol_negative,KvasirCVC__kvasir_cju2zp89k9q1g0855k1x0f1xa_boundary
PolypGen__C5_EndoCV2021_C5_50000111,1.5455950963527698e-09,0.6635006666183472,0.6635006650727521,KvasirCVC__kvasir_cju3u39fog1bo0871lxjrabks_positive;KvasirCVC__cvc_444_positive,KvasirCVC__kvasir_cju87vqa0ndwg0850onjdz7ol_negative,KvasirCVC__kvasir_cju2zp89k9q1g0855k1x0f1xa_boundary
PolypGen__C4_29_endocv2021_positive_39,1.5625000182595272e-09,1.4556040817126359e-09,-1.0689593654689133e-10,KvasirCVC__kvasir_cju3u39fog1bo0871lxjrabks_positive;KvasirCVC__cvc_444_positive,KvasirCVC__kvasir_cju87vqa0ndwg0850onjdz7ol_negative,KvasirCVC__kvasir_cju2zp89k9q1g0855k1x0f1xa_boundary
PolypGen__C2_EndoCV2021_001268,1.5772870787245097e-09,0.23761579394340515,0.23761579236611807,KvasirCVC__kvasir_cju3u39fog1bo0871lxjrabks_positive;KvasirCVC__cvc_54_positive,KvasirCVC__kvasir_cju87vqa0ndwg0850onjdz7ol_negative,KvasirCVC__kvasir_cju0tl3uz8blh0993wxvn7ly3_boundary
PolypGen__C2_EndoCV2021_001163,1.587301623473536e-09,0.7561608552932739,0.7561608537059723,KvasirCVC__kvasir_cju3u39fog1bo0871lxjrabks_positive;KvasirCVC__cvc_444_positive,KvasirCVC__cvc_210_negative,KvasirCVC__kvasir_cju2zp89k9q1g0855k1x0f1xa_boundary
PolypGen__C4_27_endocv2021_positive_289,1.587301623473536e-09,0.109165258705616,0.10916525711831437,KvasirCVC__kvasir_cju3u39fog1bo0871lxjrabks_positive;KvasirCVC__cvc_444_positive,KvasirCVC__kvasir_cju87vqa0ndwg0850onjdz7ol_negative,KvasirCVC__kvasir_cju2zp89k9q1g0855k1x0f1xa_boundary
PolypGen__C4_16_endocv2021_positive_498,1.6077170705841581e-09,0.7085478901863098,0.7085478885785927,KvasirCVC__kvasir_cju3u39fog1bo0871lxjrabks_positive;KvasirCVC__cvc_444_positive,KvasirCVC__kvasir_cju87vqa0ndwg0850onjdz7ol_negative,KvasirCVC__kvasir_cju2zp89k9q1g0855k1x0f1xa_boundary
PolypGen__C4_12_endocv2021_positive_503,1.6556291893010666e-09,0.05402384325861931,0.05402384160299012,KvasirCVC__kvasir_cju3u39fog1bo0871lxjrabks_positive;KvasirCVC__cvc_444_positive,KvasirCVC__kvasir_cju87vqa0ndwg0850onjdz7ol_negative,KvasirCVC__kvasir_cju2zp89k9q1g0855k1x0f1xa_boundary
PolypGen__C5_EndoCV2021_C5_50000255,1.6638934674517714e-09,0.3916991055011749,0.39169910383728146,KvasirCVC__kvasir_cju3u39fog1bo0871lxjrabks_positive;KvasirCVC__cvc_444_positive,KvasirCVC__kvasir_cju87vqa0ndwg0850onjdz7ol_negative,KvasirCVC__kvasir_cju2zp89k9q1g0855k1x0f1xa_boundary
PolypGen__C2_EndoCV2021_001384,1.6750418829758473e-09,0.9320882558822632,0.9320882542072213,KvasirCVC__kvasir_cju3u39fog1bo0871lxjrabks_positive;KvasirCVC__cvc_444_positive,KvasirCVC__kvasir_cju87vqa0ndwg0850onjdz7ol_negative,KvasirCVC__kvasir_cju2zp89k9q1g0855k1x0f1xa_boundary
PolypGen__C2_EndoCV2021_001064,1.7094017312757614e-09,1.5772870787245097e-09,-1.3211465255125177e-10,KvasirCVC__kvasir_cju3u39fog1bo0871lxjrabks_positive;KvasirCVC__cvc_444_positive,KvasirCVC__kvasir_cju87vqa0ndwg0850onjdz7ol_negative,KvasirCVC__kvasir_cju2zp89k9q1g0855k1x0f1xa_boundary
PolypGen__C5_EndoCV2021_C5_50000049,1.7825312337294008e-09,0.8980582356452942,0.898058233862763,KvasirCVC__cvc_54_positive;KvasirCVC__kvasir_cju3u39fog1bo0871lxjrabks_positive,KvasirCVC__cvc_210_negative,KvasirCVC__cvc_54_boundary
PolypGen__C3_C3_EndoCV2021_00332,1.8382353417223385e-09,0.061749570071697235,0.06174956823346189,KvasirCVC__kvasir_cju3u39fog1bo0871lxjrabks_positive;KvasirCVC__kvasir_cju33w4sdcivk0855x879zht7_positive,KvasirCVC__kvasir_cju87vqa0ndwg0850onjdz7ol_negative,KvasirCVC__kvasir_cju2zp89k9q1g0855k1x0f1xa_boundary
PolypGen__C2_EndoCV2021_001087,1.8518518940524586e-09,2.9700028547630097e-10,-1.5548516085761577e-09,KvasirCVC__kvasir_cju3u39fog1bo0871lxjrabks_positive;KvasirCVC__cvc_444_positive,KvasirCVC__kvasir_cju87vqa0ndwg0850onjdz7ol_negative,KvasirCVC__kvasir_cju2zp89k9q1g0855k1x0f1xa_boundary
PolypGen__C4_21_endocv2021_positive_1482,1.8552875902244637e-09,0.8499369621276855,0.849936960272398,KvasirCVC__kvasir_cju3u39fog1bo0871lxjrabks_positive;KvasirCVC__cvc_444_positive,KvasirCVC__kvasir_cju87vqa0ndwg0850onjdz7ol_negative,KvasirCVC__kvasir_cju2zp89k9q1g0855k1x0f1xa_boundary
PolypGen__C1_144OLCV1_100H0024,1.8587360539612519e-09,0.17528483271598816,0.1752848308572521,KvasirCVC__kvasir_cju3u39fog1bo0871lxjrabks_positive;KvasirCVC__cvc_444_positive,KvasirCVC__kvasir_cju87vqa0ndwg0850onjdz7ol_negative,KvasirCVC__kvasir_cju2zp89k9q1g0855k1x0f1xa_boundary
PolypGen__C3_C3_EndoCV2021_0038,1.890359202505465e-09,0.005614823661744595,0.005614821771385392,KvasirCVC__kvasir_cju3u39fog1bo0871lxjrabks_positive;KvasirCVC__cvc_444_positive,KvasirCVC__cvc_210_negative,KvasirCVC__kvasir_cju2zp89k9q1g0855k1x0f1xa_boundary
PolypGen__C1_642OLCV1_100H0012,1.912045854979283e-09,0.31228071451187134,0.3122807125998255,KvasirCVC__kvasir_cju3u39fog1bo0871lxjrabks_positive;KvasirCVC__cvc_444_positive,KvasirCVC__kvasir_cju87vqa0ndwg0850onjdz7ol_negative,KvasirCVC__kvasir_cju2zp89k9q1g0855k1x0f1xa_boundary
PolypGen__C2_EndoCV2021_001057,1.9193857614396848e-09,1.5795292851450426e-10,-1.7614328329251805e-09,KvasirCVC__kvasir_cju3u39fog1bo0871lxjrabks_positive;KvasirCVC__kvasir_cju33w4sdcivk0855x879zht7_positive,KvasirCVC__kvasir_cju87vqa0ndwg0850onjdz7ol_negative,KvasirCVC__kvasir_cju2zp89k9q1g0855k1x0f1xa_boundary
PolypGen__C5_EndoCV2021_C5_50000268,1.9455252964206693e-09,0.036928799003362656,0.03692879705783736,KvasirCVC__kvasir_cju3u39fog1bo0871lxjrabks_positive;KvasirCVC__cvc_444_positive,KvasirCVC__kvasir_cju87vqa0ndwg0850onjdz7ol_negative,KvasirCVC__kvasir_cju2zp89k9q1g0855k1x0f1xa_boundary
PolypGen__C3_C3_EndoCV2021_00329,1.9531249950688334e-09,0.8089385628700256,0.8089385609169006,KvasirCVC__kvasir_cju3u39fog1bo0871lxjrabks_positive;KvasirCVC__cvc_444_positive,KvasirCVC__kvasir_cju87vqa0ndwg0850onjdz7ol_negative,KvasirCVC__kvasir_cju2zp89k9q1g0855k1x0f1xa_boundary
PolypGen__C1_278OLCV1_100H0012,1.9801980055689228e-09,1.3386880493015951e-09,-6.415099562673277e-10,KvasirCVC__kvasir_cju3u39fog1bo0871lxjrabks_positive;KvasirCVC__cvc_444_positive,KvasirCVC__kvasir_cju87vqa0ndwg0850onjdz7ol_negative,KvasirCVC__kvasir_cju2zp89k9q1g0855k1x0f1xa_boundary
PolypGen__C3_C3_EndoCV2021_00265,1.9801980055689228e-09,0.0791139230132103,0.07911392103301229,KvasirCVC__kvasir_cju3u39fog1bo0871lxjrabks_positive;KvasirCVC__cvc_444_positive,KvasirCVC__kvasir_cju87vqa0ndwg0850onjdz7ol_negative,KvasirCVC__kvasir_cju2zp89k9q1g0855k1x0f1xa_boundary
PolypGen__C1_848OLCV1_100H0002,2.0533881261997067e-09,0.26749610900878906,0.26749610695540094,KvasirCVC__kvasir_cju3u39fog1bo0871lxjrabks_positive;KvasirCVC__cvc_444_positive,KvasirCVC__kvasir_cju87vqa0ndwg0850onjdz7ol_negative,KvasirCVC__kvasir_cju2zp89k9q1g0855k1x0f1xa_boundary
PolypGen__C3_C3_EndoCV2021_0055,2.07039341226789e-09,0.2653583586215973,0.2653583565512039,KvasirCVC__kvasir_cju3u39fog1bo0871lxjrabks_positive;KvasirCVC__cvc_444_positive,KvasirCVC__cvc_210_negative,KvasirCVC__kvasir_cju2zp89k9q1g0855k1x0f1xa_boundary
PolypGen__C4_27_endocv2021_positive_1257,2.0790020816008337e-09,0.073011115193367,0.07301111311436492,KvasirCVC__kvasir_cju3u39fog1bo0871lxjrabks_positive;KvasirCVC__cvc_444_positive,KvasirCVC__kvasir_cju87vqa0ndwg0850onjdz7ol_negative,KvasirCVC__kvasir_cju2zp89k9q1g0855k1x0f1xa_boundary
PolypGen__C5_EndoCV2021_C5_50000271,2.0964361358011274e-09,1.956947048853408e-09,-1.3948908694771944e-10,KvasirCVC__kvasir_cju3u39fog1bo0871lxjrabks_positive;KvasirCVC__cvc_444_positive,KvasirCVC__kvasir_cju87vqa0ndwg0850onjdz7ol_negative,KvasirCVC__kvasir_cju2zp89k9q1g0855k1x0f1xa_boundary
PolypGen__C2_EndoCV2021_001053,2.1097046332130276e-09,0.3088075518608093,0.3088075497511047,KvasirCVC__kvasir_cju3u39fog1bo0871lxjrabks_positive;KvasirCVC__cvc_444_positive,KvasirCVC__kvasir_cju87vqa0ndwg0850onjdz7ol_negative,KvasirCVC__kvasir_cju2zp89k9q1g0855k1x0f1xa_boundary
PolypGen__C3_C3_EndoCV2021_00321,2.1097046332130276e-09,0.5031545758247375,0.5031545737150329,KvasirCVC__kvasir_cju3u39fog1bo0871lxjrabks_positive;KvasirCVC__cvc_444_positive,KvasirCVC__kvasir_cju87vqa0ndwg0850onjdz7ol_negative,KvasirCVC__kvasir_cju2zp89k9q1g0855k1x0f1xa_boundary
PolypGen__C3_C3_EndoCV2021_00416,2.1186441490073094e-09,0.9552238583564758,0.9552238562378317,KvasirCVC__kvasir_cju3u39fog1bo0871lxjrabks_positive;KvasirCVC__cvc_444_positive,KvasirCVC__kvasir_cju87vqa0ndwg0850onjdz7ol_negative,KvasirCVC__kvasir_cju2zp89k9q1g0855k1x0f1xa_boundary
PolypGen__C2_EndoCV2021_001224,2.178649260997645e-09,0.4704582989215851,0.4704582967429358,KvasirCVC__kvasir_cju3u39fog1bo0871lxjrabks_positive;KvasirCVC__cvc_444_positive,KvasirCVC__kvasir_cju87vqa0ndwg0850onjdz7ol_negative,KvasirCVC__kvasir_cju2zp89k9q1g0855k1x0f1xa_boundary
PolypGen__C3_C3_EndoCV2021_0086,2.1978021624846633e-09,0.628166139125824,0.6281661369280218,KvasirCVC__kvasir_cju3u39fog1bo0871lxjrabks_positive;KvasirCVC__cvc_444_positive,KvasirCVC__kvasir_cju87vqa0ndwg0850onjdz7ol_negative,KvasirCVC__kvasir_cju2zp89k9q1g0855k1x0f1xa_boundary
PolypGen__C5_EndoCV2021_C5_50000108,2.1978021624846633e-09,0.20202484726905823,0.20202484507125607,KvasirCVC__kvasir_cju3u39fog1bo0871lxjrabks_positive;KvasirCVC__cvc_54_positive,KvasirCVC__cvc_210_negative,KvasirCVC__kvasir_cju2zp89k9q1g0855k1x0f1xa_boundary
PolypGen__C2_EndoCV2021_001213,2.3696682394103163e-09,1.7271156727005632e-09,-6.425525667097531e-10,KvasirCVC__kvasir_cju3u39fog1bo0871lxjrabks_positive;KvasirCVC__cvc_444_positive,KvasirCVC__kvasir_cju87vqa0ndwg0850onjdz7ol_negative,KvasirCVC__kvasir_cju2zp89k9q1g0855k1x0f1xa_boundary
PolypGen__C5_EndoCV2021_C5_50000278,2.375296848100561e-09,0.36139631271362305,0.3613963103383262,KvasirCVC__kvasir_cju3u39fog1bo0871lxjrabks_positive;KvasirCVC__cvc_444_positive,KvasirCVC__kvasir_cju87vqa0ndwg0850onjdz7ol_negative,KvasirCVC__kvasir_cju2zp89k9q1g0855k1x0f1xa_boundary
PolypGen__C5_EndoCV2021_C5_50000057,2.427184453424047e-09,0.29739776253700256,0.2973977601098181,KvasirCVC__kvasir_cju3u39fog1bo0871lxjrabks_positive;KvasirCVC__cvc_54_positive,KvasirCVC__cvc_210_negative,KvasirCVC__kvasir_cju2zp89k9q1g0855k1x0f1xa_boundary
PolypGen__C2_EndoCV2021_001078,2.45700237933022e-09,1.2345678923608716e-09,-1.2224344869693482e-09,KvasirCVC__kvasir_cju3u39fog1bo0871lxjrabks_positive;KvasirCVC__cvc_444_positive,KvasirCVC__kvasir_cju87vqa0ndwg0850onjdz7ol_negative,KvasirCVC__kvasir_cju2zp89k9q1g0855k1x0f1xa_boundary
PolypGen__C1_471OLCV1_100H0008,3.003002957413514e-09,0.29946523904800415,0.2994652360450012,KvasirCVC__kvasir_cju3u39fog1bo0871lxjrabks_positive;KvasirCVC__cvc_444_positive,KvasirCVC__kvasir_cju87vqa0ndwg0850onjdz7ol_negative,KvasirCVC__kvasir_cju2zp89k9q1g0855k1x0f1xa_boundary
PolypGen__C3_C3_EndoCV2021_00331,3.003002957413514e-09,0.9076433181762695,0.9076433151732666,KvasirCVC__kvasir_cju3u39fog1bo0871lxjrabks_positive;KvasirCVC__kvasir_cju33w4sdcivk0855x879zht7_positive,KvasirCVC__kvasir_cju87vqa0ndwg0850onjdz7ol_negative,KvasirCVC__kvasir_cju2zp89k9q1g0855k1x0f1xa_boundary
PolypGen__C2_EndoCV2021_001141,3.0120481664397403e-09,2.7700830518284647e-09,-2.4196511461127557e-10,KvasirCVC__kvasir_cju3u39fog1bo0871lxjrabks_positive;KvasirCVC__cvc_444_positive,KvasirCVC__kvasir_cju87vqa0ndwg0850onjdz7ol_negative,KvasirCVC__kvasir_cju2zp89k9q1g0855k1x0f1xa_boundary
PolypGen__C2_EndoCV2021_001144,3.205128162875326e-09,2.808988819325009e-09,-3.961393435503169e-10,KvasirCVC__kvasir_cju3u39fog1bo0871lxjrabks_positive;KvasirCVC__cvc_444_positive,KvasirCVC__kvasir_cju87vqa0ndwg0850onjdz7ol_negative,KvasirCVC__kvasir_cju2zp89k9q1g0855k1x0f1xa_boundary
PolypGen__C2_EndoCV2021_001217,3.2679738914964673e-09,3.137747006665137e-10,-2.9541991908299536e-09,KvasirCVC__kvasir_cju3u39fog1bo0871lxjrabks_positive;KvasirCVC__cvc_444_positive,KvasirCVC__kvasir_cju87vqa0ndwg0850onjdz7ol_negative,KvasirCVC__kvasir_cju2zp89k9q1g0855k1x0f1xa_boundary
PolypGen__C1_201OLCV1_100H0018,3.5971223777409023e-09,0.570902407169342,0.5709024035722197,KvasirCVC__kvasir_cju3u39fog1bo0871lxjrabks_positive;KvasirCVC__cvc_444_positive,KvasirCVC__kvasir_cju87vqa0ndwg0850onjdz7ol_negative,KvasirCVC__kvasir_cju2zp89k9q1g0855k1x0f1xa_boundary
PolypGen__C1_427OLCV1_100H0022,3.5971223777409023e-09,0.23920735716819763,0.23920735357107525,KvasirCVC__kvasir_cju3u39fog1bo0871lxjrabks_positive;KvasirCVC__cvc_444_positive,KvasirCVC__kvasir_cju87vqa0ndwg0850onjdz7ol_negative,KvasirCVC__kvasir_cju2zp89k9q1g0855k1x0f1xa_boundary
PolypGen__C3_C3_EndoCV2021_00397,3.7037037881049173e-09,0.4368663728237152,0.4368663691200114,KvasirCVC__kvasir_cju3u39fog1bo0871lxjrabks_positive;KvasirCVC__cvc_444_positive,KvasirCVC__kvasir_cju87vqa0ndwg0850onjdz7ol_negative,KvasirCVC__kvasir_cju2zp89k9q1g0855k1x0f1xa_boundary
PolypGen__C5_EndoCV2021_C5_50000306,3.8314174055642525e-09,0.14798453450202942,0.147984530670612,KvasirCVC__kvasir_cju3u39fog1bo0871lxjrabks_positive;KvasirCVC__cvc_444_positive,KvasirCVC__cvc_210_negative,KvasirCVC__kvasir_cju2zp89k9q1g0855k1x0f1xa_boundary
PolypGen__C5_EndoCV2021_C5_50000129,3.906249990137667e-09,0.4197530746459961,0.4197530707397461,KvasirCVC__kvasir_cju3u39fog1bo0871lxjrabks_positive;KvasirCVC__cvc_444_positive,KvasirCVC__kvasir_cju87vqa0ndwg0850onjdz7ol_negative,KvasirCVC__kvasir_cju2zp89k9q1g0855k1x0f1xa_boundary
PolypGen__C5_EndoCV2021_C5_50000112,4.098360761872755e-09,0.15668202936649323,0.15668202526813246,KvasirCVC__cvc_54_positive;KvasirCVC__kvasir_cju3u39fog1bo0871lxjrabks_positive,KvasirCVC__cvc_210_negative,KvasirCVC__kvasir_cju2zp89k9q1g0855k1x0f1xa_boundary
PolypGen__C5_EndoCV2021_C5_50000122,4.166666567329003e-09,0.1328413337469101,0.13284132958024353,KvasirCVC__kvasir_cju3u39fog1bo0871lxjrabks_positive;KvasirCVC__cvc_444_positive,KvasirCVC__kvasir_cju87vqa0ndwg0850onjdz7ol_negative,KvasirCVC__kvasir_cju2zp89k9q1g0855k1x0f1xa_boundary
PolypGen__C2_EndoCV2021_001128,4.329004266168113e-09,3.8022811565952e-09,-5.26723109572913e-10,KvasirCVC__kvasir_cju3u39fog1bo0871lxjrabks_positive;KvasirCVC__cvc_444_positive,KvasirCVC__kvasir_cju87vqa0ndwg0850onjdz7ol_negative,KvasirCVC__kvasir_cju2zp89k9q1g0855k1x0f1xa_boundary
PolypGen__C1_430OLCV1_100H0002,4.347826099149188e-09,0.47894737124443054,0.47894736689660444,KvasirCVC__kvasir_cju3u39fog1bo0871lxjrabks_positive;KvasirCVC__cvc_444_positive,KvasirCVC__kvasir_cju87vqa0ndwg0850onjdz7ol_negative,KvasirCVC__kvasir_cju2zp89k9q1g0855k1x0f1xa_boundary
PolypGen__C1_430OLCV1_100S0001,4.545454679316663e-09,0.3589743673801422,0.35897436283468753,KvasirCVC__kvasir_cju3u39fog1bo0871lxjrabks_positive;KvasirCVC__cvc_444_positive,KvasirCVC__kvasir_cju87vqa0ndwg0850onjdz7ol_negative,KvasirCVC__kvasir_cju2zp89k9q1g0855k1x0f1xa_boundary
PolypGen__C3_C3_EndoCV2021_00440,4.566210076717425e-09,0.8053691387176514,0.8053691341514413,KvasirCVC__kvasir_cju3u39fog1bo0871lxjrabks_positive;KvasirCVC__cvc_444_positive,KvasirCVC__cvc_210_negative,KvasirCVC__kvasir_cju2zp89k9q1g0855k1x0f1xa_boundary
PolypGen__C2_EndoCV2021_001375,4.6728971803133845e-09,0.2443803995847702,0.24438039491187302,KvasirCVC__kvasir_cju3u39fog1bo0871lxjrabks_positive;KvasirCVC__cvc_444_positive,KvasirCVC__kvasir_cju87vqa0ndwg0850onjdz7ol_negative,KvasirCVC__kvasir_cju2zp89k9q1g0855k1x0f1xa_boundary
PolypGen__C5_EndoCV2021_C5_50000103,4.807692466357594e-09,0.048279404640197754,0.04827939983250529,KvasirCVC__cvc_54_positive;KvasirCVC__kvasir_cju3u39fog1bo0871lxjrabks_positive,KvasirCVC__cvc_210_negative,KvasirCVC__kvasir_cju0tl3uz8blh0993wxvn7ly3_boundary
PolypGen__C2_EndoCV2021_001202,4.9504951249446094e-09,0.6685082912445068,0.6685082862940117,KvasirCVC__kvasir_cju3u39fog1bo0871lxjrabks_positive;KvasirCVC__cvc_54_positive,KvasirCVC__kvasir_cju87vqa0ndwg0850onjdz7ol_negative,KvasirCVC__kvasir_cju2zp89k9q1g0855k1x0f1xa_boundary
PolypGen__C3_C3_EndoCV2021_00280,4.975124312522894e-09,0.44532278180122375,0.44532277682609944,KvasirCVC__kvasir_cju3u39fog1bo0871lxjrabks_positive;KvasirCVC__cvc_444_positive,KvasirCVC__kvasir_cju87vqa0ndwg0850onjdz7ol_negative,KvasirCVC__kvasir_cju2zp89k9q1g0855k1x0f1xa_boundary
PolypGen__C3_C3_EndoCV2021_00395,5.102041011895153e-09,0.7034883499145508,0.7034883448125098,KvasirCVC__kvasir_cju3u39fog1bo0871lxjrabks_positive;KvasirCVC__cvc_444_positive,KvasirCVC__kvasir_cju87vqa0ndwg0850onjdz7ol_negative,KvasirCVC__kvasir_cju2zp89k9q1g0855k1x0f1xa_boundary
PolypGen__C5_EndoCV2021_C5_50000101,5.319149121163491e-09,0.06058653071522713,0.060586525396078006,KvasirCVC__kvasir_cju3u39fog1bo0871lxjrabks_positive;KvasirCVC__cvc_444_positive,KvasirCVC__kvasir_cju87vqa0ndwg0850onjdz7ol_negative,KvasirCVC__kvasir_cju2zp89k9q1g0855k1x0f1xa_boundary
PolypGen__C5_EndoCV2021_C5_50000138,5.649717582656422e-09,0.605381190776825,0.6053811851271074,KvasirCVC__kvasir_cju3u39fog1bo0871lxjrabks_positive;KvasirCVC__cvc_444_positive,KvasirCVC__kvasir_cju87vqa0ndwg0850onjdz7ol_negative,KvasirCVC__kvasir_cju2zp89k9q1g0855k1x0f1xa_boundary
PolypGen__C3_C3_EndoCV2021_00167,5.6818181271012236e-09,0.21337340772151947,0.21337340203970134,KvasirCVC__kvasir_cju3u39fog1bo0871lxjrabks_positive;KvasirCVC__cvc_444_positive,KvasirCVC__kvasir_cju87vqa0ndwg0850onjdz7ol_negative,KvasirCVC__kvasir_cju2zp89k9q1g0855k1x0f1xa_boundary
PolypGen__C3_C3_EndoCV2021_004,5.9171596511475855e-09,0.03536006808280945,0.0353600621656498,KvasirCVC__kvasir_cju3u39fog1bo0871lxjrabks_positive;KvasirCVC__cvc_444_positive,KvasirCVC__kvasir_cju87vqa0ndwg0850onjdz7ol_negative,KvasirCVC__kvasir_cju2zp89k9q1g0855k1x0f1xa_boundary
PolypGen__C4_22_endocv2021_positive_982,6.211180014759066e-09,8.568980525147651e-10,-5.3542819622443005e-09,KvasirCVC__kvasir_cju3u39fog1bo0871lxjrabks_positive;KvasirCVC__cvc_444_positive,KvasirCVC__kvasir_cju87vqa0ndwg0850onjdz7ol_negative,KvasirCVC__kvasir_cju2zp89k9q1g0855k1x0f1xa_boundary
PolypGen__C2_EndoCV2021_001329,6.4516130215963585e-09,0.021480271592736244,0.021480265141123223,KvasirCVC__kvasir_cju3u39fog1bo0871lxjrabks_positive;KvasirCVC__cvc_444_positive,KvasirCVC__kvasir_cju87vqa0ndwg0850onjdz7ol_negative,KvasirCVC__kvasir_cju2zp89k9q1g0855k1x0f1xa_boundary
PolypGen__C2_EndoCV2021_001245,6.849314893031533e-09,3.228931289012138e-10,-6.526421764130319e-09,KvasirCVC__kvasir_cju3u39fog1bo0871lxjrabks_positive;KvasirCVC__cvc_444_positive,KvasirCVC__kvasir_cju87vqa0ndwg0850onjdz7ol_negative,KvasirCVC__kvasir_cju2zp89k9q1g0855k1x0f1xa_boundary
PolypGen__C4_25_endocv2021_positive_3,8.19672152374551e-09,7.462686468784341e-09,-7.340350549611685e-10,KvasirCVC__kvasir_cju3u39fog1bo0871lxjrabks_positive;KvasirCVC__cvc_444_positive,KvasirCVC__kvasir_cju87vqa0ndwg0850onjdz7ol_negative,KvasirCVC__kvasir_cju2zp89k9q1g0855k1x0f1xa_boundary
PolypGen__C2_EndoCV2021_001206,8.333333134658005e-09,5.138746095312285e-10,-7.819458525126777e-09,KvasirCVC__kvasir_cju3u39fog1bo0871lxjrabks_positive;KvasirCVC__cvc_444_positive,KvasirCVC__kvasir_cju87vqa0ndwg0850onjdz7ol_negative,KvasirCVC__kvasir_cju2zp89k9q1g0855k1x0f1xa_boundary
PolypGen__C4_6_endocv2021_positive_1007,1.0752688517357e-08,9.415309504268166e-11,-1.0658535422314319e-08,KvasirCVC__kvasir_cju3u39fog1bo0871lxjrabks_positive;KvasirCVC__cvc_444_positive,KvasirCVC__kvasir_cju87vqa0ndwg0850onjdz7ol_negative,KvasirCVC__kvasir_cju2zp89k9q1g0855k1x0f1xa_boundary
PolypGen__C4_18_endocv2021_positive_265,1.2345679145653321e-08,9.615384932715187e-09,-2.7302942129381336e-09,KvasirCVC__kvasir_cju3u39fog1bo0871lxjrabks_positive;KvasirCVC__cvc_444_positive,KvasirCVC__kvasir_cju87vqa0ndwg0850onjdz7ol_negative,KvasirCVC__kvasir_cju2zp89k9q1g0855k1x0f1xa_boundary
PolypGen__C4_26_endocv2021_positive_684,1.2345679145653321e-08,3.0873725798130636e-10,-1.2036941887672015e-08,KvasirCVC__kvasir_cju3u39fog1bo0871lxjrabks_positive;KvasirCVC__cvc_444_positive,KvasirCVC__kvasir_cju87vqa0ndwg0850onjdz7ol_negative,KvasirCVC__kvasir_cju2zp89k9q1g0855k1x0f1xa_boundary
PolypGen__C2_EndoCV2021_001184,1.2500000146076218e-08,3.1416902412928494e-10,-1.2185831121946933e-08,KvasirCVC__kvasir_cju3u39fog1bo0871lxjrabks_positive;KvasirCVC__cvc_444_positive,KvasirCVC__kvasir_cju87vqa0ndwg0850onjdz7ol_negative,KvasirCVC__kvasir_cju2zp89k9q1g0855k1x0f1xa_boundary
PolypGen__C4_19_endocv2021_positive_688,1.2820512651501303e-08,1.0499789926399217e-10,-1.2715514752237311e-08,KvasirCVC__kvasir_cju3u39fog1bo0871lxjrabks_positive;KvasirCVC__cvc_444_positive,KvasirCVC__kvasir_cju87vqa0ndwg0850onjdz7ol_negative,KvasirCVC__kvasir_cju2zp89k9q1g0855k1x0f1xa_boundary
PolypGen__C4_13_endocv2021_positive_550,1.4084506894107562e-08,0.7763158082962036,0.7763157942116967,KvasirCVC__kvasir_cju3u39fog1bo0871lxjrabks_positive;KvasirCVC__cvc_444_positive,KvasirCVC__kvasir_cju87vqa0ndwg0850onjdz7ol_negative,KvasirCVC__kvasir_cju2zp89k9q1g0855k1x0f1xa_boundary
PolypGen__C4_13_endocv2021_positive_573,1.4285713945128009e-08,0.7080745100975037,0.7080744958117897,KvasirCVC__kvasir_cju3u39fog1bo0871lxjrabks_positive;KvasirCVC__cvc_444_positive,KvasirCVC__kvasir_cju87vqa0ndwg0850onjdz7ol_negative,KvasirCVC__kvasir_cju2zp89k9q1g0855k1x0f1xa_boundary
PolypGen__C4_19_endocv2021_positive_845,1.639344304749102e-08,1.2721028397333356e-10,-1.6266232763517685e-08,KvasirCVC__kvasir_cju3u39fog1bo0871lxjrabks_positive;KvasirCVC__cvc_444_positive,KvasirCVC__kvasir_cju87vqa0ndwg0850onjdz7ol_negative,KvasirCVC__kvasir_cju2zp89k9q1g0855k1x0f1xa_boundary
PolypGen__C4_30_endocv2021_positive_898,2.2222222284540294e-08,2.336448534645541e-10,-2.198857743107574e-08,KvasirCVC__kvasir_cju3u39fog1bo0871lxjrabks_positive;KvasirCVC__cvc_444_positive,KvasirCVC__kvasir_cju87vqa0ndwg0850onjdz7ol_negative,KvasirCVC__kvasir_cju2zp89k9q1g0855k1x0f1xa_boundary
PolypGen__C4_29_endocv2021_positive_254,4.761904293104635e-08,2.2021581780329313e-10,-4.739882711324306e-08,KvasirCVC__kvasir_cju3u39fog1bo0871lxjrabks_positive;KvasirCVC__cvc_444_positive,KvasirCVC__kvasir_cju87vqa0ndwg0850onjdz7ol_negative,KvasirCVC__kvasir_cju2zp89k9q1g0855k1x0f1xa_boundary
PolypGen__C6_EndoCV2021_C6_0100070,5.55555494941018e-08,7.756146419568566e-11,-5.547798802990611e-08,KvasirCVC__kvasir_cju3u39fog1bo0871lxjrabks_positive;KvasirCVC__cvc_444_positive,KvasirCVC__kvasir_cju87vqa0ndwg0850onjdz7ol_negative,KvasirCVC__kvasir_cju2zp89k9q1g0855k1x0f1xa_boundary
PolypGen__C4_27_endocv2021_positive_216,6.249999273677531e-08,1.3338669058171604e-10,-6.23666060461936e-08,KvasirCVC__kvasir_cju3u39fog1bo0871lxjrabks_positive;KvasirCVC__cvc_444_positive,KvasirCVC__kvasir_cju87vqa0ndwg0850onjdz7ol_negative,KvasirCVC__kvasir_cju2zp89k9q1g0855k1x0f1xa_boundary
PolypGen__C6_EndoCV2021_C6_0100056,7.142856617292637e-08,5.611672238003962e-10,-7.086739894912597e-08,KvasirCVC__kvasir_cju3u39fog1bo0871lxjrabks_positive;KvasirCVC__cvc_444_positive,KvasirCVC__kvasir_cju87vqa0ndwg0850onjdz7ol_negative,KvasirCVC__kvasir_cju2zp89k9q1g0855k1x0f1xa_boundary
PolypGen__C4_13_endocv2021_positive_464,7.692307235629414e-08,2.9265437295755703e-10,-7.663041798333659e-08,KvasirCVC__kvasir_cju3u39fog1bo0871lxjrabks_positive;KvasirCVC__cvc_444_positive,KvasirCVC__kvasir_cju87vqa0ndwg0850onjdz7ol_negative,KvasirCVC__kvasir_cju2zp89k9q1g0855k1x0f1xa_boundary
PolypGen__C4_13_endocv2021_positive_222,8.333332601750953e-08,1.3102725848757046e-10,-8.320229875902196e-08,KvasirCVC__kvasir_cju3u39fog1bo0871lxjrabks_positive;KvasirCVC__cvc_444_positive,KvasirCVC__kvasir_cju87vqa0ndwg0850onjdz7ol_negative,KvasirCVC__kvasir_cju2zp89k9q1g0855k1x0f1xa_boundary
PolypGen__C4_6_endocv2021_positive_1308,8.333332601750953e-08,2.3148147842988465e-09,-8.101851123321069e-08,KvasirCVC__kvasir_cju3u39fog1bo0871lxjrabks_positive;KvasirCVC__cvc_444_positive,KvasirCVC__kvasir_cju87vqa0ndwg0850onjdz7ol_negative,KvasirCVC__kvasir_cju2zp89k9q1g0855k1x0f1xa_boundary
PolypGen__C6_EndoCV2021_C6_0100088,1.111110989882036e-07,8.223683956032346e-10,-1.1028873059260036e-07,KvasirCVC__kvasir_cju3u39fog1bo0871lxjrabks_positive;KvasirCVC__cvc_54_positive,KvasirCVC__cvc_210_negative,KvasirCVC__kvasir_cju2zp89k9q1g0855k1x0f1xa_boundary
PolypGen__C2_EndoCV2021_001273,0.0002153317182091996,0.967732846736908,0.9675175150186988,KvasirCVC__kvasir_cju3u39fog1bo0871lxjrabks_positive;KvasirCVC__cvc_444_positive,KvasirCVC__kvasir_cju87vqa0ndwg0850onjdz7ol_negative,KvasirCVC__kvasir_cju2zp89k9q1g0855k1x0f1xa_boundary
PolypGen__C3_C3_EndoCV2021_00389,0.0002258356980746612,0.0251865666359663,0.02496073093789164,KvasirCVC__kvasir_cju3u39fog1bo0871lxjrabks_positive;KvasirCVC__cvc_444_positive,KvasirCVC__kvasir_cju87vqa0ndwg0850onjdz7ol_negative,KvasirCVC__kvasir_cju2zp89k9q1g0855k1x0f1xa_boundary
PolypGen__C1_295OLCV1_100H0008,0.0003178135957568884,0.9429672360420227,0.9426494224462658,KvasirCVC__kvasir_cju3u39fog1bo0871lxjrabks_positive;KvasirCVC__cvc_444_positive,KvasirCVC__kvasir_cju87vqa0ndwg0850onjdz7ol_negative,KvasirCVC__kvasir_cju2zp89k9q1g0855k1x0f1xa_boundary
PolypGen__C2_EndoCV2021_001117,0.00035612552892416716,0.12312811613082886,0.12277199060190469,KvasirCVC__kvasir_cju3u39fog1bo0871lxjrabks_positive;KvasirCVC__kvasir_cju33w4sdcivk0855x879zht7_positive,KvasirCVC__kvasir_cju87vqa0ndwg0850onjdz7ol_negative,KvasirCVC__kvasir_cju2zp89k9q1g0855k1x0f1xa_boundary
PolypGen__C2_EndoCV2021_001420,0.0003818982222583145,0.938237726688385,0.9378558284661267,KvasirCVC__kvasir_cju3u39fog1bo0871lxjrabks_positive;KvasirCVC__cvc_444_positive,KvasirCVC__kvasir_cju87vqa0ndwg0850onjdz7ol_negative,KvasirCVC__kvasir_cju2zp89k9q1g0855k1x0f1xa_boundary
PolypGen__C2_EndoCV2021_001383,0.00043252616887912154,0.5405405163764954,0.5401079902076162,KvasirCVC__kvasir_cju3u39fog1bo0871lxjrabks_positive;KvasirCVC__cvc_444_positive,KvasirCVC__cvc_210_negative,KvasirCVC__kvasir_cju2zp89k9q1g0855k1x0f1xa_boundary
PolypGen__C5_EndoCV2021_C5_50000140,0.0008267881348729134,2.1141648431921567e-09,-0.0008267860207080702,KvasirCVC__kvasir_cju3u39fog1bo0871lxjrabks_positive;KvasirCVC__cvc_444_positive,KvasirCVC__kvasir_cju87vqa0ndwg0850onjdz7ol_negative,KvasirCVC__kvasir_cju2zp89k9q1g0855k1x0f1xa_boundary
PolypGen__C1_176OLCV1_100H0738,0.001670844154432416,0.002514669205993414,0.000843825051560998,KvasirCVC__kvasir_cju3u39fog1bo0871lxjrabks_positive;KvasirCVC__cvc_444_positive,KvasirCVC__kvasir_cju87vqa0ndwg0850onjdz7ol_negative,KvasirCVC__kvasir_cju2zp89k9q1g0855k1x0f1xa_boundary
PolypGen__C1_376OLCV1_100H0010,0.0017943658167496324,0.9328150749206543,0.9310207091039047,KvasirCVC__kvasir_cju3u39fog1bo0871lxjrabks_positive;KvasirCVC__cvc_444_positive,KvasirCVC__kvasir_cju87vqa0ndwg0850onjdz7ol_negative,KvasirCVC__kvasir_cju2zp89k9q1g0855k1x0f1xa_boundary
PolypGen__C3_C3_EndoCV2021_00158,0.0023337227758020163,0.9257950782775879,0.9234613555017859,KvasirCVC__kvasir_cju3u39fog1bo0871lxjrabks_positive;KvasirCVC__cvc_444_positive,KvasirCVC__kvasir_cju87vqa0ndwg0850onjdz7ol_negative,KvasirCVC__kvasir_cju2zp89k9q1g0855k1x0f1xa_boundary
PolypGen__C1_469OLCV1_100H0006,0.0026767791714519262,0.608100414276123,0.6054236351046711,KvasirCVC__kvasir_cju3u39fog1bo0871lxjrabks_positive;KvasirCVC__cvc_444_positive,KvasirCVC__kvasir_cju87vqa0ndwg0850onjdz7ol_negative,KvasirCVC__kvasir_cju2zp89k9q1g0855k1x0f1xa_boundary
PolypGen__C3_C3_EndoCV2021_00466,0.002851711120456457,0.6303030252456665,0.62745131412521,KvasirCVC__kvasir_cju3u39fog1bo0871lxjrabks_positive;KvasirCVC__cvc_444_positive,KvasirCVC__kvasir_cju87vqa0ndwg0850onjdz7ol_negative,KvasirCVC__kvasir_cju2zp89k9q1g0855k1x0f1xa_boundary
PolypGen__C5_EndoCV2021_C5_50000127,0.003173931734636426,0.14810529351234436,0.14493136177770793,KvasirCVC__kvasir_cju3u39fog1bo0871lxjrabks_positive;KvasirCVC__cvc_444_positive,KvasirCVC__kvasir_cju87vqa0ndwg0850onjdz7ol_negative,KvasirCVC__kvasir_cju2zp89k9q1g0855k1x0f1xa_boundary
PolypGen__C2_EndoCV2021_001215,0.0034882838372141123,0.938616931438446,0.9351286476012319,KvasirCVC__kvasir_cju3u39fog1bo0871lxjrabks_positive;KvasirCVC__cvc_444_positive,KvasirCVC__kvasir_cju87vqa0ndwg0850onjdz7ol_negative,KvasirCVC__kvasir_cju2zp89k9q1g0855k1x0f1xa_boundary
PolypGen__C1_100S0003,0.0035682430025190115,0.6847710609436035,0.6812028179410845,KvasirCVC__kvasir_cju3u39fog1bo0871lxjrabks_positive;KvasirCVC__cvc_444_positive,KvasirCVC__kvasir_cju87vqa0ndwg0850onjdz7ol_negative,KvasirCVC__kvasir_cju2zp89k9q1g0855k1x0f1xa_boundary
PolypGen__C3_C3_EndoCV2021_00206,0.0036275694146752357,0.9654000997543335,0.9617725303396583,KvasirCVC__kvasir_cju3u39fog1bo0871lxjrabks_positive;KvasirCVC__cvc_444_positive,KvasirCVC__kvasir_cju87vqa0ndwg0850onjdz7ol_negative,KvasirCVC__kvasir_cju2zp89k9q1g0855k1x0f1xa_boundary
PolypGen__C3_C3_EndoCV2021_00233,0.0037802078295499086,0.841657817363739,0.8378776095341891,KvasirCVC__kvasir_cju3u39fog1bo0871lxjrabks_positive;KvasirCVC__cvc_444_positive,KvasirCVC__kvasir_cju87vqa0ndwg0850onjdz7ol_negative,KvasirCVC__kvasir_cju2zp89k9q1g0855k1x0f1xa_boundary
PolypGen__C5_EndoCV2021_C5_50000340,0.003912254236638546,0.8488549590110779,0.8449427047744393,KvasirCVC__kvasir_cju3u39fog1bo0871lxjrabks_positive;KvasirCVC__cvc_444_positive,KvasirCVC__kvasir_cju87vqa0ndwg0850onjdz7ol_negative,KvasirCVC__kvasir_cju2zp89k9q1g0855k1x0f1xa_boundary
PolypGen__C3_C3_EndoCV2021_00182,0.0043234992772340775,0.8507462739944458,0.8464227747172117,KvasirCVC__kvasir_cju3u39fog1bo0871lxjrabks_positive;KvasirCVC__cvc_444_positive,KvasirCVC__kvasir_cju87vqa0ndwg0850onjdz7ol_negative,KvasirCVC__kvasir_cju2zp89k9q1g0855k1x0f1xa_boundary
PolypGen__C5_EndoCV2021_C5_50000109,0.005048746708780527,0.26271185278892517,0.25766310608014464,KvasirCVC__kvasir_cju3u39fog1bo0871lxjrabks_positive;KvasirCVC__cvc_54_positive,KvasirCVC__cvc_210_negative,KvasirCVC__kvasir_cju2zp89k9q1g0855k1x0f1xa_boundary
PolypGen__C6_EndoCV2021_C6_0100103,0.005798464175313711,0.009168777614831924,0.0033703134395182133,KvasirCVC__kvasir_cju3u39fog1bo0871lxjrabks_positive;KvasirCVC__cvc_444_positive,KvasirCVC__cvc_210_negative,KvasirCVC__kvasir_cju0tl3uz8blh0993wxvn7ly3_boundary
PolypGen__C5_EndoCV2021_C5_50000208,0.005863670259714127,0.04160400852560997,0.035740338265895844,KvasirCVC__kvasir_cju3u39fog1bo0871lxjrabks_positive;KvasirCVC__cvc_444_positive,KvasirCVC__kvasir_cju87vqa0ndwg0850onjdz7ol_negative,KvasirCVC__kvasir_cju2zp89k9q1g0855k1x0f1xa_boundary
PolypGen__C5_EndoCV2021_C5_50000372,0.006010519340634346,0.763005793094635,0.7569952737540007,KvasirCVC__kvasir_cju3u39fog1bo0871lxjrabks_positive;KvasirCVC__kvasir_cju33w4sdcivk0855x879zht7_positive,KvasirCVC__kvasir_cju87vqa0ndwg0850onjdz7ol_negative,KvasirCVC__kvasir_cju2zp89k9q1g0855k1x0f1xa_boundary
PolypGen__C5_EndoCV2021_C5_50000065,0.006197790149599314,2.747252647594678e-09,-0.006197787402346666,KvasirCVC__kvasir_cju3u39fog1bo0871lxjrabks_positive;KvasirCVC__cvc_444_positive,KvasirCVC__kvasir_cju87vqa0ndwg0850onjdz7ol_negative,KvasirCVC__kvasir_cju2zp89k9q1g0855k1x0f1xa_boundary
PolypGen__C2_EndoCV2021_001003,0.006395906675606966,0.9613259434700012,0.9549300367943943,KvasirCVC__kvasir_cju3u39fog1bo0871lxjrabks_positive;KvasirCVC__cvc_444_positive,KvasirCVC__kvasir_cju87vqa0ndwg0850onjdz7ol_negative,KvasirCVC__kvasir_cju2zp89k9q1g0855k1x0f1xa_boundary
PolypGen__C4_22_endocv2021_positive_625,0.006409789435565472,0.02047083154320717,0.014061042107641697,KvasirCVC__kvasir_cju3u39fog1bo0871lxjrabks_positive;KvasirCVC__cvc_444_positive,KvasirCVC__kvasir_cju87vqa0ndwg0850onjdz7ol_negative,KvasirCVC__kvasir_cju2zp89k9q1g0855k1x0f1xa_boundary
PolypGen__C2_EndoCV2021_001049,0.006435112562030554,0.8668407201766968,0.8604056076146662,KvasirCVC__kvasir_cju3u39fog1bo0871lxjrabks_positive;KvasirCVC__cvc_444_positive,KvasirCVC__cvc_210_negative,KvasirCVC__kvasir_cju2zp89k9q1g0855k1x0f1xa_boundary
PolypGen__C3_C3_EndoCV2021_00411,0.006547429133206606,0.8902077078819275,0.8836602787487209,KvasirCVC__kvasir_cju3u39fog1bo0871lxjrabks_positive;KvasirCVC__cvc_444_positive,KvasirCVC__kvasir_cju87vqa0ndwg0850onjdz7ol_negative,KvasirCVC__kvasir_cju2zp89k9q1g0855k1x0f1xa_boundary
PolypGen__C5_EndoCV2021_C5_50000172,0.006609385367482901,1.00300900918171e-09,-0.0066093843644738914,KvasirCVC__kvasir_cju3u39fog1bo0871lxjrabks_positive;KvasirCVC__cvc_444_positive,KvasirCVC__kvasir_cju87vqa0ndwg0850onjdz7ol_negative,KvasirCVC__kvasir_cju2zp89k9q1g0855k1x0f1xa_boundary
PolypGen__C6_EndoCV2021_C6_0100114,0.006898931227624416,0.465753436088562,0.4588545048609376,KvasirCVC__kvasir_cju3u39fog1bo0871lxjrabks_positive;KvasirCVC__cvc_444_positive,KvasirCVC__kvasir_cju87vqa0ndwg0850onjdz7ol_negative,KvasirCVC__kvasir_cju2zp89k9q1g0855k1x0f1xa_boundary
PolypGen__C3_C3_EndoCV2021_00342,0.0069974553771317005,0.9742147326469421,0.9672172772698104,KvasirCVC__kvasir_cju3u39fog1bo0871lxjrabks_positive;KvasirCVC__kvasir_cju33w4sdcivk0855x879zht7_positive,KvasirCVC__kvasir_cju87vqa0ndwg0850onjdz7ol_negative,KvasirCVC__kvasir_cju2zp89k9q1g0855k1x0f1xa_boundary
PolypGen__C4_31_endocv2021_positive_1318,0.0070724934339523315,0.5581549406051636,0.5510824471712112,KvasirCVC__kvasir_cju3u39fog1bo0871lxjrabks_positive;KvasirCVC__cvc_444_positive,KvasirCVC__kvasir_cju87vqa0ndwg0850onjdz7ol_negative,KvasirCVC__kvasir_cju2zp89k9q1g0855k1x0f1xa_boundary
PolypGen__C2_EndoCV2021_001219,0.007253886666148901,0.9639942646026611,0.9567403779365122,KvasirCVC__kvasir_cju3u39fog1bo0871lxjrabks_positive;KvasirCVC__cvc_444_positive,KvasirCVC__kvasir_cju87vqa0ndwg0850onjdz7ol_negative,KvasirCVC__kvasir_cju2zp89k9q1g0855k1x0f1xa_boundary
PolypGen__C6_EndoCV2021_C6_0100025,0.00761179905384779,0.00761179905384779,0.0,KvasirCVC__kvasir_cju3u39fog1bo0871lxjrabks_positive;KvasirCVC__cvc_444_positive,KvasirCVC__kvasir_cju87vqa0ndwg0850onjdz7ol_negative,KvasirCVC__kvasir_cju2zp89k9q1g0855k1x0f1xa_boundary
PolypGen__C5_EndoCV2021_C5_50000264,0.007614046800881624,0.7777777910232544,0.7701637442223728,KvasirCVC__kvasir_cju3u39fog1bo0871lxjrabks_positive;KvasirCVC__cvc_444_positive,KvasirCVC__kvasir_cju87vqa0ndwg0850onjdz7ol_negative,KvasirCVC__kvasir_cju2zp89k9q1g0855k1x0f1xa_boundary
PolypGen__C5_EndoCV2021_C5_50000036,0.007674597669392824,0.5412647128105164,0.5335901151411235,KvasirCVC__kvasir_cju3u39fog1bo0871lxjrabks_positive;KvasirCVC__cvc_444_positive,KvasirCVC__kvasir_cju87vqa0ndwg0850onjdz7ol_negative,KvasirCVC__kvasir_cju2zp89k9q1g0855k1x0f1xa_boundary
PolypGen__C3_C3_EndoCV2021_00102,0.00807651411741972,0.9757656455039978,0.9676891313865781,KvasirCVC__kvasir_cju3u39fog1bo0871lxjrabks_positive;KvasirCVC__cvc_444_positive,KvasirCVC__kvasir_cju87vqa0ndwg0850onjdz7ol_negative,KvasirCVC__kvasir_cju2zp89k9q1g0855k1x0f1xa_boundary
PolypGen__C1_176OLCV1_100H0889,0.008436484262347221,0.9504036903381348,0.9419672060757875,KvasirCVC__kvasir_cju3u39fog1bo0871lxjrabks_positive;KvasirCVC__cvc_444_positive,KvasirCVC__kvasir_cju87vqa0ndwg0850onjdz7ol_negative,KvasirCVC__kvasir_cju2zp89k9q1g0855k1x0f1xa_boundary
PolypGen__C2_EndoCV2021_001406,0.008602152578532696,0.013131814077496529,0.004529661498963833,KvasirCVC__kvasir_cju3u39fog1bo0871lxjrabks_positive;KvasirCVC__cvc_444_positive,KvasirCVC__kvasir_cju87vqa0ndwg0850onjdz7ol_negative,KvasirCVC__kvasir_cju2zp89k9q1g0855k1x0f1xa_boundary
PolypGen__C5_EndoCV2021_C5_50000188,0.008787346072494984,0.4761904776096344,0.4674031315371394,KvasirCVC__kvasir_cju3u39fog1bo0871lxjrabks_positive;KvasirCVC__cvc_444_positive,KvasirCVC__kvasir_cju87vqa0ndwg0850onjdz7ol_negative,KvasirCVC__kvasir_cju2zp89k9q1g0855k1x0f1xa_boundary
PolypGen__C1_195OLCV1_100H0012,0.008966836147010326,0.8714285492897034,0.862461713142693,KvasirCVC__kvasir_cju3u39fog1bo0871lxjrabks_positive;KvasirCVC__cvc_444_positive,KvasirCVC__kvasir_cju87vqa0ndwg0850onjdz7ol_negative,KvasirCVC__kvasir_cju2zp89k9q1g0855k1x0f1xa_boundary
PolypGen__C3_C3_EndoCV2021_00136,0.009828009642660618,0.967995285987854,0.9581672763451934,KvasirCVC__kvasir_cju3u39fog1bo0871lxjrabks_positive;KvasirCVC__cvc_444_positive,KvasirCVC__kvasir_cju87vqa0ndwg0850onjdz7ol_negative,KvasirCVC__kvasir_cju2zp89k9q1g0855k1x0f1xa_boundary
PolypGen__C4_9_endocv2021_positive_1006,0.010191601701080799,0.9476243257522583,0.9374327240511775,KvasirCVC__kvasir_cju3u39fog1bo0871lxjrabks_positive;KvasirCVC__cvc_444_positive,KvasirCVC__kvasir_cju2y5zas8m7f0801d34g5owq_negative,KvasirCVC__kvasir_cju2zp89k9q1g0855k1x0f1xa_boundary
PolypGen__C2_EndoCV2021_001424,0.010683528147637844,0.8377622365951538,0.827078708447516,KvasirCVC__kvasir_cju3u39fog1bo0871lxjrabks_positive;KvasirCVC__cvc_444_positive,KvasirCVC__kvasir_cju87vqa0ndwg0850onjdz7ol_negative,KvasirCVC__kvasir_cju2zp89k9q1g0855k1x0f1xa_boundary
PolypGen__C1_177OLCV1_100H0014,0.010761259123682976,0.05875531584024429,0.04799405671656132,KvasirCVC__kvasir_cju3u39fog1bo0871lxjrabks_positive;KvasirCVC__cvc_444_positive,KvasirCVC__kvasir_cju87vqa0ndwg0850onjdz7ol_negative,KvasirCVC__kvasir_cju2zp89k9q1g0855k1x0f1xa_boundary
PolypGen__C5_EndoCV2021_C5_50000186,0.010810811072587967,0.616216242313385,0.605405431240797,KvasirCVC__kvasir_cju3u39fog1bo0871lxjrabks_positive;KvasirCVC__cvc_444_positive,KvasirCVC__kvasir_cju87vqa0ndwg0850onjdz7ol_negative,KvasirCVC__kvasir_cju2zp89k9q1g0855k1x0f1xa_boundary
PolypGen__C5_EndoCV2021_C5_50000100,0.010830936022102833,0.6639785170555115,0.6531475810334086,KvasirCVC__kvasir_cju3u39fog1bo0871lxjrabks_positive;KvasirCVC__cvc_444_positive,KvasirCVC__kvasir_cju87vqa0ndwg0850onjdz7ol_negative,KvasirCVC__kvasir_cju2zp89k9q1g0855k1x0f1xa_boundary
PolypGen__C2_EndoCV2021_001137,0.011246786452829838,0.04649776592850685,0.03525097947567701,KvasirCVC__kvasir_cju3u39fog1bo0871lxjrabks_positive;KvasirCVC__cvc_444_positive,KvasirCVC__kvasir_cju87vqa0ndwg0850onjdz7ol_negative,KvasirCVC__kvasir_cju2zp89k9q1g0855k1x0f1xa_boundary
PolypGen__C3_C3_EndoCV2021_00169,0.011608623899519444,0.9134253263473511,0.9018167024478316,KvasirCVC__kvasir_cju3u39fog1bo0871lxjrabks_positive;KvasirCVC__cvc_444_positive,KvasirCVC__kvasir_cju87vqa0ndwg0850onjdz7ol_negative,KvasirCVC__kvasir_cju2zp89k9q1g0855k1x0f1xa_boundary
PolypGen__C3_C3_EndoCV2021_00427,0.011973060667514801,0.7175904512405396,0.7056173905730247,KvasirCVC__kvasir_cju3u39fog1bo0871lxjrabks_positive;KvasirCVC__cvc_444_positive,KvasirCVC__kvasir_cju87vqa0ndwg0850onjdz7ol_negative,KvasirCVC__kvasir_cju2zp89k9q1g0855k1x0f1xa_boundary
PolypGen__C5_EndoCV2021_C5_50000267,0.012132524512708187,0.875,0.8628674754872918,KvasirCVC__kvasir_cju3u39fog1bo0871lxjrabks_positive;KvasirCVC__cvc_444_positive,KvasirCVC__kvasir_cju87vqa0ndwg0850onjdz7ol_negative,KvasirCVC__kvasir_cju2zp89k9q1g0855k1x0f1xa_boundary
PolypGen__C5_EndoCV2021_C5_50000125,0.012644701637327671,0.2278118133544922,0.21516711171716452,KvasirCVC__kvasir_cju3u39fog1bo0871lxjrabks_positive;KvasirCVC__cvc_444_positive,KvasirCVC__kvasir_cju87vqa0ndwg0850onjdz7ol_negative,KvasirCVC__kvasir_cju2zp89k9q1g0855k1x0f1xa_boundary
PolypGen__C1_133OLCV1_100H0013,0.012722278013825417,2.2935779941946066e-09,-0.012722275720247422,KvasirCVC__kvasir_cju3u39fog1bo0871lxjrabks_positive;KvasirCVC__cvc_444_positive,KvasirCVC__kvasir_cju87vqa0ndwg0850onjdz7ol_negative,KvasirCVC__kvasir_cju2zp89k9q1g0855k1x0f1xa_boundary
PolypGen__C1_234OLCV1_100H0020,0.013183730654418468,0.019073989242315292,0.005890258587896824,KvasirCVC__kvasir_cju3u39fog1bo0871lxjrabks_positive;KvasirCVC__cvc_444_positive,KvasirCVC__kvasir_cju87vqa0ndwg0850onjdz7ol_negative,KvasirCVC__kvasir_cju2zp89k9q1g0855k1x0f1xa_boundary
PolypGen__C1_263OLCV1_100H0002,0.013517863117158413,0.9121405482292175,0.8986226851120591,KvasirCVC__kvasir_cju3u39fog1bo0871lxjrabks_positive;KvasirCVC__cvc_444_positive,KvasirCVC__kvasir_cju87vqa0ndwg0850onjdz7ol_negative,KvasirCVC__kvasir_cju2zp89k9q1g0855k1x0f1xa_boundary
PolypGen__C3_C3_EndoCV2021_00240,0.013799634762108326,0.6756756901741028,0.6618760554119945,KvasirCVC__kvasir_cju3u39fog1bo0871lxjrabks_positive;KvasirCVC__cvc_444_positive,KvasirCVC__kvasir_cju87vqa0ndwg0850onjdz7ol_negative,KvasirCVC__kvasir_cju2zp89k9q1g0855k1x0f1xa_boundary
PolypGen__C1_175OLCV1_100H0011,0.014046289026737213,0.6304649710655212,0.616418682038784,KvasirCVC__kvasir_cju3u39fog1bo0871lxjrabks_positive;KvasirCVC__cvc_444_positive,KvasirCVC__kvasir_cju87vqa0ndwg0850onjdz7ol_negative,KvasirCVC__kvasir_cju2zp89k9q1g0855k1x0f1xa_boundary
PolypGen__C4_20_endocv2021_positive_708,0.014070634730160236,0.4716981053352356,0.45762747060507536,KvasirCVC__kvasir_cju3u39fog1bo0871lxjrabks_positive;KvasirCVC__cvc_444_positive,KvasirCVC__kvasir_cju87vqa0ndwg0850onjdz7ol_negative,KvasirCVC__kvasir_cju2zp89k9q1g0855k1x0f1xa_boundary
PolypGen__C6_EndoCV2021_C6_0100090,0.014484679326415062,0.008261964656412601,-0.0062227146700024605,KvasirCVC__kvasir_cju3u39fog1bo0871lxjrabks_positive;KvasirCVC__cvc_444_positive,KvasirCVC__kvasir_cju2y5zas8m7f0801d34g5owq_negative,KvasirCVC__kvasir_cju2zp89k9q1g0855k1x0f1xa_boundary
PolypGen__C3_C3_EndoCV2021_00111,0.014630577526986599,0.9529494643211365,0.9383188867941499,KvasirCVC__kvasir_cju3u39fog1bo0871lxjrabks_positive;KvasirCVC__cvc_444_positive,KvasirCVC__cvc_210_negative,KvasirCVC__kvasir_cju2zp89k9q1g0855k1x0f1xa_boundary
PolypGen__C2_EndoCV2021_001425,0.015175621025264263,0.942357063293457,0.9271814422681928,KvasirCVC__kvasir_cju3u39fog1bo0871lxjrabks_positive;KvasirCVC__cvc_444_positive,KvasirCVC__kvasir_cju87vqa0ndwg0850onjdz7ol_negative,KvasirCVC__kvasir_cju2zp89k9q1g0855k1x0f1xa_boundary
PolypGen__C6_EndoCV2021_C6_0100011,0.015650741755962372,0.9406528472900391,0.9250021055340767,KvasirCVC__kvasir_cju3u39fog1bo0871lxjrabks_positive;KvasirCVC__cvc_444_positive,KvasirCVC__kvasir_cju87vqa0ndwg0850onjdz7ol_negative,KvasirCVC__kvasir_cju2zp89k9q1g0855k1x0f1xa_boundary
PolypGen__C6_EndoCV2021_C6_0100077,0.01590559259057045,0.14878398180007935,0.1328783892095089,KvasirCVC__kvasir_cju3u39fog1bo0871lxjrabks_positive;KvasirCVC__cvc_444_positive,KvasirCVC__kvasir_cju87vqa0ndwg0850onjdz7ol_negative,KvasirCVC__cvc_96_boundary
PolypGen__C6_EndoCV2021_C6_0100040,0.016267647966742516,0.8465608358383179,0.8302931878715754,KvasirCVC__kvasir_cju3u39fog1bo0871lxjrabks_positive;KvasirCVC__cvc_444_positive,KvasirCVC__kvasir_cju87vqa0ndwg0850onjdz7ol_negative,KvasirCVC__kvasir_cju2zp89k9q1g0855k1x0f1xa_boundary
PolypGen__C4_14_endocv2021_positive_1435,0.016999194398522377,0.7380260825157166,0.7210268881171942,KvasirCVC__kvasir_cju3u39fog1bo0871lxjrabks_positive;KvasirCVC__cvc_444_positive,KvasirCVC__kvasir_cju87vqa0ndwg0850onjdz7ol_negative,KvasirCVC__kvasir_cju2zp89k9q1g0855k1x0f1xa_boundary
PolypGen__C1_125OLCV1_100H0003,0.01719457097351551,0.5063938498497009,0.4891992788761854,KvasirCVC__kvasir_cju3u39fog1bo0871lxjrabks_positive;KvasirCVC__cvc_444_positive,KvasirCVC__kvasir_cju87vqa0ndwg0850onjdz7ol_negative,KvasirCVC__kvasir_cju2zp89k9q1g0855k1x0f1xa_boundary
PolypGen__C1_896OLCV1_100H0044,0.017621146515011787,0.8233261108398438,0.805704964324832,KvasirCVC__kvasir_cju3u39fog1bo0871lxjrabks_positive;KvasirCVC__cvc_444_positive,KvasirCVC__kvasir_cju87vqa0ndwg0850onjdz7ol_negative,KvasirCVC__kvasir_cju2zp89k9q1g0855k1x0f1xa_boundary
PolypGen__C4_24_endocv2021_positive_1139,0.018387438729405403,0.8608724474906921,0.8424850087612867,KvasirCVC__kvasir_cju3u39fog1bo0871lxjrabks_positive;KvasirCVC__cvc_444_positive,KvasirCVC__kvasir_cju87vqa0ndwg0850onjdz7ol_negative,KvasirCVC__kvasir_cju2zp89k9q1g0855k1x0f1xa_boundary
PolypGen__C3_C3_EndoCV2021_00170,0.018588930368423462,0.04229271039366722,0.02370378002524376,KvasirCVC__kvasir_cju3u39fog1bo0871lxjrabks_positive;KvasirCVC__cvc_444_positive,KvasirCVC__kvasir_cju87vqa0ndwg0850onjdz7ol_negative,KvasirCVC__kvasir_cju2zp89k9q1g0855k1x0f1xa_boundary
PolypGen__C1_177OLCV1_100H0040,0.01912190206348896,0.8909937143325806,0.8718718122690916,KvasirCVC__kvasir_cju3u39fog1bo0871lxjrabks_positive;KvasirCVC__cvc_444_positive,KvasirCVC__kvasir_cju87vqa0ndwg0850onjdz7ol_negative,KvasirCVC__kvasir_cju2zp89k9q1g0855k1x0f1xa_boundary
PolypGen__C2_EndoCV2021_001321,0.019180472940206528,0.9039900302886963,0.8848095573484898,KvasirCVC__kvasir_cju3u39fog1bo0871lxjrabks_positive;KvasirCVC__cvc_54_positive,KvasirCVC__cvc_210_negative,KvasirCVC__kvasir_cju2zp89k9q1g0855k1x0f1xa_boundary
PolypGen__C5_EndoCV2021_C5_50000282,0.020503755658864975,0.9357143044471741,0.9152105487883091,KvasirCVC__kvasir_cju3u39fog1bo0871lxjrabks_positive;KvasirCVC__cvc_444_positive,KvasirCVC__kvasir_cju87vqa0ndwg0850onjdz7ol_negative,KvasirCVC__kvasir_cju2zp89k9q1g0855k1x0f1xa_boundary
PolypGen__C3_C3_EndoCV2021_00409,0.020621448755264282,0.6590389013290405,0.6384174525737762,KvasirCVC__kvasir_cju3u39fog1bo0871lxjrabks_positive;KvasirCVC__cvc_444_positive,KvasirCVC__kvasir_cju87vqa0ndwg0850onjdz7ol_negative,KvasirCVC__kvasir_cju2zp89k9q1g0855k1x0f1xa_boundary
PolypGen__C3_C3_EndoCV2021_00465,0.021168384701013565,0.8951048851013184,0.8739365004003048,KvasirCVC__kvasir_cju3u39fog1bo0871lxjrabks_positive;KvasirCVC__cvc_444_positive,KvasirCVC__kvasir_cju87vqa0ndwg0850onjdz7ol_negative,KvasirCVC__kvasir_cju2zp89k9q1g0855k1x0f1xa_boundary
PolypGen__C5_EndoCV2021_C5_50000098,0.02127380110323429,0.6524999737739563,0.631226172670722,KvasirCVC__kvasir_cju3u39fog1bo0871lxjrabks_positive;KvasirCVC__cvc_444_positive,KvasirCVC__kvasir_cju87vqa0ndwg0850onjdz7ol_negative,KvasirCVC__kvasir_cju2zp89k9q1g0855k1x0f1xa_boundary
PolypGen__C1_333OLCV1_100H0016,0.02164986915886402,0.9464788436889648,0.9248289745301008,KvasirCVC__kvasir_cju3u39fog1bo0871lxjrabks_positive;KvasirCVC__cvc_444_positive,KvasirCVC__kvasir_cju87vqa0ndwg0850onjdz7ol_negative,KvasirCVC__kvasir_cju2zp89k9q1g0855k1x0f1xa_boundary
PolypGen__C4_6_endocv2021_positive_263,0.023348120972514153,0.021427040919661522,-0.0019210800528526306,KvasirCVC__kvasir_cju3u39fog1bo0871lxjrabks_positive;KvasirCVC__cvc_444_positive,KvasirCVC__kvasir_cju87vqa0ndwg0850onjdz7ol_negative,KvasirCVC__kvasir_cju2zp89k9q1g0855k1x0f1xa_boundary
PolypGen__C1_374OLCV1_100H0016,0.023616844788193703,0.9300699234008789,0.9064530786126852,KvasirCVC__kvasir_cju3u39fog1bo0871lxjrabks_positive;KvasirCVC__cvc_444_positive,KvasirCVC__kvasir_cju87vqa0ndwg0850onjdz7ol_negative,KvasirCVC__kvasir_cju2zp89k9q1g0855k1x0f1xa_boundary
PolypGen__C4_10_endocv2021_positive_950,0.023669477552175522,0.7006369233131409,0.6769674457609653,KvasirCVC__kvasir_cju3u39fog1bo0871lxjrabks_positive;KvasirCVC__cvc_444_positive,KvasirCVC__kvasir_cju87vqa0ndwg0850onjdz7ol_negative,KvasirCVC__kvasir_cju2zp89k9q1g0855k1x0f1xa_boundary
PolypGen__C3_C3_EndoCV2021_00249,0.023919429630041122,0.9656510353088379,0.9417316056787968,KvasirCVC__kvasir_cju3u39fog1bo0871lxjrabks_positive;KvasirCVC__cvc_444_positive,KvasirCVC__kvasir_cju87vqa0ndwg0850onjdz7ol_negative,KvasirCVC__kvasir_cju2zp89k9q1g0855k1x0f1xa_boundary
PolypGen__C1_176OLCV1_100H0126,0.024009766057133675,0.8746928572654724,0.8506830912083387,KvasirCVC__kvasir_cju3u39fog1bo0871lxjrabks_positive;KvasirCVC__cvc_444_positive,KvasirCVC__kvasir_cju87vqa0ndwg0850onjdz7ol_negative,KvasirCVC__kvasir_cju2zp89k9q1g0855k1x0f1xa_boundary
PolypGen__C3_C3_EndoCV2021_00464,0.024305004626512527,0.24396134912967682,0.2196563445031643,KvasirCVC__kvasir_cju3u39fog1bo0871lxjrabks_positive;KvasirCVC__kvasir_cju33w4sdcivk0855x879zht7_positive,KvasirCVC__kvasir_cju87vqa0ndwg0850onjdz7ol_negative,KvasirCVC__kvasir_cju2zp89k9q1g0855k1x0f1xa_boundary
PolypGen__C4_20_endocv2021_positive_782,0.02431652694940567,0.6397058963775635,0.6153893694281578,KvasirCVC__kvasir_cju3u39fog1bo0871lxjrabks_positive;KvasirCVC__cvc_444_positive,KvasirCVC__kvasir_cju87vqa0ndwg0850onjdz7ol_negative,KvasirCVC__kvasir_cju2zp89k9q1g0855k1x0f1xa_boundary
PolypGen__C3_C3_EndoCV2021_0051,0.024328002706170082,0.9596273303031921,0.9352993275970221,KvasirCVC__kvasir_cju3u39fog1bo0871lxjrabks_positive;KvasirCVC__cvc_444_positive,KvasirCVC__kvasir_cju87vqa0ndwg0850onjdz7ol_negative,KvasirCVC__kvasir_cju2zp89k9q1g0855k1x0f1xa_boundary
PolypGen__C3_C3_EndoCV2021_0039,0.024390242993831635,0.9788070917129517,0.95441684871912,KvasirCVC__kvasir_cju3u39fog1bo0871lxjrabks_positive;KvasirCVC__cvc_444_positive,KvasirCVC__cvc_210_negative,KvasirCVC__kvasir_cju2zp89k9q1g0855k1x0f1xa_boundary
PolypGen__C3_C3_EndoCV2021_0030,0.024970367550849915,0.9237392544746399,0.89876888692379,KvasirCVC__kvasir_cju3u39fog1bo0871lxjrabks_positive;KvasirCVC__cvc_444_positive,KvasirCVC__kvasir_cju87vqa0ndwg0850onjdz7ol_negative,KvasirCVC__kvasir_cju2zp89k9q1g0855k1x0f1xa_boundary
PolypGen__C2_EndoCV2021_001309,0.025082996115088463,0.9276807904243469,0.9025977943092585,KvasirCVC__kvasir_cju3u39fog1bo0871lxjrabks_positive;KvasirCVC__kvasir_cju33w4sdcivk0855x879zht7_positive,KvasirCVC__kvasir_cju87vqa0ndwg0850onjdz7ol_negative,KvasirCVC__kvasir_cju2zp89k9q1g0855k1x0f1xa_boundary
PolypGen__C3_C3_EndoCV2021_00350,0.025310467928647995,0.5730994343757629,0.5477889664471149,KvasirCVC__kvasir_cju3u39fog1bo0871lxjrabks_positive;KvasirCVC__cvc_444_positive,KvasirCVC__kvasir_cju87vqa0ndwg0850onjdz7ol_negative,KvasirCVC__kvasir_cju2zp89k9q1g0855k1x0f1xa_boundary
PolypGen__C5_EndoCV2021_C5_50000229,0.027508091181516647,0.06417112052440643,0.036663029342889786,KvasirCVC__kvasir_cju3u39fog1bo0871lxjrabks_positive;KvasirCVC__cvc_444_positive,KvasirCVC__kvasir_cju87vqa0ndwg0850onjdz7ol_negative,KvasirCVC__kvasir_cju2zp89k9q1g0855k1x0f1xa_boundary
PolypGen__C1_434OLCV1_100S0007,0.028353022411465645,0.8321167826652527,0.803763760253787,KvasirCVC__kvasir_cju3u39fog1bo0871lxjrabks_positive;KvasirCVC__cvc_444_positive,KvasirCVC__kvasir_cju87vqa0ndwg0850onjdz7ol_negative,KvasirCVC__kvasir_cju2zp89k9q1g0855k1x0f1xa_boundary
PolypGen__C4_21_endocv2021_positive_1498,0.028511587530374527,0.8911174535751343,0.8626058660447598,KvasirCVC__kvasir_cju3u39fog1bo0871lxjrabks_positive;KvasirCVC__cvc_444_positive,KvasirCVC__kvasir_cju87vqa0ndwg0850onjdz7ol_negative,KvasirCVC__kvasir_cju2zp89k9q1g0855k1x0f1xa_boundary
PolypGen__C6_EndoCV2021_C6_0100085,0.029843322932720184,0.9718500971794128,0.9420067742466927,KvasirCVC__kvasir_cju3u39fog1bo0871lxjrabks_positive;KvasirCVC__cvc_444_positive,KvasirCVC__cvc_210_negative,KvasirCVC__kvasir_cju3u39fog1bo0871lxjrabks_boundary
PolypGen__C4_15_endocv2021_positive_1416,0.03102407604455948,0.7932011485099792,0.7621770724654198,KvasirCVC__cvc_54_positive;KvasirCVC__kvasir_cju3u39fog1bo0871lxjrabks_positive,KvasirCVC__kvasir_cju87vqa0ndwg0850onjdz7ol_negative,KvasirCVC__kvasir_cju0tl3uz8blh0993wxvn7ly3_boundary
PolypGen__C1_975OLCV1_100H0014,0.031077302992343903,0.5159817337989807,0.4849044308066368,KvasirCVC__kvasir_cju3u39fog1bo0871lxjrabks_positive;KvasirCVC__cvc_444_positive,KvasirCVC__kvasir_cju87vqa0ndwg0850onjdz7ol_negative,KvasirCVC__kvasir_cju2zp89k9q1g0855k1x0f1xa_boundary
PolypGen__C1_326OLCV1_100H0006,0.031111745163798332,0.7377326488494873,0.706620903685689,KvasirCVC__kvasir_cju3u39fog1bo0871lxjrabks_positive;KvasirCVC__cvc_444_positive,KvasirCVC__kvasir_cju87vqa0ndwg0850onjdz7ol_negative,KvasirCVC__kvasir_cju2zp89k9q1g0855k1x0f1xa_boundary
PolypGen__C3_C3_EndoCV2021_00495,0.03139831870794296,0.7933958172798157,0.7619974985718727,KvasirCVC__kvasir_cju3u39fog1bo0871lxjrabks_positive;KvasirCVC__cvc_444_positive,KvasirCVC__kvasir_cju87vqa0ndwg0850onjdz7ol_negative,KvasirCVC__kvasir_cju2zp89k9q1g0855k1x0f1xa_boundary
PolypGen__C1_906OLCV1_100H0002,0.03152211755514145,0.8781608939170837,0.8466387763619423,KvasirCVC__kvasir_cju3u39fog1bo0871lxjrabks_positive;KvasirCVC__cvc_444_positive,KvasirCVC__kvasir_cju87vqa0ndwg0850onjdz7ol_negative,KvasirCVC__kvasir_cju2zp89k9q1g0855k1x0f1xa_boundary
PolypGen__C2_EndoCV2021_001349,0.03170955926179886,0.9873729944229126,0.9556634351611137,KvasirCVC__kvasir_cju3u39fog1bo0871lxjrabks_positive;KvasirCVC__cvc_54_positive,KvasirCVC__kvasir_cju87vqa0ndwg0850onjdz7ol_negative,KvasirCVC__kvasir_cju2zp89k9q1g0855k1x0f1xa_boundary
PolypGen__C5_EndoCV2021_C5_50000009,0.031834591180086136,0.4262295067310333,0.3943949155509472,KvasirCVC__kvasir_cju3u39fog1bo0871lxjrabks_positive;KvasirCVC__cvc_444_positive,KvasirCVC__kvasir_cju87vqa0ndwg0850onjdz7ol_negative,KvasirCVC__kvasir_cju2zp89k9q1g0855k1x0f1xa_boundary
PolypGen__C3_C3_EndoCV2021_00396,0.03256281465291977,0.8142856955528259,0.7817228808999062,KvasirCVC__kvasir_cju3u39fog1bo0871lxjrabks_positive;KvasirCVC__cvc_444_positive,KvasirCVC__kvasir_cju87vqa0ndwg0850onjdz7ol_negative,KvasirCVC__kvasir_cju2zp89k9q1g0855k1x0f1xa_boundary
PolypGen__C4_6_endocv2021_positive_388,0.03302006423473358,0.06633499264717102,0.03331492841243744,KvasirCVC__kvasir_cju3u39fog1bo0871lxjrabks_positive;KvasirCVC__cvc_444_positive,KvasirCVC__kvasir_cju87vqa0ndwg0850onjdz7ol_negative,KvasirCVC__kvasir_cju2zp89k9q1g0855k1x0f1xa_boundary
PolypGen__C4_28_endocv2021_positive_708,0.033272262662649155,0.15585307776927948,0.12258081510663033,KvasirCVC__kvasir_cju3u39fog1bo0871lxjrabks_positive;KvasirCVC__cvc_444_positive,KvasirCVC__kvasir_cju87vqa0ndwg0850onjdz7ol_negative,KvasirCVC__kvasir_cju2zp89k9q1g0855k1x0f1xa_boundary
PolypGen__C3_C3_EndoCV2021_00177,0.03426124155521393,0.7527309060096741,0.7184696644544601,KvasirCVC__kvasir_cju3u39fog1bo0871lxjrabks_positive;KvasirCVC__cvc_444_positive,KvasirCVC__kvasir_cju87vqa0ndwg0850onjdz7ol_negative,KvasirCVC__kvasir_cju2zp89k9q1g0855k1x0f1xa_boundary
PolypGen__C3_C3_EndoCV2021_0058,0.0349946990609169,0.2930693030357361,0.2580746039748192,KvasirCVC__kvasir_cju3u39fog1bo0871lxjrabks_positive;KvasirCVC__cvc_444_positive,KvasirCVC__cvc_210_negative,KvasirCVC__kvasir_cju2zp89k9q1g0855k1x0f1xa_boundary
PolypGen__C1_718OLCV1_100H0002,0.03663144260644913,1.3280212485256015e-09,-0.03663144127842788,KvasirCVC__kvasir_cju3u39fog1bo0871lxjrabks_positive;KvasirCVC__cvc_444_positive,KvasirCVC__kvasir_cju87vqa0ndwg0850onjdz7ol_negative,KvasirCVC__kvasir_cju2zp89k9q1g0855k1x0f1xa_boundary
PolypGen__C6_EndoCV2021_C6_0100041,0.036730945110321045,0.20132450759410858,0.16459356248378754,KvasirCVC__kvasir_cju3u39fog1bo0871lxjrabks_positive;KvasirCVC__cvc_444_positive,KvasirCVC__kvasir_cju87vqa0ndwg0850onjdz7ol_negative,KvasirCVC__kvasir_cju2zp89k9q1g0855k1x0f1xa_boundary
PolypGen__C3_C3_EndoCV2021_00218,0.0369381383061409,0.8526522517204285,0.8157141134142876,KvasirCVC__kvasir_cju3u39fog1bo0871lxjrabks_positive;KvasirCVC__cvc_444_positive,KvasirCVC__kvasir_cju87vqa0ndwg0850onjdz7ol_negative,KvasirCVC__kvasir_cju2zp89k9q1g0855k1x0f1xa_boundary
PolypGen__C5_EndoCV2021_C5_50000202,0.037578288465738297,0.07505938410758972,0.037481095641851425,KvasirCVC__kvasir_cju3u39fog1bo0871lxjrabks_positive;KvasirCVC__cvc_444_positive,KvasirCVC__kvasir_cju87vqa0ndwg0850onjdz7ol_negative,KvasirCVC__kvasir_cju2zp89k9q1g0855k1x0f1xa_boundary
PolypGen__C3_C3_EndoCV2021_00245,0.038849275559186935,0.8969948291778564,0.8581455536186695,KvasirCVC__kvasir_cju3u39fog1bo0871lxjrabks_positive;KvasirCVC__kvasir_cju33w4sdcivk0855x879zht7_positive,KvasirCVC__kvasir_cju87vqa0ndwg0850onjdz7ol_negative,KvasirCVC__kvasir_cju2zp89k9q1g0855k1x0f1xa_boundary
PolypGen__C4_23_endocv2021_positive_316,0.0412224605679512,0.6227889657020569,0.5815665051341057,KvasirCVC__kvasir_cju3u39fog1bo0871lxjrabks_positive;KvasirCVC__cvc_444_positive,KvasirCVC__kvasir_cju87vqa0ndwg0850onjdz7ol_negative,KvasirCVC__kvasir_cju2zp89k9q1g0855k1x0f1xa_boundary
PolypGen__C5_EndoCV2021_C5_50000141,0.042153049260377884,0.07210205495357513,0.02994900569319725,KvasirCVC__kvasir_cju3u39fog1bo0871lxjrabks_positive;KvasirCVC__cvc_444_positive,KvasirCVC__kvasir_cju87vqa0ndwg0850onjdz7ol_negative,KvasirCVC__kvasir_cju2zp89k9q1g0855k1x0f1xa_boundary
PolypGen__C1_597OLCV1_100H0044,0.04340897127985954,0.8580060601234436,0.8145970888435841,KvasirCVC__kvasir_cju3u39fog1bo0871lxjrabks_positive;KvasirCVC__cvc_444_positive,KvasirCVC__kvasir_cju87vqa0ndwg0850onjdz7ol_negative,KvasirCVC__kvasir_cju2zp89k9q1g0855k1x0f1xa_boundary
PolypGen__C5_EndoCV2021_C5_50000182,0.045966651290655136,0.05024674907326698,0.004280097782611847,KvasirCVC__kvasir_cju3u39fog1bo0871lxjrabks_positive;KvasirCVC__cvc_444_positive,KvasirCVC__kvasir_cju87vqa0ndwg0850onjdz7ol_negative,KvasirCVC__kvasir_cju2zp89k9q1g0855k1x0f1xa_boundary
PolypGen__C4_21_endocv2021_positive_829,0.0466468445956707,0.28379976749420166,0.23715292289853096,KvasirCVC__kvasir_cju3u39fog1bo0871lxjrabks_positive;KvasirCVC__cvc_444_positive,KvasirCVC__kvasir_cju87vqa0ndwg0850onjdz7ol_negative,KvasirCVC__kvasir_cju2zp89k9q1g0855k1x0f1xa_boundary
PolypGen__C4_6_endocv2021_positive_503,0.04724409431219101,0.032747119665145874,-0.014496974647045135,KvasirCVC__kvasir_cju3u39fog1bo0871lxjrabks_positive;KvasirCVC__cvc_444_positive,KvasirCVC__kvasir_cju87vqa0ndwg0850onjdz7ol_negative,KvasirCVC__kvasir_cju2zp89k9q1g0855k1x0f1xa_boundary
PolypGen__C1_470OLCV1_100H0012,0.04761260747909546,0.9470085501670837,0.8993959426879883,KvasirCVC__kvasir_cju3u39fog1bo0871lxjrabks_positive;KvasirCVC__cvc_444_positive,KvasirCVC__kvasir_cju87vqa0ndwg0850onjdz7ol_negative,KvasirCVC__kvasir_cju2zp89k9q1g0855k1x0f1xa_boundary
PolypGen__C2_EndoCV2021_001032,0.0476190485060215,0.0476190485060215,0.0,KvasirCVC__kvasir_cju3u39fog1bo0871lxjrabks_positive;KvasirCVC__cvc_444_positive,KvasirCVC__kvasir_cju87vqa0ndwg0850onjdz7ol_negative,KvasirCVC__kvasir_cju2zp89k9q1g0855k1x0f1xa_boundary
PolypGen__C2_EndoCV2021_001299,0.04764219745993614,0.04631655663251877,-0.0013256408274173737,KvasirCVC__kvasir_cju3u39fog1bo0871lxjrabks_positive;KvasirCVC__cvc_444_positive,KvasirCVC__kvasir_cju87vqa0ndwg0850onjdz7ol_negative,KvasirCVC__kvasir_cju2zp89k9q1g0855k1x0f1xa_boundary
PolypGen__C5_EndoCV2021_C5_50000168,0.04921912029385567,0.04891815781593323,-0.0003009624779224396,KvasirCVC__kvasir_cju3u39fog1bo0871lxjrabks_positive;KvasirCVC__cvc_444_positive,KvasirCVC__kvasir_cju87vqa0ndwg0850onjdz7ol_negative,KvasirCVC__kvasir_cju2zp89k9q1g0855k1x0f1xa_boundary
PolypGen__C4_9_endocv2021_positive_729,0.04930904507637024,0.6938775777816772,0.644568532705307,KvasirCVC__kvasir_cju3u39fog1bo0871lxjrabks_positive;KvasirCVC__cvc_444_positive,KvasirCVC__kvasir_cju87vqa0ndwg0850onjdz7ol_negative,KvasirCVC__kvasir_cju2zp89k9q1g0855k1x0f1xa_boundary
PolypGen__C6_EndoCV2021_C6_0100086,0.04944134131073952,0.49499285221099854,0.445551510900259,KvasirCVC__kvasir_cju3u39fog1bo0871lxjrabks_positive;KvasirCVC__cvc_54_positive,KvasirCVC__cvc_210_negative,KvasirCVC__cvc_96_boundary
PolypGen__C4_9_endocv2021_positive_1269,0.049840256571769714,0.08503679186105728,0.03519653528928757,KvasirCVC__kvasir_cju3u39fog1bo0871lxjrabks_positive;KvasirCVC__cvc_444_positive,KvasirCVC__kvasir_cju87vqa0ndwg0850onjdz7ol_negative,KvasirCVC__kvasir_cju2zp89k9q1g0855k1x0f1xa_boundary
PolypGen__C4_4_endocv2021_positive_954,0.05043412744998932,0.06570922583341599,0.015275098383426666,KvasirCVC__kvasir_cju3u39fog1bo0871lxjrabks_positive;KvasirCVC__cvc_444_positive,KvasirCVC__kvasir_cju87vqa0ndwg0850onjdz7ol_negative,KvasirCVC__kvasir_cju2zp89k9q1g0855k1x0f1xa_boundary
PolypGen__C3_C3_EndoCV2021_0059,0.05128205195069313,0.696029782295227,0.6447477303445339,KvasirCVC__kvasir_cju3u39fog1bo0871lxjrabks_positive;KvasirCVC__cvc_444_positive,KvasirCVC__cvc_210_negative,KvasirCVC__kvasir_cju2zp89k9q1g0855k1x0f1xa_boundary
PolypGen__C4_8_endocv2021_positive_1447,0.05284822732210159,0.18235968053340912,0.12951145321130753,KvasirCVC__kvasir_cju3u39fog1bo0871lxjrabks_positive;KvasirCVC__cvc_444_positive,KvasirCVC__kvasir_cju87vqa0ndwg0850onjdz7ol_negative,KvasirCVC__kvasir_cju2zp89k9q1g0855k1x0f1xa_boundary
PolypGen__C1_553OLCV1_100H0004,0.052882902324199677,0.8874345421791077,0.834551639854908,KvasirCVC__kvasir_cju3u39fog1bo0871lxjrabks_positive;KvasirCVC__cvc_444_positive,KvasirCVC__kvasir_cju87vqa0ndwg0850onjdz7ol_negative,KvasirCVC__kvasir_cju2zp89k9q1g0855k1x0f1xa_boundary
PolypGen__C3_C3_EndoCV2021_0028,0.05668860301375389,0.5672630667686462,0.5105744637548923,KvasirCVC__kvasir_cju3u39fog1bo0871lxjrabks_positive;KvasirCVC__cvc_444_positive,KvasirCVC__kvasir_cju87vqa0ndwg0850onjdz7ol_negative,KvasirCVC__kvasir_cju2zp89k9q1g0855k1x0f1xa_boundary
PolypGen__C4_10_endocv2021_positive_1087,0.0582093670964241,0.5811966061592102,0.5229872390627861,KvasirCVC__kvasir_cju3u39fog1bo0871lxjrabks_positive;KvasirCVC__cvc_444_positive,KvasirCVC__kvasir_cju87vqa0ndwg0850onjdz7ol_negative,KvasirCVC__kvasir_cju2zp89k9q1g0855k1x0f1xa_boundary
PolypGen__C1_425OLCV1_100H0018,0.06170389801263809,0.9487437009811401,0.887039802968502,KvasirCVC__kvasir_cju3u39fog1bo0871lxjrabks_positive;KvasirCVC__cvc_444_positive,KvasirCVC__kvasir_cju87vqa0ndwg0850onjdz7ol_negative,KvasirCVC__kvasir_cju2zp89k9q1g0855k1x0f1xa_boundary
PolypGen__C4_34_endocv2021_positive_638,0.06192047894001007,0.07817589491605759,0.016255415976047516,KvasirCVC__kvasir_cju3u39fog1bo0871lxjrabks_positive;KvasirCVC__cvc_444_positive,KvasirCVC__kvasir_cju87vqa0ndwg0850onjdz7ol_negative,KvasirCVC__kvasir_cju2zp89k9q1g0855k1x0f1xa_boundary
PolypGen__C4_28_endocv2021_positive_1034,0.06203339248895645,0.7627281546592712,0.7006947621703148,KvasirCVC__kvasir_cju3u39fog1bo0871lxjrabks_positive;KvasirCVC__cvc_444_positive,KvasirCVC__kvasir_cju87vqa0ndwg0850onjdz7ol_negative,KvasirCVC__kvasir_cju2zp89k9q1g0855k1x0f1xa_boundary
PolypGen__C1_290OLCV1_100H0020,0.06372829526662827,0.7893570065498352,0.7256287112832069,KvasirCVC__kvasir_cju3u39fog1bo0871lxjrabks_positive;KvasirCVC__cvc_444_positive,KvasirCVC__kvasir_cju87vqa0ndwg0850onjdz7ol_negative,KvasirCVC__kvasir_cju2zp89k9q1g0855k1x0f1xa_boundary
PolypGen__C2_EndoCV2021_001345,0.06381223350763321,0.08551068603992462,0.021698452532291412,KvasirCVC__kvasir_cju3u39fog1bo0871lxjrabks_positive;KvasirCVC__cvc_54_positive,KvasirCVC__cvc_210_negative,KvasirCVC__kvasir_cju0tl3uz8blh0993wxvn7ly3_boundary
PolypGen__C3_C3_EndoCV2021_00178,0.06409735977649689,0.05921052768826485,-0.00488683208823204,KvasirCVC__kvasir_cju3u39fog1bo0871lxjrabks_positive;KvasirCVC__cvc_444_positive,KvasirCVC__kvasir_cju87vqa0ndwg0850onjdz7ol_negative,KvasirCVC__kvasir_cju2zp89k9q1g0855k1x0f1xa_boundary
PolypGen__C5_EndoCV2021_C5_50000003,0.06724360585212708,0.07663530111312866,0.009391695261001587,KvasirCVC__kvasir_cju3u39fog1bo0871lxjrabks_positive;KvasirCVC__cvc_444_positive,KvasirCVC__kvasir_cju87vqa0ndwg0850onjdz7ol_negative,KvasirCVC__kvasir_cju2zp89k9q1g0855k1x0f1xa_boundary
PolypGen__C1_100H0050,0.06750510632991791,0.5034129619598389,0.43590785562992096,KvasirCVC__kvasir_cju3u39fog1bo0871lxjrabks_positive;KvasirCVC__kvasir_cju33w4sdcivk0855x879zht7_positive,KvasirCVC__kvasir_cju87vqa0ndwg0850onjdz7ol_negative,KvasirCVC__kvasir_cju2zp89k9q1g0855k1x0f1xa_boundary
PolypGen__C1_413OLCV1_100S0019,0.06783591955900192,0.6777149438858032,0.6098790243268013,KvasirCVC__kvasir_cju3u39fog1bo0871lxjrabks_positive;KvasirCVC__cvc_444_positive,KvasirCVC__kvasir_cju87vqa0ndwg0850onjdz7ol_negative,KvasirCVC__kvasir_cju2zp89k9q1g0855k1x0f1xa_boundary
PolypGen__C1_370OLCV1_100H0010,0.06807193905115128,0.6812499761581421,0.6131780371069908,KvasirCVC__kvasir_cju3u39fog1bo0871lxjrabks_positive;KvasirCVC__cvc_54_positive,KvasirCVC__cvc_210_negative,KvasirCVC__kvasir_cju0tl3uz8blh0993wxvn7ly3_boundary
PolypGen__C1_124OLCV1_100H0004,0.0691719725728035,0.28562578558921814,0.21645381301641464,KvasirCVC__kvasir_cju3u39fog1bo0871lxjrabks_positive;KvasirCVC__cvc_444_positive,KvasirCVC__kvasir_cju87vqa0ndwg0850onjdz7ol_negative,KvasirCVC__kvasir_cju2zp89k9q1g0855k1x0f1xa_boundary
PolypGen__C4_28_endocv2021_positive_1135,0.06989729404449463,0.11160026490688324,0.04170297086238861,KvasirCVC__kvasir_cju3u39fog1bo0871lxjrabks_positive;KvasirCVC__cvc_444_positive,KvasirCVC__kvasir_cju87vqa0ndwg0850onjdz7ol_negative,KvasirCVC__kvasir_cju2zp89k9q1g0855k1x0f1xa_boundary
PolypGen__C2_EndoCV2021_001156,0.07063785195350647,0.932692289352417,0.8620544373989105,KvasirCVC__kvasir_cju3u39fog1bo0871lxjrabks_positive;KvasirCVC__cvc_444_positive,KvasirCVC__kvasir_cju87vqa0ndwg0850onjdz7ol_negative,KvasirCVC__kvasir_cju2zp89k9q1g0855k1x0f1xa_boundary
PolypGen__C4_12_endocv2021_positive_768,0.0708107054233551,0.47027388215065,0.3994631767272949,KvasirCVC__kvasir_cju3u39fog1bo0871lxjrabks_positive;KvasirCVC__cvc_444_positive,KvasirCVC__kvasir_cju87vqa0ndwg0850onjdz7ol_negative,KvasirCVC__kvasir_cju2zp89k9q1g0855k1x0f1xa_boundary
PolypGen__C6_EndoCV2021_C6_0100049,0.07329165935516357,0.9297868013381958,0.8564951419830322,KvasirCVC__kvasir_cju3u39fog1bo0871lxjrabks_positive;KvasirCVC__cvc_54_positive,KvasirCVC__kvasir_cju87vqa0ndwg0850onjdz7ol_negative,KvasirCVC__kvasir_cju2zp89k9q1g0855k1x0f1xa_boundary
PolypGen__C5_EndoCV2021_C5_50000128,0.07366787642240524,0.315994530916214,0.24232665449380875,KvasirCVC__kvasir_cju3u39fog1bo0871lxjrabks_positive;KvasirCVC__cvc_444_positive,KvasirCVC__kvasir_cju87vqa0ndwg0850onjdz7ol_negative,KvasirCVC__kvasir_cju2zp89k9q1g0855k1x0f1xa_boundary
PolypGen__C4_6_endocv2021_positive_335,0.07813570648431778,0.08588498830795288,0.007749281823635101,KvasirCVC__kvasir_cju3u39fog1bo0871lxjrabks_positive;KvasirCVC__cvc_444_positive,KvasirCVC__kvasir_cju87vqa0ndwg0850onjdz7ol_negative,KvasirCVC__kvasir_cju2zp89k9q1g0855k1x0f1xa_boundary
PolypGen__C2_EndoCV2021_001315,0.07834870368242264,0.11337579786777496,0.035027094185352325,KvasirCVC__kvasir_cju3u39fog1bo0871lxjrabks_positive;KvasirCVC__cvc_444_positive,KvasirCVC__kvasir_cju87vqa0ndwg0850onjdz7ol_negative,KvasirCVC__kvasir_cju2zp89k9q1g0855k1x0f1xa_boundary
PolypGen__C4_23_endocv2021_positive_269,0.0784381777048111,0.12072526663541794,0.04228708893060684,KvasirCVC__kvasir_cju3u39fog1bo0871lxjrabks_positive;KvasirCVC__cvc_444_positive,KvasirCVC__kvasir_cju87vqa0ndwg0850onjdz7ol_negative,KvasirCVC__kvasir_cju2zp89k9q1g0855k1x0f1xa_boundary
PolypGen__C1_459OLCV1_100H0012,0.08088574558496475,0.9572113156318665,0.8763255700469017,KvasirCVC__kvasir_cju3u39fog1bo0871lxjrabks_positive;KvasirCVC__cvc_444_positive,KvasirCVC__kvasir_cju87vqa0ndwg0850onjdz7ol_negative,KvasirCVC__kvasir_cju2zp89k9q1g0855k1x0f1xa_boundary
PolypGen__C2_EndoCV2021_001247,0.08101742714643478,0.6968215107917786,0.6158040836453438,KvasirCVC__kvasir_cju3u39fog1bo0871lxjrabks_positive;KvasirCVC__cvc_444_positive,KvasirCVC__kvasir_cju87vqa0ndwg0850onjdz7ol_negative,KvasirCVC__kvasir_cju2zp89k9q1g0855k1x0f1xa_boundary
PolypGen__C4_11_endocv2021_positive_900,0.08272887766361237,0.2874711751937866,0.20474229753017426,KvasirCVC__kvasir_cju3u39fog1bo0871lxjrabks_positive;KvasirCVC__cvc_444_positive,KvasirCVC__kvasir_cju87vqa0ndwg0850onjdz7ol_negative,KvasirCVC__kvasir_cju2zp89k9q1g0855k1x0f1xa_boundary
PolypGen__C6_EndoCV2021_C6_0100042,0.08507157117128372,0.7314578294754028,0.6463862583041191,KvasirCVC__kvasir_cju3u39fog1bo0871lxjrabks_positive;KvasirCVC__cvc_444_positive,KvasirCVC__kvasir_cju87vqa0ndwg0850onjdz7ol_negative,KvasirCVC__kvasir_cju2zp89k9q1g0855k1x0f1xa_boundary
PolypGen__C5_EndoCV2021_C5_50000026,0.08777927607297897,0.9249146580696106,0.8371353819966316,KvasirCVC__kvasir_cju3u39fog1bo0871lxjrabks_positive;KvasirCVC__cvc_444_positive,KvasirCVC__kvasir_cju87vqa0ndwg0850onjdz7ol_negative,KvasirCVC__kvasir_cju2zp89k9q1g0855k1x0f1xa_boundary
PolypGen__C2_EndoCV2021_001325,0.08819761872291565,0.9387984275817871,0.8506008088588715,KvasirCVC__kvasir_cju3u39fog1bo0871lxjrabks_positive;KvasirCVC__cvc_444_positive,KvasirCVC__kvasir_cju87vqa0ndwg0850onjdz7ol_negative,KvasirCVC__kvasir_cju2zp89k9q1g0855k1x0f1xa_boundary
PolypGen__C4_4_endocv2021_positive_1382,0.08848821371793747,0.7494117617607117,0.6609235480427742,KvasirCVC__kvasir_cju3u39fog1bo0871lxjrabks_positive;KvasirCVC__cvc_444_positive,KvasirCVC__kvasir_cju87vqa0ndwg0850onjdz7ol_negative,KvasirCVC__kvasir_cju2zp89k9q1g0855k1x0f1xa_boundary
PolypGen__C1_127OLCV1_100H0001,0.09027541428804398,0.24195031821727753,0.15167490392923355,KvasirCVC__kvasir_cju3u39fog1bo0871lxjrabks_positive;KvasirCVC__cvc_444_positive,KvasirCVC__kvasir_cju87vqa0ndwg0850onjdz7ol_negative,KvasirCVC__kvasir_cju2zp89k9q1g0855k1x0f1xa_boundary
PolypGen__C4_12_endocv2021_positive_979,0.09117206931114197,0.7700084447860718,0.6788363754749298,KvasirCVC__kvasir_cju3u39fog1bo0871lxjrabks_positive;KvasirCVC__cvc_444_positive,KvasirCVC__kvasir_cju87vqa0ndwg0850onjdz7ol_negative,KvasirCVC__kvasir_cju2zp89k9q1g0855k1x0f1xa_boundary
PolypGen__C3_C3_EndoCV2021_00244,0.09195729345083237,0.09575223922729492,0.003794945776462555,KvasirCVC__kvasir_cju3u39fog1bo0871lxjrabks_positive;KvasirCVC__cvc_444_positive,KvasirCVC__kvasir_cju87vqa0ndwg0850onjdz7ol_negative,KvasirCVC__kvasir_cju2zp89k9q1g0855k1x0f1xa_boundary
PolypGen__C5_EndoCV2021_C5_50000191,0.09295639395713806,0.5103766322135925,0.41742023825645447,KvasirCVC__kvasir_cju3u39fog1bo0871lxjrabks_positive;KvasirCVC__cvc_444_positive,KvasirCVC__kvasir_cju87vqa0ndwg0850onjdz7ol_negative,KvasirCVC__kvasir_cju2zp89k9q1g0855k1x0f1xa_boundary
PolypGen__C4_12_endocv2021_positive_895,0.09305185824632645,0.6676470637321472,0.5745952054858208,KvasirCVC__kvasir_cju3u39fog1bo0871lxjrabks_positive;KvasirCVC__cvc_444_positive,KvasirCVC__kvasir_cju87vqa0ndwg0850onjdz7ol_negative,KvasirCVC__kvasir_cju2zp89k9q1g0855k1x0f1xa_boundary
PolypGen__C1_176OLCV1_100H0846,0.09311740845441818,0.0108018284663558,-0.08231557998806238,KvasirCVC__kvasir_cju3u39fog1bo0871lxjrabks_positive;KvasirCVC__cvc_444_positive,KvasirCVC__kvasir_cju87vqa0ndwg0850onjdz7ol_negative,KvasirCVC__kvasir_cju2zp89k9q1g0855k1x0f1xa_boundary
PolypGen__C3_C3_EndoCV2021_00435,0.09496592730283737,0.19366353750228882,0.09869761019945145,KvasirCVC__kvasir_cju3u39fog1bo0871lxjrabks_positive;KvasirCVC__cvc_444_positive,KvasirCVC__cvc_210_negative,KvasirCVC__kvasir_cju2zp89k9q1g0855k1x0f1xa_boundary
PolypGen__C2_EndoCV2021_001119,0.09789104014635086,0.9514563083648682,0.8535652682185173,KvasirCVC__kvasir_cju3u39fog1bo0871lxjrabks_positive;KvasirCVC__cvc_444_positive,KvasirCVC__kvasir_cju87vqa0ndwg0850onjdz7ol_negative,KvasirCVC__kvasir_cju2zp89k9q1g0855k1x0f1xa_boundary
PolypGen__C4_4_endocv2021_positive_34,0.100837841629982,0.016188375651836395,-0.0846494659781456,KvasirCVC__kvasir_cju3u39fog1bo0871lxjrabks_positive;KvasirCVC__cvc_444_positive,KvasirCVC__kvasir_cju87vqa0ndwg0850onjdz7ol_negative,KvasirCVC__kvasir_cju2zp89k9q1g0855k1x0f1xa_boundary
PolypGen__C2_EndoCV2021_001133,0.10316387563943863,0.5558987259864807,0.4527348503470421,KvasirCVC__kvasir_cju3u39fog1bo0871lxjrabks_positive;KvasirCVC__cvc_444_positive,KvasirCVC__kvasir_cju87vqa0ndwg0850onjdz7ol_negative,KvasirCVC__kvasir_cju2zp89k9q1g0855k1x0f1xa_boundary
PolypGen__C3_C3_EndoCV2021_00135,0.10461382567882538,0.2664644718170166,0.16185064613819122,KvasirCVC__kvasir_cju3u39fog1bo0871lxjrabks_positive;KvasirCVC__cvc_444_positive,KvasirCVC__cvc_210_negative,KvasirCVC__kvasir_cju2zp89k9q1g0855k1x0f1xa_boundary
PolypGen__C3_C3_EndoCV2021_0048,0.10685951262712479,0.5833333134651184,0.4764738008379936,KvasirCVC__kvasir_cju3u39fog1bo0871lxjrabks_positive;KvasirCVC__cvc_444_positive,KvasirCVC__kvasir_cju87vqa0ndwg0850onjdz7ol_negative,KvasirCVC__kvasir_cju2zp89k9q1g0855k1x0f1xa_boundary
PolypGen__C3_C3_EndoCV2021_00221,0.1086941733956337,0.4936491549015045,0.3849549815058708,KvasirCVC__kvasir_cju3u39fog1bo0871lxjrabks_positive;KvasirCVC__cvc_444_positive,KvasirCVC__kvasir_cju87vqa0ndwg0850onjdz7ol_negative,KvasirCVC__kvasir_cju2zp89k9q1g0855k1x0f1xa_boundary
PolypGen__C3_C3_EndoCV2021_00468,0.1091751903295517,0.7786381840705872,0.6694629937410355,KvasirCVC__kvasir_cju3u39fog1bo0871lxjrabks_positive;KvasirCVC__cvc_444_positive,KvasirCVC__kvasir_cju87vqa0ndwg0850onjdz7ol_negative,KvasirCVC__kvasir_cju2zp89k9q1g0855k1x0f1xa_boundary
PolypGen__C1_156OLCV1_100H0002,0.11095700412988663,0.9511677026748657,0.8402106985449791,KvasirCVC__kvasir_cju3u39fog1bo0871lxjrabks_positive;KvasirCVC__cvc_444_positive,KvasirCVC__kvasir_cju87vqa0ndwg0850onjdz7ol_negative,KvasirCVC__kvasir_cju2zp89k9q1g0855k1x0f1xa_boundary
PolypGen__C1_459OLCV1_100H0016,0.11293179541826248,0.11650485545396805,0.0035730600357055664,KvasirCVC__kvasir_cju3u39fog1bo0871lxjrabks_positive;KvasirCVC__cvc_444_positive,KvasirCVC__kvasir_cju87vqa0ndwg0850onjdz7ol_negative,KvasirCVC__kvasir_cju2zp89k9q1g0855k1x0f1xa_boundary
PolypGen__C2_EndoCV2021_001412,0.11497443169355392,0.9425223469734192,0.8275479152798653,KvasirCVC__kvasir_cju3u39fog1bo0871lxjrabks_positive;KvasirCVC__cvc_444_positive,KvasirCVC__kvasir_cju87vqa0ndwg0850onjdz7ol_negative,KvasirCVC__kvasir_cju2zp89k9q1g0855k1x0f1xa_boundary
PolypGen__C2_EndoCV2021_001017,0.12302558124065399,0.8848684430122375,0.7618428617715836,KvasirCVC__kvasir_cju3u39fog1bo0871lxjrabks_positive;KvasirCVC__cvc_444_positive,KvasirCVC__kvasir_cju87vqa0ndwg0850onjdz7ol_negative,KvasirCVC__kvasir_cju2zp89k9q1g0855k1x0f1xa_boundary
PolypGen__C5_EndoCV2021_C5_50000252,0.12395093590021133,0.6741386651992798,0.5501877292990685,KvasirCVC__kvasir_cju3u39fog1bo0871lxjrabks_positive;KvasirCVC__cvc_444_positive,KvasirCVC__kvasir_cju87vqa0ndwg0850onjdz7ol_negative,KvasirCVC__kvasir_cju2zp89k9q1g0855k1x0f1xa_boundary
PolypGen__C1_409OLCV1_100H0010,0.12562327086925507,0.7681313753128052,0.6425081044435501,KvasirCVC__kvasir_cju3u39fog1bo0871lxjrabks_positive;KvasirCVC__cvc_444_positive,KvasirCVC__kvasir_cju87vqa0ndwg0850onjdz7ol_negative,KvasirCVC__kvasir_cju2zp89k9q1g0855k1x0f1xa_boundary
PolypGen__C1_958OLCV1_100H0002,0.1269095242023468,0.5839942097663879,0.45708468556404114,KvasirCVC__kvasir_cju3u39fog1bo0871lxjrabks_positive;KvasirCVC__cvc_444_positive,KvasirCVC__kvasir_cju87vqa0ndwg0850onjdz7ol_negative,KvasirCVC__kvasir_cju2zp89k9q1g0855k1x0f1xa_boundary
PolypGen__C1_284OLCV1_100H0004,0.13196411728858948,0.9536335468292236,0.8216694295406342,KvasirCVC__kvasir_cju3u39fog1bo0871lxjrabks_positive;KvasirCVC__cvc_444_positive,KvasirCVC__kvasir_cju87vqa0ndwg0850onjdz7ol_negative,KvasirCVC__kvasir_cju2zp89k9q1g0855k1x0f1xa_boundary
PolypGen__C1_481OLCV1_100H0004,0.1323472112417221,0.13863679766654968,0.006289586424827576,KvasirCVC__kvasir_cju3u39fog1bo0871lxjrabks_positive;KvasirCVC__cvc_444_positive,KvasirCVC__kvasir_cju87vqa0ndwg0850onjdz7ol_negative,KvasirCVC__kvasir_cju2zp89k9q1g0855k1x0f1xa_boundary
PolypGen__C5_EndoCV2021_C5_50000024,0.13679128885269165,0.31812217831611633,0.18133088946342468,KvasirCVC__kvasir_cju3u39fog1bo0871lxjrabks_positive;KvasirCVC__cvc_444_positive,KvasirCVC__kvasir_cju87vqa0ndwg0850onjdz7ol_negative,KvasirCVC__kvasir_cju2zp89k9q1g0855k1x0f1xa_boundary
PolypGen__C1_530OLCV1_100H0008,0.13745856285095215,0.14599823951721191,0.008539676666259766,KvasirCVC__kvasir_cju3u39fog1bo0871lxjrabks_positive;KvasirCVC__cvc_444_positive,KvasirCVC__kvasir_cju87vqa0ndwg0850onjdz7ol_negative,KvasirCVC__kvasir_cju2zp89k9q1g0855k1x0f1xa_boundary
PolypGen__C6_EndoCV2021_C6_0100023,0.13835462927818298,0.857694149017334,0.719339519739151,KvasirCVC__kvasir_cju3u39fog1bo0871lxjrabks_positive;KvasirCVC__cvc_444_positive,KvasirCVC__kvasir_cju87vqa0ndwg0850onjdz7ol_negative,KvasirCVC__kvasir_cju2zp89k9q1g0855k1x0f1xa_boundary
PolypGen__C5_EndoCV2021_C5_50000209,0.13960014283657074,0.13960014283657074,0.0,KvasirCVC__kvasir_cju3u39fog1bo0871lxjrabks_positive;KvasirCVC__kvasir_cju33w4sdcivk0855x879zht7_positive,KvasirCVC__kvasir_cju87vqa0ndwg0850onjdz7ol_negative,KvasirCVC__kvasir_cju2zp89k9q1g0855k1x0f1xa_boundary
PolypGen__C2_EndoCV2021_001024,0.1415349543094635,0.6645034551620483,0.5229685008525848,KvasirCVC__kvasir_cju3u39fog1bo0871lxjrabks_positive;KvasirCVC__cvc_444_positive,KvasirCVC__kvasir_cju87vqa0ndwg0850onjdz7ol_negative,KvasirCVC__kvasir_cju2zp89k9q1g0855k1x0f1xa_boundary
PolypGen__C1_590OLCV1_100H0006,0.14284665882587433,0.8984416723251343,0.75559501349926,KvasirCVC__kvasir_cju3u39fog1bo0871lxjrabks_positive;KvasirCVC__cvc_54_positive,KvasirCVC__kvasir_cju87vqa0ndwg0850onjdz7ol_negative,KvasirCVC__kvasir_cju2zp89k9q1g0855k1x0f1xa_boundary
PolypGen__C6_EndoCV2021_C6_0100001,0.14299216866493225,0.843816876411438,0.7008247077465057,KvasirCVC__kvasir_cju3u39fog1bo0871lxjrabks_positive;KvasirCVC__cvc_444_positive,KvasirCVC__kvasir_cju87vqa0ndwg0850onjdz7ol_negative,KvasirCVC__kvasir_cju2zp89k9q1g0855k1x0f1xa_boundary
PolypGen__C2_EndoCV2021_001335,0.14368771016597748,0.41546526551246643,0.27177755534648895,KvasirCVC__kvasir_cju3u39fog1bo0871lxjrabks_positive;KvasirCVC__cvc_444_positive,KvasirCVC__kvasir_cju87vqa0ndwg0850onjdz7ol_negative,KvasirCVC__kvasir_cju2zp89k9q1g0855k1x0f1xa_boundary
PolypGen__C1_333OLCV1_100H0006,0.14425116777420044,0.6288167834281921,0.4845656156539917,KvasirCVC__kvasir_cju3u39fog1bo0871lxjrabks_positive;KvasirCVC__cvc_444_positive,KvasirCVC__kvasir_cju87vqa0ndwg0850onjdz7ol_negative,KvasirCVC__kvasir_cju2zp89k9q1g0855k1x0f1xa_boundary
PolypGen__C4_34_endocv2021_positive_1030,0.147441104054451,0.147441104054451,0.0,KvasirCVC__kvasir_cju3u39fog1bo0871lxjrabks_positive;KvasirCVC__cvc_444_positive,KvasirCVC__kvasir_cju87vqa0ndwg0850onjdz7ol_negative,KvasirCVC__kvasir_cju2zp89k9q1g0855k1x0f1xa_boundary
PolypGen__C5_EndoCV2021_C5_50000215,0.147613063454628,0.147613063454628,0.0,KvasirCVC__kvasir_cju3u39fog1bo0871lxjrabks_positive;KvasirCVC__cvc_444_positive,KvasirCVC__kvasir_cju87vqa0ndwg0850onjdz7ol_negative,KvasirCVC__kvasir_cju2zp89k9q1g0855k1x0f1xa_boundary
PolypGen__C1_296OLCV1_100H0008,0.14769230782985687,0.4192982316017151,0.2716059237718582,KvasirCVC__kvasir_cju3u39fog1bo0871lxjrabks_positive;KvasirCVC__cvc_444_positive,KvasirCVC__kvasir_cju87vqa0ndwg0850onjdz7ol_negative,KvasirCVC__kvasir_cju2zp89k9q1g0855k1x0f1xa_boundary
PolypGen__C4_5_endocv2021_positive_970,0.15089163184165955,0.023139551281929016,-0.12775208055973053,KvasirCVC__kvasir_cju3u39fog1bo0871lxjrabks_positive;KvasirCVC__cvc_444_positive,KvasirCVC__kvasir_cju87vqa0ndwg0850onjdz7ol_negative,KvasirCVC__kvasir_cju2zp89k9q1g0855k1x0f1xa_boundary
PolypGen__C1_242OLCV1_100H0012,0.15098837018013,0.8591885566711426,0.7082001864910126,KvasirCVC__kvasir_cju3u39fog1bo0871lxjrabks_positive;KvasirCVC__cvc_444_positive,KvasirCVC__kvasir_cju87vqa0ndwg0850onjdz7ol_negative,KvasirCVC__kvasir_cju2zp89k9q1g0855k1x0f1xa_boundary
PolypGen__C4_35_endocv2021_negative_1027,0.1529396027326584,0.11832061409950256,-0.03461898863315582,KvasirCVC__kvasir_cju3u39fog1bo0871lxjrabks_positive;KvasirCVC__cvc_444_positive,KvasirCVC__kvasir_cju87vqa0ndwg0850onjdz7ol_negative,KvasirCVC__kvasir_cju2zp89k9q1g0855k1x0f1xa_boundary
PolypGen__C4_14_endocv2021_positive_519,0.15372169017791748,0.6807859539985657,0.5270642638206482,KvasirCVC__kvasir_cju3u39fog1bo0871lxjrabks_positive;KvasirCVC__kvasir_cju33w4sdcivk0855x879zht7_positive,KvasirCVC__kvasir_cju87vqa0ndwg0850onjdz7ol_negative,KvasirCVC__kvasir_cju2zp89k9q1g0855k1x0f1xa_boundary
PolypGen__C3_C3_EndoCV2021_00181,0.16413462162017822,0.9477707147598267,0.7836360931396484,KvasirCVC__kvasir_cju3u39fog1bo0871lxjrabks_positive;KvasirCVC__cvc_444_positive,KvasirCVC__kvasir_cju87vqa0ndwg0850onjdz7ol_negative,KvasirCVC__kvasir_cju2zp89k9q1g0855k1x0f1xa_boundary
PolypGen__C4_19_endocv2021_positive_1307,0.16427288949489594,0.535728394985199,0.37145550549030304,KvasirCVC__kvasir_cju3u39fog1bo0871lxjrabks_positive;KvasirCVC__cvc_444_positive,KvasirCVC__kvasir_cju87vqa0ndwg0850onjdz7ol_negative,KvasirCVC__kvasir_cju2zp89k9q1g0855k1x0f1xa_boundary
PolypGen__C3_C3_EndoCV2021_00478,0.16544342041015625,0.4949463903903961,0.32950296998023987,KvasirCVC__kvasir_cju3u39fog1bo0871lxjrabks_positive;KvasirCVC__kvasir_cju33w4sdcivk0855x879zht7_positive,KvasirCVC__kvasir_cju87vqa0ndwg0850onjdz7ol_negative,KvasirCVC__kvasir_cju2zp89k9q1g0855k1x0f1xa_boundary
PolypGen__C1_492OLCV1_100H0016,0.16737951338291168,0.607647716999054,0.4402682036161423,KvasirCVC__kvasir_cju3u39fog1bo0871lxjrabks_positive;KvasirCVC__cvc_444_positive,KvasirCVC__kvasir_cju87vqa0ndwg0850onjdz7ol_negative,KvasirCVC__kvasir_cju2zp89k9q1g0855k1x0f1xa_boundary
PolypGen__C3_C3_EndoCV2021_0052,0.16842105984687805,0.7246963381767273,0.5562752783298492,KvasirCVC__kvasir_cju3u39fog1bo0871lxjrabks_positive;KvasirCVC__cvc_444_positive,KvasirCVC__kvasir_cju87vqa0ndwg0850onjdz7ol_negative,KvasirCVC__kvasir_cju2zp89k9q1g0855k1x0f1xa_boundary
PolypGen__C2_EndoCV2021_001322,0.18742293119430542,0.7924944758415222,0.6050715446472168,KvasirCVC__kvasir_cju3u39fog1bo0871lxjrabks_positive;KvasirCVC__cvc_54_positive,KvasirCVC__cvc_210_negative,KvasirCVC__kvasir_cju0tl3uz8blh0993wxvn7ly3_boundary
PolypGen__C1_419OLCV1_100H0006,0.1876440793275833,0.6873542666435242,0.49971018731594086,KvasirCVC__kvasir_cju3u39fog1bo0871lxjrabks_positive;KvasirCVC__cvc_444_positive,KvasirCVC__kvasir_cju87vqa0ndwg0850onjdz7ol_negative,KvasirCVC__kvasir_cju2zp89k9q1g0855k1x0f1xa_boundary
PolypGen__C3_C3_EndoCV2021_00141,0.18807724118232727,0.8888888955116272,0.7008116543292999,KvasirCVC__kvasir_cju3u39fog1bo0871lxjrabks_positive;KvasirCVC__cvc_444_positive,KvasirCVC__kvasir_cju87vqa0ndwg0850onjdz7ol_negative,KvasirCVC__kvasir_cju2zp89k9q1g0855k1x0f1xa_boundary
PolypGen__C3_C3_EndoCV2021_00485,0.18969745934009552,0.18969745934009552,0.0,KvasirCVC__kvasir_cju3u39fog1bo0871lxjrabks_positive;KvasirCVC__cvc_444_positive,KvasirCVC__kvasir_cju87vqa0ndwg0850onjdz7ol_negative,KvasirCVC__kvasir_cju2zp89k9q1g0855k1x0f1xa_boundary
PolypGen__C4_20_endocv2021_positive_994,0.19107766449451447,0.8061224222183228,0.6150447577238083,KvasirCVC__kvasir_cju3u39fog1bo0871lxjrabks_positive;KvasirCVC__cvc_444_positive,KvasirCVC__kvasir_cju87vqa0ndwg0850onjdz7ol_negative,KvasirCVC__kvasir_cju2zp89k9q1g0855k1x0f1xa_boundary
PolypGen__C1_150OLCV1_100H0016,0.1915966421365738,0.1991879642009735,0.007591322064399719,KvasirCVC__kvasir_cju3u39fog1bo0871lxjrabks_positive;KvasirCVC__cvc_444_positive,KvasirCVC__kvasir_cju87vqa0ndwg0850onjdz7ol_negative,KvasirCVC__kvasir_cju2zp89k9q1g0855k1x0f1xa_boundary
PolypGen__C6_EndoCV2021_C6_0100004,0.1970868855714798,0.7623604536056519,0.5652735680341721,KvasirCVC__kvasir_cju3u39fog1bo0871lxjrabks_positive;KvasirCVC__cvc_444_positive,KvasirCVC__kvasir_cju87vqa0ndwg0850onjdz7ol_negative,KvasirCVC__kvasir_cju2zp89k9q1g0855k1x0f1xa_boundary
PolypGen__C4_11_endocv2021_positive_948,0.20170827209949493,0.3505154550075531,0.14880718290805817,KvasirCVC__kvasir_cju3u39fog1bo0871lxjrabks_positive;KvasirCVC__cvc_444_positive,KvasirCVC__kvasir_cju87vqa0ndwg0850onjdz7ol_negative,KvasirCVC__kvasir_cju2zp89k9q1g0855k1x0f1xa_boundary
PolypGen__C4_10_endocv2021_positive_1006,0.203166663646698,0.6268492937088013,0.42368263006210327,KvasirCVC__kvasir_cju3u39fog1bo0871lxjrabks_positive;KvasirCVC__cvc_444_positive,KvasirCVC__kvasir_cju87vqa0ndwg0850onjdz7ol_negative,KvasirCVC__kvasir_cju2zp89k9q1g0855k1x0f1xa_boundary
PolypGen__C4_4_endocv2021_positive_1020,0.20656906068325043,0.15937308967113495,-0.04719597101211548,KvasirCVC__kvasir_cju3u39fog1bo0871lxjrabks_positive;KvasirCVC__cvc_444_positive,KvasirCVC__kvasir_cju87vqa0ndwg0850onjdz7ol_negative,KvasirCVC__kvasir_cju2zp89k9q1g0855k1x0f1xa_boundary
PolypGen__C4_31_endocv2021_positive_251,0.20735086500644684,0.24821731448173523,0.04086644947528839,KvasirCVC__kvasir_cju3u39fog1bo0871lxjrabks_positive;KvasirCVC__cvc_444_positive,KvasirCVC__kvasir_cju87vqa0ndwg0850onjdz7ol_negative,KvasirCVC__kvasir_cju2zp89k9q1g0855k1x0f1xa_boundary
PolypGen__C4_28_endocv2021_positive_1311,0.20903454720973969,0.20903454720973969,0.0,KvasirCVC__kvasir_cju3u39fog1bo0871lxjrabks_positive;KvasirCVC__cvc_444_positive,KvasirCVC__kvasir_cju87vqa0ndwg0850onjdz7ol_negative,KvasirCVC__kvasir_cju2zp89k9q1g0855k1x0f1xa_boundary
PolypGen__C4_11_endocv2021_positive_968,0.21226415038108826,0.35087719559669495,0.1386130452156067,KvasirCVC__kvasir_cju3u39fog1bo0871lxjrabks_positive;KvasirCVC__cvc_444_positive,KvasirCVC__kvasir_cju87vqa0ndwg0850onjdz7ol_negative,KvasirCVC__kvasir_cju2zp89k9q1g0855k1x0f1xa_boundary
PolypGen__C1_500OLCV1_100H0008,0.21358217298984528,0.9632892608642578,0.7497070878744125,KvasirCVC__kvasir_cju3u39fog1bo0871lxjrabks_positive;KvasirCVC__cvc_444_positive,KvasirCVC__kvasir_cju87vqa0ndwg0850onjdz7ol_negative,KvasirCVC__kvasir_cju2zp89k9q1g0855k1x0f1xa_boundary
PolypGen__C1_711OLCV1_100H0002,0.21473576128482819,0.11119667440652847,-0.10353908687829971,KvasirCVC__kvasir_cju3u39fog1bo0871lxjrabks_positive;KvasirCVC__cvc_444_positive,KvasirCVC__kvasir_cju87vqa0ndwg0850onjdz7ol_negative,KvasirCVC__kvasir_cju2zp89k9q1g0855k1x0f1xa_boundary
PolypGen__C3_C3_EndoCV2021_00278,0.2153695523738861,0.4080495238304138,0.1926799714565277,KvasirCVC__kvasir_cju3u39fog1bo0871lxjrabks_positive;KvasirCVC__cvc_444_positive,KvasirCVC__kvasir_cju87vqa0ndwg0850onjdz7ol_negative,KvasirCVC__kvasir_cju2zp89k9q1g0855k1x0f1xa_boundary
PolypGen__C1_491OLCV1_100H0004,0.2158765196800232,0.7154168486595154,0.4995403289794922,KvasirCVC__kvasir_cju3u39fog1bo0871lxjrabks_positive;KvasirCVC__cvc_444_positive,KvasirCVC__kvasir_cju87vqa0ndwg0850onjdz7ol_negative,KvasirCVC__kvasir_cju2zp89k9q1g0855k1x0f1xa_boundary
PolypGen__C4_11_endocv2021_positive_976,0.21616022288799286,0.3347368538379669,0.11857663094997406,KvasirCVC__kvasir_cju3u39fog1bo0871lxjrabks_positive;KvasirCVC__cvc_444_positive,KvasirCVC__kvasir_cju87vqa0ndwg0850onjdz7ol_negative,KvasirCVC__kvasir_cju2zp89k9q1g0855k1x0f1xa_boundary
PolypGen__C1_887OLCV1_100H0002,0.2172284573316574,0.8005836606025696,0.5833552032709122,KvasirCVC__kvasir_cju3u39fog1bo0871lxjrabks_positive;KvasirCVC__cvc_444_positive,KvasirCVC__kvasir_cju87vqa0ndwg0850onjdz7ol_negative,KvasirCVC__kvasir_cju2zp89k9q1g0855k1x0f1xa_boundary
PolypGen__C2_EndoCV2021_001112,0.21752965450286865,0.830816388130188,0.6132867336273193,KvasirCVC__kvasir_cju3u39fog1bo0871lxjrabks_positive;KvasirCVC__cvc_444_positive,KvasirCVC__kvasir_cju87vqa0ndwg0850onjdz7ol_negative,KvasirCVC__kvasir_cju2zp89k9q1g0855k1x0f1xa_boundary
PolypGen__C5_EndoCV2021_C5_50000359,0.2201220691204071,0.2785279452800751,0.05840587615966797,KvasirCVC__kvasir_cju3u39fog1bo0871lxjrabks_positive;KvasirCVC__cvc_444_positive,KvasirCVC__kvasir_cju87vqa0ndwg0850onjdz7ol_negative,KvasirCVC__kvasir_cju2zp89k9q1g0855k1x0f1xa_boundary
PolypGen__C4_23_endocv2021_positive_440,0.22043010592460632,0.22043010592460632,0.0,KvasirCVC__kvasir_cju3u39fog1bo0871lxjrabks_positive;KvasirCVC__cvc_444_positive,KvasirCVC__kvasir_cju87vqa0ndwg0850onjdz7ol_negative,KvasirCVC__kvasir_cju2zp89k9q1g0855k1x0f1xa_boundary
PolypGen__C4_23_endocv2021_positive_310,0.22265049815177917,0.8549762964248657,0.6323257982730865,KvasirCVC__kvasir_cju3u39fog1bo0871lxjrabks_positive;KvasirCVC__cvc_444_positive,KvasirCVC__kvasir_cju87vqa0ndwg0850onjdz7ol_negative,KvasirCVC__kvasir_cju2zp89k9q1g0855k1x0f1xa_boundary
PolypGen__C5_EndoCV2021_C5_50000348,0.22298066318035126,0.2290249466896057,0.006044283509254456,KvasirCVC__kvasir_cju3u39fog1bo0871lxjrabks_positive;KvasirCVC__cvc_444_positive,KvasirCVC__kvasir_cju87vqa0ndwg0850onjdz7ol_negative,KvasirCVC__kvasir_cju2zp89k9q1g0855k1x0f1xa_boundary
PolypGen__C2_EndoCV2021_001109,0.22310757637023926,0.8339483141899109,0.6108407378196716,KvasirCVC__kvasir_cju3u39fog1bo0871lxjrabks_positive;KvasirCVC__cvc_444_positive,KvasirCVC__kvasir_cju87vqa0ndwg0850onjdz7ol_negative,KvasirCVC__kvasir_cju2zp89k9q1g0855k1x0f1xa_boundary
PolypGen__C4_9_endocv2021_positive_198,0.22735773026943207,0.637490451335907,0.4101327210664749,KvasirCVC__kvasir_cju3u39fog1bo0871lxjrabks_positive;KvasirCVC__cvc_444_positive,KvasirCVC__kvasir_cju87vqa0ndwg0850onjdz7ol_negative,KvasirCVC__kvasir_cju2zp89k9q1g0855k1x0f1xa_boundary
PolypGen__C4_20_endocv2021_positive_873,0.22832980751991272,0.3913668990135193,0.16303709149360657,KvasirCVC__kvasir_cju3u39fog1bo0871lxjrabks_positive;KvasirCVC__cvc_444_positive,KvasirCVC__kvasir_cju87vqa0ndwg0850onjdz7ol_negative,KvasirCVC__kvasir_cju2zp89k9q1g0855k1x0f1xa_boundary
PolypGen__C1_295OLCV1_100H0004,0.22871246933937073,0.5285629630088806,0.2998504936695099,KvasirCVC__kvasir_cju3u39fog1bo0871lxjrabks_positive;KvasirCVC__cvc_444_positive,KvasirCVC__kvasir_cju87vqa0ndwg0850onjdz7ol_negative,KvasirCVC__kvasir_cju2zp89k9q1g0855k1x0f1xa_boundary
PolypGen__C1_378OLCV1_100H0016,0.23308835923671722,0.7657792568206787,0.5326908975839615,KvasirCVC__kvasir_cju3u39fog1bo0871lxjrabks_positive;KvasirCVC__cvc_444_positive,KvasirCVC__kvasir_cju87vqa0ndwg0850onjdz7ol_negative,KvasirCVC__kvasir_cju2zp89k9q1g0855k1x0f1xa_boundary
PolypGen__C3_C3_EndoCV2021_00202,0.23333990573883057,0.5785890817642212,0.3452491760253906,KvasirCVC__kvasir_cju3u39fog1bo0871lxjrabks_positive;KvasirCVC__cvc_444_positive,KvasirCVC__kvasir_cju87vqa0ndwg0850onjdz7ol_negative,KvasirCVC__kvasir_cju2zp89k9q1g0855k1x0f1xa_boundary
PolypGen__C2_EndoCV2021_001281,0.24575486779212952,0.8130698800086975,0.567315012216568,KvasirCVC__kvasir_cju3u39fog1bo0871lxjrabks_positive;KvasirCVC__cvc_54_positive,KvasirCVC__kvasir_cju87vqa0ndwg0850onjdz7ol_negative,KvasirCVC__kvasir_cju2zp89k9q1g0855k1x0f1xa_boundary
PolypGen__C1_597OLCV1_100H0032,0.25071683526039124,0.38103821873664856,0.13032138347625732,KvasirCVC__kvasir_cju3u39fog1bo0871lxjrabks_positive;KvasirCVC__cvc_444_positive,KvasirCVC__kvasir_cju87vqa0ndwg0850onjdz7ol_negative,KvasirCVC__kvasir_cju2zp89k9q1g0855k1x0f1xa_boundary
PolypGen__C3_C3_EndoCV2021_00366,0.2543542683124542,0.45775914192199707,0.20340487360954285,KvasirCVC__kvasir_cju3u39fog1bo0871lxjrabks_positive;KvasirCVC__cvc_444_positive,KvasirCVC__cvc_210_negative,KvasirCVC__kvasir_cju2zp89k9q1g0855k1x0f1xa_boundary
PolypGen__C6_EndoCV2021_C6_0100110,0.2550704777240753,0.8201160430908203,0.565045565366745,KvasirCVC__kvasir_cju3u39fog1bo0871lxjrabks_positive;KvasirCVC__cvc_54_positive,KvasirCVC__kvasir_cju87vqa0ndwg0850onjdz7ol_negative,KvasirCVC__kvasir_cju2zp89k9q1g0855k1x0f1xa_boundary
PolypGen__C4_24_endocv2021_positive_1074,0.25772836804389954,0.9080093502998352,0.6502809822559357,KvasirCVC__kvasir_cju3u39fog1bo0871lxjrabks_positive;KvasirCVC__cvc_444_positive,KvasirCVC__kvasir_cju87vqa0ndwg0850onjdz7ol_negative,KvasirCVC__kvasir_cju2zp89k9q1g0855k1x0f1xa_boundary
PolypGen__C5_EndoCV2021_C5_50000087,0.2655112147331238,0.8715462684631348,0.606035053730011,KvasirCVC__kvasir_cju3u39fog1bo0871lxjrabks_positive;KvasirCVC__cvc_444_positive,KvasirCVC__kvasir_cju87vqa0ndwg0850onjdz7ol_negative,KvasirCVC__kvasir_cju2zp89k9q1g0855k1x0f1xa_boundary
PolypGen__C4_31_endocv2021_positive_1403,0.2656416893005371,0.26943904161453247,0.0037973523139953613,KvasirCVC__kvasir_cju3u39fog1bo0871lxjrabks_positive;KvasirCVC__cvc_444_positive,KvasirCVC__kvasir_cju87vqa0ndwg0850onjdz7ol_negative,KvasirCVC__kvasir_cju2zp89k9q1g0855k1x0f1xa_boundary
PolypGen__C4_14_endocv2021_positive_1266,0.2665129005908966,0.8860427737236023,0.6195298731327057,KvasirCVC__kvasir_cju3u39fog1bo0871lxjrabks_positive;KvasirCVC__cvc_444_positive,KvasirCVC__kvasir_cju87vqa0ndwg0850onjdz7ol_negative,KvasirCVC__kvasir_cju2zp89k9q1g0855k1x0f1xa_boundary
PolypGen__C1_963OLCV1_100H0006,0.2689811885356903,0.30067458748817444,0.03169339895248413,KvasirCVC__kvasir_cju3u39fog1bo0871lxjrabks_positive;KvasirCVC__cvc_444_positive,KvasirCVC__kvasir_cju87vqa0ndwg0850onjdz7ol_negative,KvasirCVC__kvasir_cju2zp89k9q1g0855k1x0f1xa_boundary
PolypGen__C3_C3_EndoCV2021_00454,0.27007943391799927,0.2658713161945343,-0.004208117723464966,KvasirCVC__kvasir_cju3u39fog1bo0871lxjrabks_positive;KvasirCVC__cvc_444_positive,KvasirCVC__kvasir_cju87vqa0ndwg0850onjdz7ol_negative,KvasirCVC__kvasir_cju2zp89k9q1g0855k1x0f1xa_boundary
PolypGen__C5_EndoCV2021_C5_50000008,0.27220213413238525,0.3581875264644623,0.08598539233207703,KvasirCVC__kvasir_cju3u39fog1bo0871lxjrabks_positive;KvasirCVC__cvc_444_positive,KvasirCVC__kvasir_cju87vqa0ndwg0850onjdz7ol_negative,KvasirCVC__kvasir_cju2zp89k9q1g0855k1x0f1xa_boundary
PolypGen__C2_EndoCV2021_001090,0.27396726608276367,0.27396726608276367,0.0,KvasirCVC__kvasir_cju3u39fog1bo0871lxjrabks_positive;KvasirCVC__cvc_444_positive,KvasirCVC__kvasir_cju87vqa0ndwg0850onjdz7ol_negative,KvasirCVC__kvasir_cju2zp89k9q1g0855k1x0f1xa_boundary
PolypGen__C2_EndoCV2021_001374,0.2791878283023834,0.27216747403144836,-0.007020354270935059,KvasirCVC__kvasir_cju3u39fog1bo0871lxjrabks_positive;KvasirCVC__cvc_444_positive,KvasirCVC__kvasir_cju87vqa0ndwg0850onjdz7ol_negative,KvasirCVC__kvasir_cju2zp89k9q1g0855k1x0f1xa_boundary
PolypGen__C4_29_endocv2021_positive_471,0.2793211042881012,0.5420286059379578,0.26270750164985657,KvasirCVC__kvasir_cju3u39fog1bo0871lxjrabks_positive;KvasirCVC__cvc_444_positive,KvasirCVC__kvasir_cju87vqa0ndwg0850onjdz7ol_negative,KvasirCVC__kvasir_cju2zp89k9q1g0855k1x0f1xa_boundary
PolypGen__C4_9_endocv2021_positive_586,0.28366246819496155,0.5315653681755066,0.24790289998054504,KvasirCVC__kvasir_cju3u39fog1bo0871lxjrabks_positive;KvasirCVC__cvc_444_positive,KvasirCVC__kvasir_cju87vqa0ndwg0850onjdz7ol_negative,KvasirCVC__kvasir_cju2zp89k9q1g0855k1x0f1xa_boundary
PolypGen__C3_C3_EndoCV2021_00374,0.28653958439826965,0.8180354237556458,0.5314958393573761,KvasirCVC__kvasir_cju3u39fog1bo0871lxjrabks_positive;KvasirCVC__cvc_444_positive,KvasirCVC__kvasir_cju87vqa0ndwg0850onjdz7ol_negative,KvasirCVC__kvasir_cju2zp89k9q1g0855k1x0f1xa_boundary
PolypGen__C4_35_endocv2021_negative_1005,0.2872646152973175,0.6733312010765076,0.38606658577919006,KvasirCVC__kvasir_cju3u39fog1bo0871lxjrabks_positive;KvasirCVC__cvc_444_positive,KvasirCVC__kvasir_cju87vqa0ndwg0850onjdz7ol_negative,KvasirCVC__kvasir_cju2zp89k9q1g0855k1x0f1xa_boundary
PolypGen__C2_EndoCV2021_001327,0.2878897786140442,0.2878897786140442,0.0,KvasirCVC__kvasir_cju3u39fog1bo0871lxjrabks_positive;KvasirCVC__cvc_444_positive,KvasirCVC__kvasir_cju87vqa0ndwg0850onjdz7ol_negative,KvasirCVC__kvasir_cju2zp89k9q1g0855k1x0f1xa_boundary
PolypGen__C3_C3_EndoCV2021_00229,0.28853267431259155,0.9243466258049011,0.6358139514923096,KvasirCVC__kvasir_cju3u39fog1bo0871lxjrabks_positive;KvasirCVC__cvc_444_positive,KvasirCVC__kvasir_cju87vqa0ndwg0850onjdz7ol_negative,KvasirCVC__kvasir_cju2zp89k9q1g0855k1x0f1xa_boundary
PolypGen__C3_C3_EndoCV2021_009,0.2890399098396301,0.8125264644622803,0.5234865546226501,KvasirCVC__kvasir_cju3u39fog1bo0871lxjrabks_positive;KvasirCVC__cvc_444_positive,KvasirCVC__kvasir_cju87vqa0ndwg0850onjdz7ol_negative,KvasirCVC__kvasir_cju2zp89k9q1g0855k1x0f1xa_boundary
PolypGen__C4_19_endocv2021_positive_1496,0.2900203764438629,0.2900203764438629,0.0,KvasirCVC__kvasir_cju3u39fog1bo0871lxjrabks_positive;KvasirCVC__cvc_444_positive,KvasirCVC__kvasir_cju2y5zas8m7f0801d34g5owq_negative,KvasirCVC__kvasir_cju2zp89k9q1g0855k1x0f1xa_boundary
PolypGen__C3_C3_EndoCV2021_00398,0.2918332517147064,0.895061731338501,0.6032284796237946,KvasirCVC__kvasir_cju3u39fog1bo0871lxjrabks_positive;KvasirCVC__cvc_444_positive,KvasirCVC__kvasir_cju87vqa0ndwg0850onjdz7ol_negative,KvasirCVC__kvasir_cju2zp89k9q1g0855k1x0f1xa_boundary
PolypGen__C6_EndoCV2021_C6_0100031,0.2922922968864441,0.8301176428794861,0.537825345993042,KvasirCVC__kvasir_cju3u39fog1bo0871lxjrabks_positive;KvasirCVC__cvc_54_positive,KvasirCVC__kvasir_cju87vqa0ndwg0850onjdz7ol_negative,KvasirCVC__kvasir_cju2zp89k9q1g0855k1x0f1xa_boundary
PolypGen__C1_422OLCV1_100H0002,0.29518449306488037,0.7615424394607544,0.466357946395874,KvasirCVC__kvasir_cju3u39fog1bo0871lxjrabks_positive;KvasirCVC__cvc_444_positive,KvasirCVC__kvasir_cju87vqa0ndwg0850onjdz7ol_negative,KvasirCVC__kvasir_cju2zp89k9q1g0855k1x0f1xa_boundary
PolypGen__C1_419OLCV1_100H0014,0.3030303120613098,0.34734630584716797,0.044315993785858154,KvasirCVC__kvasir_cju3u39fog1bo0871lxjrabks_positive;KvasirCVC__cvc_444_positive,KvasirCVC__kvasir_cju87vqa0ndwg0850onjdz7ol_negative,KvasirCVC__kvasir_cju2zp89k9q1g0855k1x0f1xa_boundary
PolypGen__C5_EndoCV2021_C5_50000232,0.31362006068229675,0.31362006068229675,0.0,KvasirCVC__kvasir_cju3u39fog1bo0871lxjrabks_positive;KvasirCVC__cvc_54_positive,KvasirCVC__cvc_210_negative,KvasirCVC__kvasir_cju2zp89k9q1g0855k1x0f1xa_boundary
PolypGen__C4_29_endocv2021_positive_606,0.31370702385902405,0.9324894547462463,0.6187824308872223,KvasirCVC__kvasir_cju3u39fog1bo0871lxjrabks_positive;KvasirCVC__kvasir_cju33w4sdcivk0855x879zht7_positive,KvasirCVC__kvasir_cju87vqa0ndwg0850onjdz7ol_negative,KvasirCVC__kvasir_cju2zp89k9q1g0855k1x0f1xa_boundary
PolypGen__C4_25_endocv2021_positive_1037,0.3159922957420349,0.5251120924949646,0.2091197967529297,KvasirCVC__kvasir_cju3u39fog1bo0871lxjrabks_positive;KvasirCVC__cvc_444_positive,KvasirCVC__kvasir_cju87vqa0ndwg0850onjdz7ol_negative,KvasirCVC__kvasir_cju2zp89k9q1g0855k1x0f1xa_boundary
PolypGen__C6_EndoCV2021_C6_0100018,0.319585919380188,0.37664422392845154,0.05705830454826355,KvasirCVC__kvasir_cju3u39fog1bo0871lxjrabks_positive;KvasirCVC__cvc_444_positive,KvasirCVC__kvasir_cju87vqa0ndwg0850onjdz7ol_negative,KvasirCVC__kvasir_cju2zp89k9q1g0855k1x0f1xa_boundary
PolypGen__C5_EndoCV2021_C5_50000224,0.32126277685165405,0.32126277685165405,0.0,KvasirCVC__cvc_54_positive;KvasirCVC__kvasir_cju3u39fog1bo0871lxjrabks_positive,KvasirCVC__cvc_210_negative,KvasirCVC__kvasir_cju2zp89k9q1g0855k1x0f1xa_boundary
PolypGen__C5_EndoCV2021_C5_50000199,0.32682642340660095,0.8980913162231445,0.5712648928165436,KvasirCVC__kvasir_cju3u39fog1bo0871lxjrabks_positive;KvasirCVC__cvc_444_positive,KvasirCVC__kvasir_cju87vqa0ndwg0850onjdz7ol_negative,KvasirCVC__kvasir_cju2zp89k9q1g0855k1x0f1xa_boundary
PolypGen__C6_EndoCV2021_C6_0100019,0.32939764857292175,0.846388578414917,0.5169909298419952,KvasirCVC__kvasir_cju3u39fog1bo0871lxjrabks_positive;KvasirCVC__cvc_444_positive,KvasirCVC__kvasir_cju87vqa0ndwg0850onjdz7ol_negative,KvasirCVC__kvasir_cju2zp89k9q1g0855k1x0f1xa_boundary
PolypGen__C4_29_endocv2021_positive_738,0.3318808972835541,0.9292817711830139,0.5974008738994598,KvasirCVC__kvasir_cju3u39fog1bo0871lxjrabks_positive;KvasirCVC__cvc_54_positive,KvasirCVC__kvasir_cju87vqa0ndwg0850onjdz7ol_negative,KvasirCVC__kvasir_cju2zp89k9q1g0855k1x0f1xa_boundary
PolypGen__C5_EndoCV2021_C5_50000222,0.3331751227378845,0.26815101504325867,-0.06502410769462585,KvasirCVC__kvasir_cju3u39fog1bo0871lxjrabks_positive;KvasirCVC__cvc_54_positive,KvasirCVC__kvasir_cju87vqa0ndwg0850onjdz7ol_negative,KvasirCVC__kvasir_cju2zp89k9q1g0855k1x0f1xa_boundary
PolypGen__C2_EndoCV2021_001091,0.33549994230270386,0.34726595878601074,0.011766016483306885,KvasirCVC__kvasir_cju3u39fog1bo0871lxjrabks_positive;KvasirCVC__cvc_444_positive,KvasirCVC__kvasir_cju87vqa0ndwg0850onjdz7ol_negative,KvasirCVC__kvasir_cju2zp89k9q1g0855k1x0f1xa_boundary
PolypGen__C1_169OLCV1_100H0007,0.34290611743927,0.48547449707984924,0.14256837964057922,KvasirCVC__kvasir_cju3u39fog1bo0871lxjrabks_positive;KvasirCVC__cvc_444_positive,KvasirCVC__kvasir_cju87vqa0ndwg0850onjdz7ol_negative,KvasirCVC__kvasir_cju2zp89k9q1g0855k1x0f1xa_boundary
PolypGen__C2_EndoCV2021_001386,0.34293368458747864,0.6445059776306152,0.3015722930431366,KvasirCVC__kvasir_cju3u39fog1bo0871lxjrabks_positive;KvasirCVC__cvc_444_positive,KvasirCVC__kvasir_cju87vqa0ndwg0850onjdz7ol_negative,KvasirCVC__kvasir_cju2zp89k9q1g0855k1x0f1xa_boundary
PolypGen__C5_EndoCV2021_C5_50000166,0.3485201597213745,0.5543332695960999,0.20581310987472534,KvasirCVC__kvasir_cju3u39fog1bo0871lxjrabks_positive;KvasirCVC__cvc_444_positive,KvasirCVC__kvasir_cju87vqa0ndwg0850onjdz7ol_negative,KvasirCVC__kvasir_cju2zp89k9q1g0855k1x0f1xa_boundary
PolypGen__C1_177OLCV1_100S0005,0.3554140031337738,0.28499749302864075,-0.07041651010513306,KvasirCVC__kvasir_cju3u39fog1bo0871lxjrabks_positive;KvasirCVC__cvc_444_positive,KvasirCVC__kvasir_cju87vqa0ndwg0850onjdz7ol_negative,KvasirCVC__kvasir_cju2zp89k9q1g0855k1x0f1xa_boundary
PolypGen__C2_EndoCV2021_001073,0.3576516807079315,0.4392608404159546,0.08160915970802307,KvasirCVC__kvasir_cju3u39fog1bo0871lxjrabks_positive;KvasirCVC__cvc_444_positive,KvasirCVC__kvasir_cju87vqa0ndwg0850onjdz7ol_negative,KvasirCVC__kvasir_cju2zp89k9q1g0855k1x0f1xa_boundary
PolypGen__C1_350OLCV1_100H0004,0.3580015003681183,0.3580015003681183,0.0,KvasirCVC__kvasir_cju3u39fog1bo0871lxjrabks_positive;KvasirCVC__cvc_444_positive,KvasirCVC__cvc_210_negative,KvasirCVC__kvasir_cju2zp89k9q1g0855k1x0f1xa_boundary
PolypGen__C5_EndoCV2021_C5_50000116,0.3589434027671814,0.0015197575557976961,-0.3574236452113837,KvasirCVC__kvasir_cju3u39fog1bo0871lxjrabks_positive;KvasirCVC__cvc_444_positive,KvasirCVC__kvasir_cju87vqa0ndwg0850onjdz7ol_negative,KvasirCVC__kvasir_cju2zp89k9q1g0855k1x0f1xa_boundary
PolypGen__C4_22_endocv2021_positive_1318,0.3607232868671417,0.8069848418235779,0.44626155495643616,KvasirCVC__kvasir_cju3u39fog1bo0871lxjrabks_positive;KvasirCVC__cvc_444_positive,KvasirCVC__kvasir_cju87vqa0ndwg0850onjdz7ol_negative,KvasirCVC__kvasir_cju2zp89k9q1g0855k1x0f1xa_boundary
PolypGen__C1_155OLCV1_100H0010,0.3619047701358795,0.5933869481086731,0.23148217797279358,KvasirCVC__kvasir_cju3u39fog1bo0871lxjrabks_positive;KvasirCVC__cvc_444_positive,KvasirCVC__kvasir_cju87vqa0ndwg0850onjdz7ol_negative,KvasirCVC__kvasir_cju2zp89k9q1g0855k1x0f1xa_boundary
PolypGen__C4_22_endocv2021_positive_1095,0.3715458810329437,0.9725182056427002,0.6009723246097565,KvasirCVC__kvasir_cju3u39fog1bo0871lxjrabks_positive;KvasirCVC__cvc_444_positive,KvasirCVC__kvasir_cju87vqa0ndwg0850onjdz7ol_negative,KvasirCVC__kvasir_cju2zp89k9q1g0855k1x0f1xa_boundary
PolypGen__C4_24_endocv2021_positive_801,0.375911146402359,0.4342653155326843,0.05835416913032532,KvasirCVC__kvasir_cju3u39fog1bo0871lxjrabks_positive;KvasirCVC__cvc_444_positive,KvasirCVC__kvasir_cju87vqa0ndwg0850onjdz7ol_negative,KvasirCVC__kvasir_cju2zp89k9q1g0855k1x0f1xa_boundary
PolypGen__C4_19_endocv2021_positive_1410,0.37765833735466003,0.404330313205719,0.02667197585105896,KvasirCVC__kvasir_cju3u39fog1bo0871lxjrabks_positive;KvasirCVC__cvc_444_positive,KvasirCVC__kvasir_cju87vqa0ndwg0850onjdz7ol_negative,KvasirCVC__kvasir_cju2zp89k9q1g0855k1x0f1xa_boundary
PolypGen__C3_C3_EndoCV2021_00154,0.3809366226196289,0.7171915769577026,0.33625495433807373,KvasirCVC__kvasir_cju3u39fog1bo0871lxjrabks_positive;KvasirCVC__cvc_444_positive,KvasirCVC__kvasir_cju87vqa0ndwg0850onjdz7ol_negative,KvasirCVC__kvasir_cju2zp89k9q1g0855k1x0f1xa_boundary
PolypGen__C5_EndoCV2021_C5_50000352,0.3834196925163269,0.3834196925163269,0.0,KvasirCVC__kvasir_cju3u39fog1bo0871lxjrabks_positive;KvasirCVC__cvc_444_positive,KvasirCVC__kvasir_cju87vqa0ndwg0850onjdz7ol_negative,KvasirCVC__kvasir_cju2zp89k9q1g0855k1x0f1xa_boundary
PolypGen__C3_C3_EndoCV2021_0024,0.386776864528656,0.386776864528656,0.0,KvasirCVC__kvasir_cju3u39fog1bo0871lxjrabks_positive;KvasirCVC__cvc_444_positive,KvasirCVC__kvasir_cju87vqa0ndwg0850onjdz7ol_negative,KvasirCVC__kvasir_cju2zp89k9q1g0855k1x0f1xa_boundary
PolypGen__C3_C3_EndoCV2021_0042,0.3890524208545685,0.3890524208545685,0.0,KvasirCVC__kvasir_cju3u39fog1bo0871lxjrabks_positive;KvasirCVC__cvc_444_positive,KvasirCVC__kvasir_cju87vqa0ndwg0850onjdz7ol_negative,KvasirCVC__kvasir_cju2zp89k9q1g0855k1x0f1xa_boundary
PolypGen__C4_5_endocv2021_positive_632,0.3912477195262909,0.303846150636673,-0.08740156888961792,KvasirCVC__kvasir_cju3u39fog1bo0871lxjrabks_positive;KvasirCVC__cvc_444_positive,KvasirCVC__kvasir_cju87vqa0ndwg0850onjdz7ol_negative,KvasirCVC__kvasir_cju2zp89k9q1g0855k1x0f1xa_boundary
PolypGen__C2_EndoCV2021_001008,0.39374426007270813,0.8545367121696472,0.4607924520969391,KvasirCVC__kvasir_cju3u39fog1bo0871lxjrabks_positive;KvasirCVC__cvc_444_positive,KvasirCVC__kvasir_cju87vqa0ndwg0850onjdz7ol_negative,KvasirCVC__kvasir_cju2zp89k9q1g0855k1x0f1xa_boundary
PolypGen__C4_34_endocv2021_positive_432,0.3947078287601471,0.4461343586444855,0.05142652988433838,KvasirCVC__kvasir_cju3u39fog1bo0871lxjrabks_positive;KvasirCVC__cvc_444_positive,KvasirCVC__kvasir_cju87vqa0ndwg0850onjdz7ol_negative,KvasirCVC__kvasir_cju2zp89k9q1g0855k1x0f1xa_boundary
PolypGen__C1_106OLCV1_100H0012,0.39496758580207825,0.8268861174583435,0.43191853165626526,KvasirCVC__kvasir_cju3u39fog1bo0871lxjrabks_positive;KvasirCVC__cvc_444_positive,KvasirCVC__kvasir_cju87vqa0ndwg0850onjdz7ol_negative,KvasirCVC__kvasir_cju2zp89k9q1g0855k1x0f1xa_boundary
PolypGen__C3_C3_EndoCV2021_00489,0.39944133162498474,0.39944133162498474,0.0,KvasirCVC__kvasir_cju3u39fog1bo0871lxjrabks_positive;KvasirCVC__cvc_444_positive,KvasirCVC__kvasir_cju87vqa0ndwg0850onjdz7ol_negative,KvasirCVC__kvasir_cju2zp89k9q1g0855k1x0f1xa_boundary
PolypGen__C4_9_endocv2021_positive_864,0.40003901720046997,0.40003901720046997,0.0,KvasirCVC__kvasir_cju3u39fog1bo0871lxjrabks_positive;KvasirCVC__cvc_444_positive,KvasirCVC__kvasir_cju2y5zas8m7f0801d34g5owq_negative,KvasirCVC__kvasir_cju2zp89k9q1g0855k1x0f1xa_boundary
PolypGen__C4_25_endocv2021_positive_172,0.40172165632247925,0.4407843053340912,0.03906264901161194,KvasirCVC__kvasir_cju3u39fog1bo0871lxjrabks_positive;KvasirCVC__cvc_444_positive,KvasirCVC__kvasir_cju87vqa0ndwg0850onjdz7ol_negative,KvasirCVC__kvasir_cju2zp89k9q1g0855k1x0f1xa_boundary
PolypGen__C4_25_endocv2021_positive_761,0.4023222029209137,0.5338790416717529,0.13155683875083923,KvasirCVC__kvasir_cju3u39fog1bo0871lxjrabks_positive;KvasirCVC__cvc_444_positive,KvasirCVC__kvasir_cju87vqa0ndwg0850onjdz7ol_negative,KvasirCVC__kvasir_cju2zp89k9q1g0855k1x0f1xa_boundary
PolypGen__C2_EndoCV2021_001236,0.4092140793800354,0.3739503026008606,-0.035263776779174805,KvasirCVC__kvasir_cju3u39fog1bo0871lxjrabks_positive;KvasirCVC__cvc_444_positive,KvasirCVC__kvasir_cju87vqa0ndwg0850onjdz7ol_negative,KvasirCVC__kvasir_cju2zp89k9q1g0855k1x0f1xa_boundary
PolypGen__C5_EndoCV2021_C5_50000193,0.40965503454208374,0.43714219331741333,0.02748715877532959,KvasirCVC__kvasir_cju3u39fog1bo0871lxjrabks_positive;KvasirCVC__cvc_444_positive,KvasirCVC__kvasir_cju87vqa0ndwg0850onjdz7ol_negative,KvasirCVC__kvasir_cju2zp89k9q1g0855k1x0f1xa_boundary
PolypGen__C1_596OLCV1_100H0002,0.4110671877861023,0.8668133616447449,0.4557461738586426,KvasirCVC__kvasir_cju3u39fog1bo0871lxjrabks_positive;KvasirCVC__cvc_444_positive,KvasirCVC__kvasir_cju87vqa0ndwg0850onjdz7ol_negative,KvasirCVC__kvasir_cju2zp89k9q1g0855k1x0f1xa_boundary
PolypGen__C3_C3_EndoCV2021_00490,0.41162967681884766,0.41162967681884766,0.0,KvasirCVC__kvasir_cju3u39fog1bo0871lxjrabks_positive;KvasirCVC__cvc_444_positive,KvasirCVC__cvc_210_negative,KvasirCVC__kvasir_cju2zp89k9q1g0855k1x0f1xa_boundary
PolypGen__C2_EndoCV2021_001192,0.4136650562286377,0.38727888464927673,-0.026386171579360962,KvasirCVC__kvasir_cju3u39fog1bo0871lxjrabks_positive;KvasirCVC__cvc_444_positive,KvasirCVC__kvasir_cju87vqa0ndwg0850onjdz7ol_negative,KvasirCVC__kvasir_cju2zp89k9q1g0855k1x0f1xa_boundary
PolypGen__C5_EndoCV2021_C5_50000284,0.4195138216018677,0.3900254964828491,-0.029488325119018555,KvasirCVC__kvasir_cju3u39fog1bo0871lxjrabks_positive;KvasirCVC__cvc_444_positive,KvasirCVC__kvasir_cju87vqa0ndwg0850onjdz7ol_negative,KvasirCVC__kvasir_cju2zp89k9q1g0855k1x0f1xa_boundary
PolypGen__C5_EndoCV2021_C5_50000285,0.42017829418182373,0.38878557085990906,-0.03139272332191467,KvasirCVC__kvasir_cju3u39fog1bo0871lxjrabks_positive;KvasirCVC__cvc_444_positive,KvasirCVC__kvasir_cju87vqa0ndwg0850onjdz7ol_negative,KvasirCVC__kvasir_cju2zp89k9q1g0855k1x0f1xa_boundary
PolypGen__C6_EndoCV2021_C6_0100113,0.42019543051719666,0.42019543051719666,0.0,KvasirCVC__kvasir_cju3u39fog1bo0871lxjrabks_positive;KvasirCVC__cvc_54_positive,KvasirCVC__kvasir_cju87vqa0ndwg0850onjdz7ol_negative,KvasirCVC__kvasir_cju2zp89k9q1g0855k1x0f1xa_boundary
PolypGen__C2_EndoCV2021_001183,0.4235764145851135,0.5055292248725891,0.08195281028747559,KvasirCVC__kvasir_cju3u39fog1bo0871lxjrabks_positive;KvasirCVC__cvc_444_positive,KvasirCVC__kvasir_cju87vqa0ndwg0850onjdz7ol_negative,KvasirCVC__kvasir_cju2zp89k9q1g0855k1x0f1xa_boundary
PolypGen__C3_C3_EndoCV2021_00368,0.42828282713890076,0.4068441092967987,-0.02143871784210205,KvasirCVC__kvasir_cju3u39fog1bo0871lxjrabks_positive;KvasirCVC__cvc_444_positive,KvasirCVC__kvasir_cju87vqa0ndwg0850onjdz7ol_negative,KvasirCVC__kvasir_cju2zp89k9q1g0855k1x0f1xa_boundary
PolypGen__C2_EndoCV2021_001129,0.4353916645050049,0.64178466796875,0.20639300346374512,KvasirCVC__kvasir_cju3u39fog1bo0871lxjrabks_positive;KvasirCVC__cvc_444_positive,KvasirCVC__kvasir_cju87vqa0ndwg0850onjdz7ol_negative,KvasirCVC__kvasir_cju2zp89k9q1g0855k1x0f1xa_boundary
PolypGen__C5_EndoCV2021_C5_50000082,0.43756067752838135,0.6117764711380005,0.17421579360961914,KvasirCVC__kvasir_cju3u39fog1bo0871lxjrabks_positive;KvasirCVC__cvc_444_positive,KvasirCVC__kvasir_cju87vqa0ndwg0850onjdz7ol_negative,KvasirCVC__kvasir_cju2zp89k9q1g0855k1x0f1xa_boundary
PolypGen__C5_EndoCV2021_C5_50000338,0.4388669729232788,0.4388669729232788,0.0,KvasirCVC__kvasir_cju3u39fog1bo0871lxjrabks_positive;KvasirCVC__cvc_444_positive,KvasirCVC__kvasir_cju87vqa0ndwg0850onjdz7ol_negative,KvasirCVC__kvasir_cju2zp89k9q1g0855k1x0f1xa_boundary
PolypGen__C4_16_endocv2021_positive_711,0.4389721751213074,0.7829848527908325,0.34401267766952515,KvasirCVC__kvasir_cju3u39fog1bo0871lxjrabks_positive;KvasirCVC__cvc_444_positive,KvasirCVC__kvasir_cju87vqa0ndwg0850onjdz7ol_negative,KvasirCVC__kvasir_cju2zp89k9q1g0855k1x0f1xa_boundary
PolypGen__C3_C3_EndoCV2021_00424,0.4405539631843567,0.4405539631843567,0.0,KvasirCVC__kvasir_cju3u39fog1bo0871lxjrabks_positive;KvasirCVC__cvc_444_positive,KvasirCVC__cvc_210_negative,KvasirCVC__kvasir_cju2zp89k9q1g0855k1x0f1xa_boundary
PolypGen__C6_EndoCV2021_C6_0100036,0.446601927280426,0.9400940537452698,0.49349212646484375,KvasirCVC__kvasir_cju3u39fog1bo0871lxjrabks_positive;KvasirCVC__cvc_444_positive,KvasirCVC__kvasir_cju87vqa0ndwg0850onjdz7ol_negative,KvasirCVC__kvasir_cju2zp89k9q1g0855k1x0f1xa_boundary
PolypGen__C5_EndoCV2021_C5_50000198,0.44778066873550415,0.44778066873550415,0.0,KvasirCVC__kvasir_cju3u39fog1bo0871lxjrabks_positive;KvasirCVC__cvc_444_positive,KvasirCVC__kvasir_cju87vqa0ndwg0850onjdz7ol_negative,KvasirCVC__kvasir_cju2zp89k9q1g0855k1x0f1xa_boundary
PolypGen__C5_EndoCV2021_C5_50000362,0.4541685879230499,0.4541685879230499,0.0,KvasirCVC__kvasir_cju3u39fog1bo0871lxjrabks_positive;KvasirCVC__cvc_444_positive,KvasirCVC__kvasir_cju87vqa0ndwg0850onjdz7ol_negative,KvasirCVC__kvasir_cju2zp89k9q1g0855k1x0f1xa_boundary
PolypGen__C6_EndoCV2021_C6_0100076,0.45585036277770996,0.1682945191860199,-0.28755584359169006,KvasirCVC__kvasir_cju3u39fog1bo0871lxjrabks_positive;KvasirCVC__cvc_444_positive,KvasirCVC__cvc_210_negative,KvasirCVC__kvasir_cju2zp89k9q1g0855k1x0f1xa_boundary
PolypGen__C2_EndoCV2021_001382,0.45611703395843506,0.9369863271713257,0.4808692932128906,KvasirCVC__kvasir_cju3u39fog1bo0871lxjrabks_positive;KvasirCVC__cvc_444_positive,KvasirCVC__kvasir_cju87vqa0ndwg0850onjdz7ol_negative,KvasirCVC__kvasir_cju2zp89k9q1g0855k1x0f1xa_boundary
PolypGen__C3_C3_EndoCV2021_00483,0.45614033937454224,0.45614033937454224,0.0,KvasirCVC__kvasir_cju3u39fog1bo0871lxjrabks_positive;KvasirCVC__cvc_444_positive,KvasirCVC__kvasir_cju87vqa0ndwg0850onjdz7ol_negative,KvasirCVC__kvasir_cju2zp89k9q1g0855k1x0f1xa_boundary
PolypGen__C6_EndoCV2021_C6_0100022,0.4637206792831421,0.4637206792831421,0.0,KvasirCVC__kvasir_cju3u39fog1bo0871lxjrabks_positive;KvasirCVC__cvc_444_positive,KvasirCVC__kvasir_cju87vqa0ndwg0850onjdz7ol_negative,KvasirCVC__kvasir_cju2zp89k9q1g0855k1x0f1xa_boundary
PolypGen__C4_14_endocv2021_positive_902,0.4695863723754883,0.6565682888031006,0.1869819164276123,KvasirCVC__kvasir_cju3u39fog1bo0871lxjrabks_positive;KvasirCVC__cvc_444_positive,KvasirCVC__kvasir_cju87vqa0ndwg0850onjdz7ol_negative,KvasirCVC__kvasir_cju2zp89k9q1g0855k1x0f1xa_boundary
PolypGen__C5_EndoCV2021_C5_50000327,0.4718693196773529,0.48736461997032166,0.01549530029296875,KvasirCVC__cvc_444_positive;KvasirCVC__kvasir_cju3u39fog1bo0871lxjrabks_positive,KvasirCVC__kvasir_cju87vqa0ndwg0850onjdz7ol_negative,KvasirCVC__kvasir_cju2zp89k9q1g0855k1x0f1xa_boundary
PolypGen__C4_19_endocv2021_positive_1477,0.4727169871330261,0.4964114725589752,0.023694485425949097,KvasirCVC__kvasir_cju3u39fog1bo0871lxjrabks_positive;KvasirCVC__cvc_444_positive,KvasirCVC__kvasir_cju87vqa0ndwg0850onjdz7ol_negative,KvasirCVC__kvasir_cju2zp89k9q1g0855k1x0f1xa_boundary
PolypGen__C5_EndoCV2021_C5_50000361,0.4774937033653259,0.7985568046569824,0.3210631012916565,KvasirCVC__kvasir_cju3u39fog1bo0871lxjrabks_positive;KvasirCVC__cvc_444_positive,KvasirCVC__kvasir_cju87vqa0ndwg0850onjdz7ol_negative,KvasirCVC__kvasir_cju2zp89k9q1g0855k1x0f1xa_boundary
PolypGen__C4_33_endocv2021_positive_1130,0.4807210862636566,0.9200189113616943,0.4392978250980377,KvasirCVC__kvasir_cju3u39fog1bo0871lxjrabks_positive;KvasirCVC__kvasir_cju33w4sdcivk0855x879zht7_positive,KvasirCVC__kvasir_cju87vqa0ndwg0850onjdz7ol_negative,KvasirCVC__kvasir_cju2zp89k9q1g0855k1x0f1xa_boundary
PolypGen__C1_241OLCV1_100H0002,0.4808414578437805,0.5857856869697571,0.10494422912597656,KvasirCVC__kvasir_cju3u39fog1bo0871lxjrabks_positive;KvasirCVC__cvc_444_positive,KvasirCVC__kvasir_cju87vqa0ndwg0850onjdz7ol_negative,KvasirCVC__kvasir_cju2zp89k9q1g0855k1x0f1xa_boundary
PolypGen__C1_205OLCV1_100H0004,0.48180243372917175,0.10456210374832153,-0.3772403299808502,KvasirCVC__kvasir_cju3u39fog1bo0871lxjrabks_positive;KvasirCVC__cvc_444_positive,KvasirCVC__kvasir_cju87vqa0ndwg0850onjdz7ol_negative,KvasirCVC__kvasir_cju2zp89k9q1g0855k1x0f1xa_boundary
PolypGen__C6_EndoCV2021_C6_0100092,0.48906561732292175,0.5051334500312805,0.016067832708358765,KvasirCVC__kvasir_cju3u39fog1bo0871lxjrabks_positive;KvasirCVC__cvc_444_positive,KvasirCVC__cvc_210_negative,KvasirCVC__kvasir_cju2zp89k9q1g0855k1x0f1xa_boundary
PolypGen__C5_EndoCV2021_C5_50000214,0.4892396032810211,0.4832501709461212,-0.005989432334899902,KvasirCVC__kvasir_cju3u39fog1bo0871lxjrabks_positive;KvasirCVC__cvc_444_positive,KvasirCVC__kvasir_cju87vqa0ndwg0850onjdz7ol_negative,KvasirCVC__kvasir_cju2zp89k9q1g0855k1x0f1xa_boundary
PolypGen__C3_C3_EndoCV2021_00277,0.4943127930164337,0.7913669347763062,0.29705414175987244,KvasirCVC__kvasir_cju3u39fog1bo0871lxjrabks_positive;KvasirCVC__cvc_444_positive,KvasirCVC__kvasir_cju87vqa0ndwg0850onjdz7ol_negative,KvasirCVC__kvasir_cju2zp89k9q1g0855k1x0f1xa_boundary
PolypGen__C1_356OLCV1_100S0007,0.49804359674453735,0.8240722417831421,0.32602864503860474,KvasirCVC__kvasir_cju3u39fog1bo0871lxjrabks_positive;KvasirCVC__cvc_444_positive,KvasirCVC__kvasir_cju87vqa0ndwg0850onjdz7ol_negative,KvasirCVC__kvasir_cju2zp89k9q1g0855k1x0f1xa_boundary
PolypGen__C2_EndoCV2021_001306,0.49845242500305176,0.49845242500305176,0.0,KvasirCVC__kvasir_cju3u39fog1bo0871lxjrabks_positive;KvasirCVC__cvc_444_positive,KvasirCVC__kvasir_cju87vqa0ndwg0850onjdz7ol_negative,KvasirCVC__kvasir_cju2zp89k9q1g0855k1x0f1xa_boundary
PolypGen__C1_295OLCV1_100H0006,0.4994742274284363,0.950514554977417,0.4510403275489807,KvasirCVC__kvasir_cju3u39fog1bo0871lxjrabks_positive;KvasirCVC__cvc_444_positive,KvasirCVC__kvasir_cju87vqa0ndwg0850onjdz7ol_negative,KvasirCVC__kvasir_cju2zp89k9q1g0855k1x0f1xa_boundary
PolypGen__C5_EndoCV2021_C5_50000371,0.5008695721626282,0.8975609540939331,0.39669138193130493,KvasirCVC__kvasir_cju3u39fog1bo0871lxjrabks_positive;KvasirCVC__cvc_444_positive,KvasirCVC__kvasir_cju87vqa0ndwg0850onjdz7ol_negative,KvasirCVC__kvasir_cju2zp89k9q1g0855k1x0f1xa_boundary
PolypGen__C3_C3_EndoCV2021_00449,0.5102311968803406,0.5102311968803406,0.0,KvasirCVC__kvasir_cju3u39fog1bo0871lxjrabks_positive;KvasirCVC__cvc_444_positive,KvasirCVC__cvc_210_negative,KvasirCVC__kvasir_cju2zp89k9q1g0855k1x0f1xa_boundary
PolypGen__C3_C3_EndoCV2021_00262,0.5135135054588318,0.5194029808044434,0.005889475345611572,KvasirCVC__kvasir_cju3u39fog1bo0871lxjrabks_positive;KvasirCVC__cvc_444_positive,KvasirCVC__kvasir_cju87vqa0ndwg0850onjdz7ol_negative,KvasirCVC__kvasir_cju2zp89k9q1g0855k1x0f1xa_boundary
PolypGen__C1_278OLCV1_100H0010,0.5154471397399902,0.40847665071487427,-0.10697048902511597,KvasirCVC__kvasir_cju3u39fog1bo0871lxjrabks_positive;KvasirCVC__cvc_444_positive,KvasirCVC__kvasir_cju87vqa0ndwg0850onjdz7ol_negative,KvasirCVC__kvasir_cju2zp89k9q1g0855k1x0f1xa_boundary
PolypGen__C5_EndoCV2021_C5_50000181,0.5163934230804443,0.6598984599113464,0.1435050368309021,KvasirCVC__kvasir_cju3u39fog1bo0871lxjrabks_positive;KvasirCVC__cvc_54_positive,KvasirCVC__cvc_210_negative,KvasirCVC__kvasir_cju2zp89k9q1g0855k1x0f1xa_boundary
PolypGen__C1_176OLCV1_100H0089,0.5179420709609985,0.5179420709609985,0.0,KvasirCVC__kvasir_cju3u39fog1bo0871lxjrabks_positive;KvasirCVC__cvc_444_positive,KvasirCVC__kvasir_cju87vqa0ndwg0850onjdz7ol_negative,KvasirCVC__kvasir_cju2zp89k9q1g0855k1x0f1xa_boundary
PolypGen__C1_106OLCV1_100H0014,0.518416702747345,0.9535477161407471,0.4351310133934021,KvasirCVC__kvasir_cju3u39fog1bo0871lxjrabks_positive;KvasirCVC__cvc_444_positive,KvasirCVC__kvasir_cju87vqa0ndwg0850onjdz7ol_negative,KvasirCVC__kvasir_cju2zp89k9q1g0855k1x0f1xa_boundary
PolypGen__C2_EndoCV2021_001311,0.5194494128227234,0.5194494128227234,0.0,KvasirCVC__kvasir_cju3u39fog1bo0871lxjrabks_positive;KvasirCVC__cvc_444_positive,KvasirCVC__kvasir_cju87vqa0ndwg0850onjdz7ol_negative,KvasirCVC__kvasir_cju2zp89k9q1g0855k1x0f1xa_boundary
PolypGen__C1_535OLCV1_100H0010,0.5198776721954346,0.5198776721954346,0.0,KvasirCVC__kvasir_cju3u39fog1bo0871lxjrabks_positive;KvasirCVC__cvc_444_positive,KvasirCVC__kvasir_cju87vqa0ndwg0850onjdz7ol_negative,KvasirCVC__kvasir_cju2zp89k9q1g0855k1x0f1xa_boundary
PolypGen__C4_9_endocv2021_positive_538,0.5214573740959167,0.7533048391342163,0.23184746503829956,KvasirCVC__kvasir_cju3u39fog1bo0871lxjrabks_positive;KvasirCVC__cvc_444_positive,KvasirCVC__kvasir_cju87vqa0ndwg0850onjdz7ol_negative,KvasirCVC__kvasir_cju2zp89k9q1g0855k1x0f1xa_boundary
PolypGen__C1_186OLCV1_100H0066,0.5275895595550537,0.6308531761169434,0.10326361656188965,KvasirCVC__kvasir_cju3u39fog1bo0871lxjrabks_positive;KvasirCVC__cvc_444_positive,KvasirCVC__kvasir_cju87vqa0ndwg0850onjdz7ol_negative,KvasirCVC__kvasir_cju2zp89k9q1g0855k1x0f1xa_boundary
PolypGen__C3_C3_EndoCV2021_00284,0.5279392004013062,0.9194601774215698,0.39152097702026367,KvasirCVC__kvasir_cju3u39fog1bo0871lxjrabks_positive;KvasirCVC__cvc_444_positive,KvasirCVC__kvasir_cju87vqa0ndwg0850onjdz7ol_negative,KvasirCVC__kvasir_cju2zp89k9q1g0855k1x0f1xa_boundary
PolypGen__C1_597OLCV1_100H0042,0.5288481712341309,0.5288481712341309,0.0,KvasirCVC__kvasir_cju3u39fog1bo0871lxjrabks_positive;KvasirCVC__cvc_444_positive,KvasirCVC__kvasir_cju87vqa0ndwg0850onjdz7ol_negative,KvasirCVC__kvasir_cju2zp89k9q1g0855k1x0f1xa_boundary
PolypGen__C3_C3_EndoCV2021_00337,0.529411792755127,0.5421903133392334,0.012778520584106445,KvasirCVC__kvasir_cju3u39fog1bo0871lxjrabks_positive;KvasirCVC__cvc_54_positive,KvasirCVC__cvc_210_negative,KvasirCVC__kvasir_cju2zp89k9q1g0855k1x0f1xa_boundary
PolypGen__C2_EndoCV2021_001363,0.5320478677749634,0.8091973662376404,0.277149498462677,KvasirCVC__kvasir_cju3u39fog1bo0871lxjrabks_positive;KvasirCVC__cvc_444_positive,KvasirCVC__kvasir_cju87vqa0ndwg0850onjdz7ol_negative,KvasirCVC__kvasir_cju2zp89k9q1g0855k1x0f1xa_boundary
PolypGen__C5_EndoCV2021_C5_50000027,0.5356028079986572,0.16897080838680267,-0.36663199961185455,KvasirCVC__kvasir_cju3u39fog1bo0871lxjrabks_positive;KvasirCVC__cvc_444_positive,KvasirCVC__kvasir_cju87vqa0ndwg0850onjdz7ol_negative,KvasirCVC__kvasir_cju2zp89k9q1g0855k1x0f1xa_boundary
PolypGen__C2_EndoCV2021_001336,0.5396950840950012,0.40740203857421875,-0.13229304552078247,KvasirCVC__kvasir_cju3u39fog1bo0871lxjrabks_positive;KvasirCVC__cvc_444_positive,KvasirCVC__kvasir_cju87vqa0ndwg0850onjdz7ol_negative,KvasirCVC__kvasir_cju2zp89k9q1g0855k1x0f1xa_boundary
PolypGen__C6_EndoCV2021_C6_0100093,0.5399060845375061,0.6534090638160706,0.11350297927856445,KvasirCVC__kvasir_cju3u39fog1bo0871lxjrabks_positive;KvasirCVC__cvc_54_positive,KvasirCVC__cvc_210_negative,KvasirCVC__kvasir_cju2zp89k9q1g0855k1x0f1xa_boundary
PolypGen__C5_EndoCV2021_C5_50000369,0.5417996048927307,0.4970622658729553,-0.04473733901977539,KvasirCVC__kvasir_cju3u39fog1bo0871lxjrabks_positive;KvasirCVC__cvc_444_positive,KvasirCVC__kvasir_cju87vqa0ndwg0850onjdz7ol_negative,KvasirCVC__kvasir_cju2zp89k9q1g0855k1x0f1xa_boundary
PolypGen__C5_EndoCV2021_C5_50000337,0.5419925451278687,0.5419925451278687,0.0,KvasirCVC__kvasir_cju3u39fog1bo0871lxjrabks_positive;KvasirCVC__cvc_444_positive,KvasirCVC__kvasir_cju87vqa0ndwg0850onjdz7ol_negative,KvasirCVC__kvasir_cju2zp89k9q1g0855k1x0f1xa_boundary
PolypGen__C2_EndoCV2021_001307,0.5458879470825195,0.5458879470825195,0.0,KvasirCVC__kvasir_cju3u39fog1bo0871lxjrabks_positive;KvasirCVC__cvc_444_positive,KvasirCVC__kvasir_cju87vqa0ndwg0850onjdz7ol_negative,KvasirCVC__kvasir_cju2zp89k9q1g0855k1x0f1xa_boundary
PolypGen__C3_C3_EndoCV2021_00417,0.5479779839515686,0.9197995066642761,0.3718215227127075,KvasirCVC__kvasir_cju3u39fog1bo0871lxjrabks_positive;KvasirCVC__cvc_444_positive,KvasirCVC__kvasir_cju87vqa0ndwg0850onjdz7ol_negative,KvasirCVC__kvasir_cju2zp89k9q1g0855k1x0f1xa_boundary
PolypGen__C5_EndoCV2021_C5_50000028,0.5512700080871582,0.5512700080871582,0.0,KvasirCVC__kvasir_cju3u39fog1bo0871lxjrabks_positive;KvasirCVC__cvc_444_positive,KvasirCVC__kvasir_cju87vqa0ndwg0850onjdz7ol_negative,KvasirCVC__kvasir_cju2zp89k9q1g0855k1x0f1xa_boundary
PolypGen__C1_186OLCV1_100H0063,0.5562729239463806,0.7710670828819275,0.21479415893554688,KvasirCVC__kvasir_cju3u39fog1bo0871lxjrabks_positive;KvasirCVC__cvc_444_positive,KvasirCVC__kvasir_cju87vqa0ndwg0850onjdz7ol_negative,KvasirCVC__kvasir_cju2zp89k9q1g0855k1x0f1xa_boundary
PolypGen__C1_422OLCV1_100H0038,0.5568814873695374,0.7785388231277466,0.22165733575820923,KvasirCVC__kvasir_cju3u39fog1bo0871lxjrabks_positive;KvasirCVC__cvc_444_positive,KvasirCVC__kvasir_cju87vqa0ndwg0850onjdz7ol_negative,KvasirCVC__kvasir_cju2zp89k9q1g0855k1x0f1xa_boundary
PolypGen__C3_C3_EndoCV2021_00443,0.5569620132446289,0.5569620132446289,0.0,KvasirCVC__kvasir_cju3u39fog1bo0871lxjrabks_positive;KvasirCVC__cvc_444_positive,KvasirCVC__kvasir_cju87vqa0ndwg0850onjdz7ol_negative,KvasirCVC__kvasir_cju2zp89k9q1g0855k1x0f1xa_boundary
PolypGen__C3_C3_EndoCV2021_00230,0.5582209229469299,0.6208247542381287,0.06260383129119873,KvasirCVC__kvasir_cju3u39fog1bo0871lxjrabks_positive;KvasirCVC__cvc_444_positive,KvasirCVC__kvasir_cju87vqa0ndwg0850onjdz7ol_negative,KvasirCVC__kvasir_cju2zp89k9q1g0855k1x0f1xa_boundary
PolypGen__C3_C3_EndoCV2021_0085,0.5638461709022522,0.5805723071098328,0.016726136207580566,KvasirCVC__kvasir_cju3u39fog1bo0871lxjrabks_positive;KvasirCVC__cvc_444_positive,KvasirCVC__kvasir_cju87vqa0ndwg0850onjdz7ol_negative,KvasirCVC__kvasir_cju2zp89k9q1g0855k1x0f1xa_boundary
PolypGen__C3_C3_EndoCV2021_00275,0.5640465021133423,0.8933088183403015,0.32926231622695923,KvasirCVC__kvasir_cju3u39fog1bo0871lxjrabks_positive;KvasirCVC__cvc_444_positive,KvasirCVC__kvasir_cju87vqa0ndwg0850onjdz7ol_negative,KvasirCVC__kvasir_cju2zp89k9q1g0855k1x0f1xa_boundary
PolypGen__C4_9_endocv2021_positive_324,0.5680924654006958,0.6037780046463013,0.03568553924560547,KvasirCVC__kvasir_cju3u39fog1bo0871lxjrabks_positive;KvasirCVC__cvc_444_positive,KvasirCVC__kvasir_cju87vqa0ndwg0850onjdz7ol_negative,KvasirCVC__kvasir_cju2zp89k9q1g0855k1x0f1xa_boundary
PolypGen__C3_C3_EndoCV2021_00375,0.5702479481697083,0.5661914348602295,-0.00405651330947876,KvasirCVC__kvasir_cju3u39fog1bo0871lxjrabks_positive;KvasirCVC__cvc_444_positive,KvasirCVC__cvc_210_negative,KvasirCVC__kvasir_cju2zp89k9q1g0855k1x0f1xa_boundary
PolypGen__C3_C3_EndoCV2021_00391,0.573122501373291,0.6056644916534424,0.03254199028015137,KvasirCVC__kvasir_cju3u39fog1bo0871lxjrabks_positive;KvasirCVC__cvc_444_positive,KvasirCVC__kvasir_cju87vqa0ndwg0850onjdz7ol_negative,KvasirCVC__kvasir_cju2zp89k9q1g0855k1x0f1xa_boundary
PolypGen__C1_176OLCV1_100H0255,0.5736151337623596,0.578380286693573,0.004765152931213379,KvasirCVC__kvasir_cju3u39fog1bo0871lxjrabks_positive;KvasirCVC__cvc_444_positive,KvasirCVC__kvasir_cju87vqa0ndwg0850onjdz7ol_negative,KvasirCVC__kvasir_cju2zp89k9q1g0855k1x0f1xa_boundary
PolypGen__C3_C3_EndoCV2021_0095,0.5764326453208923,0.9489234089851379,0.3724907636642456,KvasirCVC__kvasir_cju3u39fog1bo0871lxjrabks_positive;KvasirCVC__cvc_444_positive,KvasirCVC__cvc_210_negative,KvasirCVC__kvasir_cju2zp89k9q1g0855k1x0f1xa_boundary
PolypGen__C5_EndoCV2021_C5_50000360,0.5802249908447266,0.5802249908447266,0.0,KvasirCVC__kvasir_cju3u39fog1bo0871lxjrabks_positive;KvasirCVC__cvc_444_positive,KvasirCVC__kvasir_cju87vqa0ndwg0850onjdz7ol_negative,KvasirCVC__kvasir_cju2zp89k9q1g0855k1x0f1xa_boundary
PolypGen__C4_5_endocv2021_positive_868,0.5813339352607727,0.2362700253725052,-0.3450639098882675,KvasirCVC__kvasir_cju3u39fog1bo0871lxjrabks_positive;KvasirCVC__cvc_444_positive,KvasirCVC__kvasir_cju87vqa0ndwg0850onjdz7ol_negative,KvasirCVC__kvasir_cju2zp89k9q1g0855k1x0f1xa_boundary
PolypGen__C6_EndoCV2021_C6_0100007,0.5825023651123047,0.8339998126029968,0.25149744749069214,KvasirCVC__kvasir_cju3u39fog1bo0871lxjrabks_positive;KvasirCVC__cvc_444_positive,KvasirCVC__kvasir_cju87vqa0ndwg0850onjdz7ol_negative,KvasirCVC__kvasir_cju2zp89k9q1g0855k1x0f1xa_boundary
PolypGen__C1_667OLCV1_100H0024,0.5858754515647888,0.6791187524795532,0.0932433009147644,KvasirCVC__kvasir_cju3u39fog1bo0871lxjrabks_positive;KvasirCVC__cvc_444_positive,KvasirCVC__kvasir_cju87vqa0ndwg0850onjdz7ol_negative,KvasirCVC__kvasir_cju2zp89k9q1g0855k1x0f1xa_boundary
PolypGen__C2_EndoCV2021_001348,0.5867435336112976,0.585072934627533,-0.0016705989837646484,KvasirCVC__kvasir_cju3u39fog1bo0871lxjrabks_positive;KvasirCVC__cvc_444_positive,KvasirCVC__kvasir_cju87vqa0ndwg0850onjdz7ol_negative,KvasirCVC__kvasir_cju2zp89k9q1g0855k1x0f1xa_boundary
PolypGen__C5_EndoCV2021_C5_50000323,0.5882353186607361,0.6502463221549988,0.062011003494262695,KvasirCVC__kvasir_cju3u39fog1bo0871lxjrabks_positive;KvasirCVC__cvc_444_positive,KvasirCVC__kvasir_cju87vqa0ndwg0850onjdz7ol_negative,KvasirCVC__kvasir_cju2zp89k9q1g0855k1x0f1xa_boundary
PolypGen__C1_177OLCV1_100H0038,0.5901547074317932,0.5882353186607361,-0.001919388771057129,KvasirCVC__kvasir_cju33w4sdcivk0855x879zht7_positive;KvasirCVC__kvasir_cju3u39fog1bo0871lxjrabks_positive,KvasirCVC__kvasir_cju87vqa0ndwg0850onjdz7ol_negative,KvasirCVC__kvasir_cju2zp89k9q1g0855k1x0f1xa_boundary
PolypGen__C2_EndoCV2021_001324,0.590778112411499,0.782330334186554,0.19155222177505493,KvasirCVC__kvasir_cju3u39fog1bo0871lxjrabks_positive;KvasirCVC__kvasir_cju33w4sdcivk0855x879zht7_positive,KvasirCVC__kvasir_cju87vqa0ndwg0850onjdz7ol_negative,KvasirCVC__kvasir_cju2zp89k9q1g0855k1x0f1xa_boundary
PolypGen__C1_204OLCV1_100H0006,0.5914332866668701,0.640251100063324,0.04881781339645386,KvasirCVC__kvasir_cju3u39fog1bo0871lxjrabks_positive;KvasirCVC__cvc_444_positive,KvasirCVC__kvasir_cju87vqa0ndwg0850onjdz7ol_negative,KvasirCVC__kvasir_cju2zp89k9q1g0855k1x0f1xa_boundary
PolypGen__C4_9_endocv2021_positive_457,0.5918955206871033,0.6936976313591003,0.10180211067199707,KvasirCVC__kvasir_cju3u39fog1bo0871lxjrabks_positive;KvasirCVC__cvc_444_positive,KvasirCVC__kvasir_cju87vqa0ndwg0850onjdz7ol_negative,KvasirCVC__kvasir_cju2zp89k9q1g0855k1x0f1xa_boundary
PolypGen__C5_EndoCV2021_C5_50000251,0.5948538780212402,0.5690653324127197,-0.025788545608520508,KvasirCVC__kvasir_cju3u39fog1bo0871lxjrabks_positive;KvasirCVC__cvc_444_positive,KvasirCVC__kvasir_cju87vqa0ndwg0850onjdz7ol_negative,KvasirCVC__kvasir_cju2zp89k9q1g0855k1x0f1xa_boundary
PolypGen__C5_EndoCV2021_C5_50000153,0.5951923131942749,0.5951923131942749,0.0,KvasirCVC__kvasir_cju3u39fog1bo0871lxjrabks_positive;KvasirCVC__cvc_444_positive,KvasirCVC__kvasir_cju87vqa0ndwg0850onjdz7ol_negative,KvasirCVC__kvasir_cju2zp89k9q1g0855k1x0f1xa_boundary
PolypGen__C1_742OLCV1_100H0008,0.5974955558776855,0.5863874554634094,-0.011108100414276123,KvasirCVC__kvasir_cju3u39fog1bo0871lxjrabks_positive;KvasirCVC__cvc_444_positive,KvasirCVC__cvc_210_negative,KvasirCVC__kvasir_cju2zp89k9q1g0855k1x0f1xa_boundary
PolypGen__C2_EndoCV2021_001344,0.599590539932251,0.6261637806892395,0.026573240756988525,KvasirCVC__kvasir_cju3u39fog1bo0871lxjrabks_positive;KvasirCVC__cvc_444_positive,KvasirCVC__kvasir_cju87vqa0ndwg0850onjdz7ol_negative,KvasirCVC__kvasir_cju2zp89k9q1g0855k1x0f1xa_boundary
PolypGen__C6_EndoCV2021_C6_0100075,0.5999289751052856,0.8980020880699158,0.2980731129646301,KvasirCVC__kvasir_cju3u39fog1bo0871lxjrabks_positive;KvasirCVC__cvc_54_positive,KvasirCVC__cvc_210_negative,KvasirCVC__cvc_54_boundary
PolypGen__C3_C3_EndoCV2021_00351,0.601844847202301,0.9311873316764832,0.32934248447418213,KvasirCVC__kvasir_cju3u39fog1bo0871lxjrabks_positive;KvasirCVC__cvc_444_positive,KvasirCVC__kvasir_cju87vqa0ndwg0850onjdz7ol_negative,KvasirCVC__kvasir_cju2zp89k9q1g0855k1x0f1xa_boundary
PolypGen__C4_28_endocv2021_positive_1342,0.6045700907707214,0.6045700907707214,0.0,KvasirCVC__kvasir_cju3u39fog1bo0871lxjrabks_positive;KvasirCVC__cvc_444_positive,KvasirCVC__kvasir_cju87vqa0ndwg0850onjdz7ol_negative,KvasirCVC__kvasir_cju2zp89k9q1g0855k1x0f1xa_boundary
PolypGen__C3_C3_EndoCV2021_00152,0.6057778596878052,0.6038938164710999,-0.0018840432167053223,KvasirCVC__kvasir_cju3u39fog1bo0871lxjrabks_positive;KvasirCVC__cvc_444_positive,KvasirCVC__kvasir_cju87vqa0ndwg0850onjdz7ol_negative,KvasirCVC__kvasir_cju2zp89k9q1g0855k1x0f1xa_boundary
PolypGen__C3_C3_EndoCV2021_00283,0.6090559959411621,0.7968136668205261,0.187757670879364,KvasirCVC__kvasir_cju3u39fog1bo0871lxjrabks_positive;KvasirCVC__cvc_444_positive,KvasirCVC__kvasir_cju87vqa0ndwg0850onjdz7ol_negative,KvasirCVC__kvasir_cju2zp89k9q1g0855k1x0f1xa_boundary
PolypGen__C3_C3_EndoCV2021_00455,0.6092124581336975,0.625,0.01578754186630249,KvasirCVC__kvasir_cju3u39fog1bo0871lxjrabks_positive;KvasirCVC__kvasir_cju33w4sdcivk0855x879zht7_positive,KvasirCVC__kvasir_cju87vqa0ndwg0850onjdz7ol_negative,KvasirCVC__kvasir_cju2zp89k9q1g0855k1x0f1xa_boundary
PolypGen__C1_148OLCV1_100H0004,0.6112326979637146,0.807930588722229,0.1966978907585144,KvasirCVC__kvasir_cju3u39fog1bo0871lxjrabks_positive;KvasirCVC__cvc_444_positive,KvasirCVC__kvasir_cju87vqa0ndwg0850onjdz7ol_negative,KvasirCVC__kvasir_cju2zp89k9q1g0855k1x0f1xa_boundary
PolypGen__C5_EndoCV2021_C5_50000240,0.6130613088607788,0.9200304746627808,0.30696916580200195,KvasirCVC__kvasir_cju3u39fog1bo0871lxjrabks_positive;KvasirCVC__cvc_444_positive,KvasirCVC__kvasir_cju87vqa0ndwg0850onjdz7ol_negative,KvasirCVC__kvasir_cju2zp89k9q1g0855k1x0f1xa_boundary
PolypGen__C1_419OLCV1_100H0020,0.6142286062240601,0.9122219681739807,0.29799336194992065,KvasirCVC__kvasir_cju3u39fog1bo0871lxjrabks_positive;KvasirCVC__cvc_444_positive,KvasirCVC__kvasir_cju87vqa0ndwg0850onjdz7ol_negative,KvasirCVC__kvasir_cju2zp89k9q1g0855k1x0f1xa_boundary
PolypGen__C5_EndoCV2021_C5_50000196,0.6142681241035461,0.6142681241035461,0.0,KvasirCVC__kvasir_cju3u39fog1bo0871lxjrabks_positive;KvasirCVC__cvc_444_positive,KvasirCVC__kvasir_cju87vqa0ndwg0850onjdz7ol_negative,KvasirCVC__kvasir_cju2zp89k9q1g0855k1x0f1xa_boundary
PolypGen__C3_C3_EndoCV2021_00434,0.6146095991134644,0.7772925496101379,0.16268295049667358,KvasirCVC__kvasir_cju3u39fog1bo0871lxjrabks_positive;KvasirCVC__cvc_444_positive,KvasirCVC__kvasir_cju87vqa0ndwg0850onjdz7ol_negative,KvasirCVC__kvasir_cju2zp89k9q1g0855k1x0f1xa_boundary
PolypGen__C3_C3_EndoCV2021_00491,0.6164079904556274,0.746674656867981,0.13026666641235352,KvasirCVC__kvasir_cju3u39fog1bo0871lxjrabks_positive;KvasirCVC__kvasir_cju33w4sdcivk0855x879zht7_positive,KvasirCVC__kvasir_cju87vqa0ndwg0850onjdz7ol_negative,KvasirCVC__cvc_96_boundary
PolypGen__C3_C3_EndoCV2021_0032,0.616497814655304,0.6356513500213623,0.01915353536605835,KvasirCVC__kvasir_cju3u39fog1bo0871lxjrabks_positive;KvasirCVC__cvc_444_positive,KvasirCVC__kvasir_cju87vqa0ndwg0850onjdz7ol_negative,KvasirCVC__kvasir_cju2zp89k9q1g0855k1x0f1xa_boundary
PolypGen__C3_C3_EndoCV2021_00367,0.6214689016342163,0.6260387897491455,0.004569888114929199,KvasirCVC__kvasir_cju3u39fog1bo0871lxjrabks_positive;KvasirCVC__cvc_444_positive,KvasirCVC__cvc_210_negative,KvasirCVC__kvasir_cju2zp89k9q1g0855k1x0f1xa_boundary
PolypGen__C5_EndoCV2021_C5_50000072,0.6225751638412476,0.7415143847465515,0.11893922090530396,KvasirCVC__kvasir_cju3u39fog1bo0871lxjrabks_positive;KvasirCVC__cvc_444_positive,KvasirCVC__kvasir_cju87vqa0ndwg0850onjdz7ol_negative,KvasirCVC__kvasir_cju2zp89k9q1g0855k1x0f1xa_boundary
PolypGen__C1_199OLCV1_100H0010,0.6254225373268127,0.9762014746665955,0.3507789373397827,KvasirCVC__kvasir_cju3u39fog1bo0871lxjrabks_positive;KvasirCVC__cvc_444_positive,KvasirCVC__kvasir_cju87vqa0ndwg0850onjdz7ol_negative,KvasirCVC__kvasir_cju2zp89k9q1g0855k1x0f1xa_boundary
PolypGen__C1_554OLCV1_100H0002,0.6264216899871826,0.6629732251167297,0.03655153512954712,KvasirCVC__kvasir_cju3u39fog1bo0871lxjrabks_positive;KvasirCVC__cvc_444_positive,KvasirCVC__cvc_210_negative,KvasirCVC__kvasir_cju2zp89k9q1g0855k1x0f1xa_boundary
PolypGen__C3_C3_EndoCV2021_00448,0.6290578246116638,0.6290578246116638,0.0,KvasirCVC__kvasir_cju3u39fog1bo0871lxjrabks_positive;KvasirCVC__cvc_54_positive,KvasirCVC__cvc_210_negative,KvasirCVC__cvc_54_boundary
PolypGen__C3_C3_EndoCV2021_00142,0.6331444978713989,0.6331444978713989,0.0,KvasirCVC__kvasir_cju3u39fog1bo0871lxjrabks_positive;KvasirCVC__cvc_54_positive,KvasirCVC__cvc_210_negative,KvasirCVC__kvasir_cju2zp89k9q1g0855k1x0f1xa_boundary
PolypGen__C4_11_endocv2021_positive_843,0.6340029239654541,0.6176690459251404,-0.01633387804031372,KvasirCVC__kvasir_cju3u39fog1bo0871lxjrabks_positive;KvasirCVC__cvc_444_positive,KvasirCVC__kvasir_cju87vqa0ndwg0850onjdz7ol_negative,KvasirCVC__kvasir_cju2zp89k9q1g0855k1x0f1xa_boundary
PolypGen__C5_EndoCV2021_C5_50000378,0.634482741355896,0.634482741355896,0.0,KvasirCVC__kvasir_cju3u39fog1bo0871lxjrabks_positive;KvasirCVC__cvc_444_positive,KvasirCVC__kvasir_cju87vqa0ndwg0850onjdz7ol_negative,KvasirCVC__kvasir_cju2zp89k9q1g0855k1x0f1xa_boundary
PolypGen__C2_EndoCV2021_001023,0.6357790231704712,0.7275434136390686,0.09176439046859741,KvasirCVC__kvasir_cju3u39fog1bo0871lxjrabks_positive;KvasirCVC__cvc_444_positive,KvasirCVC__kvasir_cju87vqa0ndwg0850onjdz7ol_negative,KvasirCVC__kvasir_cju2zp89k9q1g0855k1x0f1xa_boundary
PolypGen__C1_425OLCV1_100H0016,0.6363374590873718,0.9359079599380493,0.2995705008506775,KvasirCVC__kvasir_cju3u39fog1bo0871lxjrabks_positive;KvasirCVC__cvc_54_positive,KvasirCVC__cvc_210_negative,KvasirCVC__kvasir_cju2zp89k9q1g0855k1x0f1xa_boundary
PolypGen__C2_EndoCV2021_001123,0.6371016502380371,0.8696473836898804,0.23254573345184326,KvasirCVC__kvasir_cju3u39fog1bo0871lxjrabks_positive;KvasirCVC__cvc_444_positive,KvasirCVC__kvasir_cju87vqa0ndwg0850onjdz7ol_negative,KvasirCVC__kvasir_cju2zp89k9q1g0855k1x0f1xa_boundary
PolypGen__C5_EndoCV2021_C5_50000124,0.6371364593505859,0.6372591257095337,0.0001226663589477539,KvasirCVC__kvasir_cju3u39fog1bo0871lxjrabks_positive;KvasirCVC__cvc_54_positive,KvasirCVC__kvasir_cju87vqa0ndwg0850onjdz7ol_negative,KvasirCVC__kvasir_cju2zp89k9q1g0855k1x0f1xa_boundary
PolypGen__C3_C3_EndoCV2021_00180,0.6394557952880859,0.7931873202323914,0.15373152494430542,KvasirCVC__kvasir_cju3u39fog1bo0871lxjrabks_positive;KvasirCVC__cvc_54_positive,KvasirCVC__cvc_210_negative,KvasirCVC__kvasir_cju2zp89k9q1g0855k1x0f1xa_boundary
PolypGen__C2_EndoCV2021_001274,0.6431107521057129,0.8498886227607727,0.20677787065505981,KvasirCVC__kvasir_cju3u39fog1bo0871lxjrabks_positive;KvasirCVC__kvasir_cju33w4sdcivk0855x879zht7_positive,KvasirCVC__kvasir_cju87vqa0ndwg0850onjdz7ol_negative,KvasirCVC__kvasir_cju2zp89k9q1g0855k1x0f1xa_boundary
PolypGen__C5_EndoCV2021_C5_50000322,0.6438356041908264,0.6438356041908264,0.0,KvasirCVC__kvasir_cju3u39fog1bo0871lxjrabks_positive;KvasirCVC__cvc_444_positive,KvasirCVC__kvasir_cju87vqa0ndwg0850onjdz7ol_negative,KvasirCVC__kvasir_cju2zp89k9q1g0855k1x0f1xa_boundary
PolypGen__C3_C3_EndoCV2021_00258,0.6452905535697937,0.9543496966362,0.30905914306640625,KvasirCVC__kvasir_cju3u39fog1bo0871lxjrabks_positive;KvasirCVC__cvc_444_positive,KvasirCVC__kvasir_cju87vqa0ndwg0850onjdz7ol_negative,KvasirCVC__kvasir_cju2zp89k9q1g0855k1x0f1xa_boundary
PolypGen__C5_EndoCV2021_C5_50000206,0.6488038301467896,0.8534067273139954,0.2046028971672058,KvasirCVC__kvasir_cju3u39fog1bo0871lxjrabks_positive;KvasirCVC__cvc_444_positive,KvasirCVC__kvasir_cju87vqa0ndwg0850onjdz7ol_negative,KvasirCVC__kvasir_cju2zp89k9q1g0855k1x0f1xa_boundary
PolypGen__C3_C3_EndoCV2021_00486,0.6492255926132202,0.8755043148994446,0.22627872228622437,KvasirCVC__kvasir_cju3u39fog1bo0871lxjrabks_positive;KvasirCVC__cvc_444_positive,KvasirCVC__kvasir_cju87vqa0ndwg0850onjdz7ol_negative,KvasirCVC__kvasir_cju2zp89k9q1g0855k1x0f1xa_boundary
PolypGen__C3_C3_EndoCV2021_00369,0.6618531942367554,0.6618531942367554,0.0,KvasirCVC__kvasir_cju3u39fog1bo0871lxjrabks_positive;KvasirCVC__cvc_444_positive,KvasirCVC__kvasir_cju87vqa0ndwg0850onjdz7ol_negative,KvasirCVC__kvasir_cju2zp89k9q1g0855k1x0f1xa_boundary
PolypGen__C1_176OLCV1_100H0912,0.6620747447013855,0.694557249546051,0.03248250484466553,KvasirCVC__kvasir_cju3u39fog1bo0871lxjrabks_positive;KvasirCVC__cvc_444_positive,KvasirCVC__kvasir_cju87vqa0ndwg0850onjdz7ol_negative,KvasirCVC__kvasir_cju2zp89k9q1g0855k1x0f1xa_boundary
PolypGen__C4_20_endocv2021_positive_69,0.6687625646591187,0.6152921319007874,-0.0534704327583313,KvasirCVC__kvasir_cju3u39fog1bo0871lxjrabks_positive;KvasirCVC__cvc_444_positive,KvasirCVC__kvasir_cju87vqa0ndwg0850onjdz7ol_negative,KvasirCVC__kvasir_cju2zp89k9q1g0855k1x0f1xa_boundary
PolypGen__C1_925OLCV1_100H0014,0.6713594198226929,0.7372013926506042,0.06584197282791138,KvasirCVC__kvasir_cju3u39fog1bo0871lxjrabks_positive;KvasirCVC__cvc_444_positive,KvasirCVC__kvasir_cju87vqa0ndwg0850onjdz7ol_negative,KvasirCVC__kvasir_cju2zp89k9q1g0855k1x0f1xa_boundary
PolypGen__C6_EndoCV2021_C6_0100109,0.6727441549301147,0.7337935566902161,0.06104940176010132,KvasirCVC__kvasir_cju3u39fog1bo0871lxjrabks_positive;KvasirCVC__cvc_444_positive,KvasirCVC__kvasir_cju87vqa0ndwg0850onjdz7ol_negative,KvasirCVC__kvasir_cju2zp89k9q1g0855k1x0f1xa_boundary
PolypGen__C3_C3_EndoCV2021_00403,0.6743119359016418,0.6743119359016418,0.0,KvasirCVC__kvasir_cju3u39fog1bo0871lxjrabks_positive;KvasirCVC__cvc_444_positive,KvasirCVC__kvasir_cju87vqa0ndwg0850onjdz7ol_negative,KvasirCVC__kvasir_cju2zp89k9q1g0855k1x0f1xa_boundary
PolypGen__C2_EndoCV2021_001071,0.6749870181083679,0.6425852179527283,-0.03240180015563965,KvasirCVC__kvasir_cju3u39fog1bo0871lxjrabks_positive;KvasirCVC__cvc_444_positive,KvasirCVC__kvasir_cju87vqa0ndwg0850onjdz7ol_negative,KvasirCVC__kvasir_cju2zp89k9q1g0855k1x0f1xa_boundary
PolypGen__C5_EndoCV2021_C5_50000194,0.6754883527755737,0.6468305587768555,-0.02865779399871826,KvasirCVC__kvasir_cju3u39fog1bo0871lxjrabks_positive;KvasirCVC__cvc_444_positive,KvasirCVC__kvasir_cju87vqa0ndwg0850onjdz7ol_negative,KvasirCVC__kvasir_cju2zp89k9q1g0855k1x0f1xa_boundary
PolypGen__C1_187OLCV1_100H0079,0.6766819357872009,0.7379454970359802,0.0612635612487793,KvasirCVC__kvasir_cju3u39fog1bo0871lxjrabks_positive;KvasirCVC__cvc_444_positive,KvasirCVC__kvasir_cju87vqa0ndwg0850onjdz7ol_negative,KvasirCVC__kvasir_cju2zp89k9q1g0855k1x0f1xa_boundary
PolypGen__C3_C3_EndoCV2021_0064,0.6827477812767029,0.6827477812767029,0.0,KvasirCVC__kvasir_cju3u39fog1bo0871lxjrabks_positive;KvasirCVC__cvc_444_positive,KvasirCVC__kvasir_cju87vqa0ndwg0850onjdz7ol_negative,KvasirCVC__kvasir_cju2zp89k9q1g0855k1x0f1xa_boundary
PolypGen__C3_C3_EndoCV2021_00370,0.6859791278839111,0.855949878692627,0.16997075080871582,KvasirCVC__kvasir_cju3u39fog1bo0871lxjrabks_positive;KvasirCVC__cvc_444_positive,KvasirCVC__kvasir_cju87vqa0ndwg0850onjdz7ol_negative,KvasirCVC__kvasir_cju2zp89k9q1g0855k1x0f1xa_boundary
PolypGen__C4_19_endocv2021_positive_1222,0.686832070350647,0.6911633014678955,0.004331231117248535,KvasirCVC__kvasir_cju3u39fog1bo0871lxjrabks_positive;KvasirCVC__cvc_444_positive,KvasirCVC__kvasir_cju87vqa0ndwg0850onjdz7ol_negative,KvasirCVC__kvasir_cju2zp89k9q1g0855k1x0f1xa_boundary
PolypGen__C2_EndoCV2021_001331,0.6890663504600525,0.8059412240982056,0.11687487363815308,KvasirCVC__kvasir_cju3u39fog1bo0871lxjrabks_positive;KvasirCVC__cvc_54_positive,KvasirCVC__kvasir_cju87vqa0ndwg0850onjdz7ol_negative,KvasirCVC__cvc_54_boundary
PolypGen__C3_C3_EndoCV2021_00299,0.6891798973083496,0.7035278081893921,0.01434791088104248,KvasirCVC__kvasir_cju3u39fog1bo0871lxjrabks_positive;KvasirCVC__cvc_444_positive,KvasirCVC__kvasir_cju87vqa0ndwg0850onjdz7ol_negative,KvasirCVC__kvasir_cju2zp89k9q1g0855k1x0f1xa_boundary
PolypGen__C3_C3_EndoCV2021_00155,0.6909581422805786,0.8410017490386963,0.15004360675811768,KvasirCVC__kvasir_cju3u39fog1bo0871lxjrabks_positive;KvasirCVC__cvc_444_positive,KvasirCVC__kvasir_cju87vqa0ndwg0850onjdz7ol_negative,KvasirCVC__kvasir_cju2zp89k9q1g0855k1x0f1xa_boundary
PolypGen__C2_EndoCV2021_001097,0.6927480697631836,0.6927480697631836,0.0,KvasirCVC__kvasir_cju3u39fog1bo0871lxjrabks_positive;KvasirCVC__cvc_444_positive,KvasirCVC__kvasir_cju87vqa0ndwg0850onjdz7ol_negative,KvasirCVC__kvasir_cju2zp89k9q1g0855k1x0f1xa_boundary
PolypGen__C1_419OLCV1_100H0026,0.69465172290802,0.8361513018608093,0.1414995789527893,KvasirCVC__kvasir_cju3u39fog1bo0871lxjrabks_positive;KvasirCVC__cvc_444_positive,KvasirCVC__kvasir_cju87vqa0ndwg0850onjdz7ol_negative,KvasirCVC__kvasir_cju2zp89k9q1g0855k1x0f1xa_boundary
PolypGen__C3_C3_EndoCV2021_00215,0.6973788738250732,0.7090768218040466,0.011697947978973389,KvasirCVC__kvasir_cju3u39fog1bo0871lxjrabks_positive;KvasirCVC__cvc_444_positive,KvasirCVC__kvasir_cju87vqa0ndwg0850onjdz7ol_negative,KvasirCVC__kvasir_cju2zp89k9q1g0855k1x0f1xa_boundary
PolypGen__C3_C3_EndoCV2021_00363,0.6977016925811768,0.8253794312477112,0.12767773866653442,KvasirCVC__kvasir_cju3u39fog1bo0871lxjrabks_positive;KvasirCVC__cvc_54_positive,KvasirCVC__kvasir_cju87vqa0ndwg0850onjdz7ol_negative,KvasirCVC__kvasir_cju2zp89k9q1g0855k1x0f1xa_boundary
PolypGen__C2_EndoCV2021_001282,0.6997244954109192,0.71575528383255,0.01603078842163086,KvasirCVC__kvasir_cju3u39fog1bo0871lxjrabks_positive;KvasirCVC__cvc_444_positive,KvasirCVC__kvasir_cju87vqa0ndwg0850onjdz7ol_negative,KvasirCVC__kvasir_cju2zp89k9q1g0855k1x0f1xa_boundary
