image_id,baseline_dice,result_dice,delta_dice,selected_positive,selected_negative,selected_boundary
PolypGen__C1_711OLCV1_100H0006,6.535093299842032e-11,6.230529425721443e-10,5.57702009573724e-10,KvasirCVC__kvasir_cju3u39fog1bo0871lxjrabks_positive;KvasirCVC__cvc_444_positive,KvasirCVC__kvasir_cju87vqa0ndwg0850onjdz7ol_negative,KvasirCVC__kvasir_cju2zp89k9q1g0855k1x0f1xa_boundary
PolypGen__C5_EndoCV2021_C5_50000005,6.610258868056107e-11,7.227522053065982e-11,6.172631850098753e-12,KvasirCVC__kvasir_cju3u39fog1bo0871lxjrabks_positive;KvasirCVC__cvc_444_positive,KvasirCVC__kvasir_cju87vqa0ndwg0850onjdz7ol_negative,KvasirCVC__kvasir_cju2zp89k9q1g0855k1x0f1xa_boundary
PolypGen__C4_35_endocv2021_negative_1058,6.646726224968091e-11,2.787068076326449e-10,2.1223954538296397e-10,KvasirCVC__kvasir_cju3u39fog1bo0871lxjrabks_positive;KvasirCVC__cvc_444_positive,KvasirCVC__kvasir_cju87vqa0ndwg0850onjdz7ol_negative,KvasirCVC__kvasir_cju2zp89k9q1g0855k1x0f1xa_boundary
PolypGen__C4_12_endocv2021_positive_148,6.673339658647137e-11,1.0779346859557393e-10,4.1060072009102555e-11,KvasirCVC__kvasir_cju3u39fog1bo0871lxjrabks_positive;KvasirCVC__cvc_444_positive,KvasirCVC__kvasir_cju87vqa0ndwg0850onjdz7ol_negative,KvasirCVC__kvasir_cju2zp89k9q1g0855k1x0f1xa_boundary
PolypGen__C2_EndoCV2021_001150,6.674230612624399e-11,8.90630555416827e-11,2.2320749415438712e-11,KvasirCVC__kvasir_cju3u39fog1bo0871lxjrabks_positive;KvasirCVC__kvasir_cju33w4sdcivk0855x879zht7_positive,KvasirCVC__kvasir_cju87vqa0ndwg0850onjdz7ol_negative,KvasirCVC__kvasir_cju2zp89k9q1g0855k1x0f1xa_boundary
PolypGen__C4_21_endocv2021_positive_1129,6.686726866655945e-11,2.5700333528000385e-10,1.901360666134444e-10,KvasirCVC__kvasir_cju3u39fog1bo0871lxjrabks_positive;KvasirCVC__cvc_444_positive,KvasirCVC__kvasir_cju87vqa0ndwg0850onjdz7ol_negative,KvasirCVC__kvasir_cju2zp89k9q1g0855k1x0f1xa_boundary
PolypGen__C4_14_endocv2021_positive_192,6.695233256692745e-11,8.869966566793508e-11,2.1747333101007627e-11,KvasirCVC__kvasir_cju3u39fog1bo0871lxjrabks_positive;KvasirCVC__cvc_444_positive,KvasirCVC__kvasir_cju87vqa0ndwg0850onjdz7ol_negative,KvasirCVC__kvasir_cju2zp89k9q1g0855k1x0f1xa_boundary
PolypGen__C4_14_endocv2021_positive_421,6.702412930215118e-11,9.916699406087304e-11,3.2142864758721856e-11,KvasirCVC__kvasir_cju3u39fog1bo0871lxjrabks_positive;KvasirCVC__cvc_444_positive,KvasirCVC__kvasir_cju87vqa0ndwg0850onjdz7ol_negative,KvasirCVC__kvasir_cju2zp89k9q1g0855k1x0f1xa_boundary
PolypGen__C4_21_endocv2021_positive_812,6.71095887194717e-11,5.910165690181657e-10,5.23906980298694e-10,KvasirCVC__kvasir_cju3u39fog1bo0871lxjrabks_positive;KvasirCVC__cvc_444_positive,KvasirCVC__kvasir_cju87vqa0ndwg0850onjdz7ol_negative,KvasirCVC__kvasir_cju2zp89k9q1g0855k1x0f1xa_boundary
PolypGen__C4_17_endocv2021_positive_1456,6.715014655434004e-11,6.786562284366582e-11,7.154762893257782e-13,KvasirCVC__kvasir_cju3u39fog1bo0871lxjrabks_positive;KvasirCVC__cvc_54_positive,KvasirCVC__kvasir_cju87vqa0ndwg0850onjdz7ol_negative,KvasirCVC__kvasir_cju2zp89k9q1g0855k1x0f1xa_boundary
PolypGen__C4_12_endocv2021_positive_38,6.717269795952774e-11,9.69838029329928e-11,2.9811104973465063e-11,KvasirCVC__kvasir_cju3u39fog1bo0871lxjrabks_positive;KvasirCVC__cvc_444_positive,KvasirCVC__kvasir_cju87vqa0ndwg0850onjdz7ol_negative,KvasirCVC__kvasir_cju2zp89k9q1g0855k1x0f1xa_boundary
PolypGen__C4_12_endocv2021_positive_289,6.735367125143554e-11,2.807411525473924e-10,2.1338748129595686e-10,KvasirCVC__kvasir_cju3u39fog1bo0871lxjrabks_positive;KvasirCVC__kvasir_cju3y9difj6th0801kd1rqm3w_positive,KvasirCVC__kvasir_cju87vqa0ndwg0850onjdz7ol_negative,KvasirCVC__kvasir_cju2zp89k9q1g0855k1x0f1xa_boundary
PolypGen__C4_26_endocv2021_positive_588,6.775986022278246e-11,4.608294856822681e-10,3.9306962545948565e-10,KvasirCVC__kvasir_cju3u39fog1bo0871lxjrabks_positive;KvasirCVC__cvc_444_positive,KvasirCVC__kvasir_cju87vqa0ndwg0850onjdz7ol_negative,KvasirCVC__kvasir_cju2zp89k9q1g0855k1x0f1xa_boundary
PolypGen__C4_18_endocv2021_positive_334,6.797634677369047e-11,3.39328121157223e-10,2.7135177438353253e-10,KvasirCVC__kvasir_cju3u39fog1bo0871lxjrabks_positive;KvasirCVC__cvc_444_positive,KvasirCVC__kvasir_cju87vqa0ndwg0850onjdz7ol_negative,KvasirCVC__kvasir_cju2zp89k9q1g0855k1x0f1xa_boundary
PolypGen__C1_100S0001,6.807815422504859e-11,1.4492753663830626e-09,1.381197212158014e-09,KvasirCVC__kvasir_cju3u39fog1bo0871lxjrabks_positive;KvasirCVC__cvc_444_positive,KvasirCVC__kvasir_cju87vqa0ndwg0850onjdz7ol_negative,KvasirCVC__kvasir_cju2zp89k9q1g0855k1x0f1xa_boundary
PolypGen__C5_EndoCV2021_C5_50000266,6.811524955185888e-11,1.0961306862178333e-10,4.1497819069924446e-11,KvasirCVC__kvasir_cju3u39fog1bo0871lxjrabks_positive;KvasirCVC__cvc_444_positive,KvasirCVC__kvasir_cju87vqa0ndwg0850onjdz7ol_negative,KvasirCVC__kvasir_cju2zp89k9q1g0855k1x0f1xa_boundary
PolypGen__C4_15_endocv2021_positive_1283,6.938662144850838e-11,1.6363933819096843e-10,9.425271674246005e-11,KvasirCVC__kvasir_cju3u39fog1bo0871lxjrabks_positive;KvasirCVC__cvc_54_positive,KvasirCVC__kvasir_cju87vqa0ndwg0850onjdz7ol_negative,KvasirCVC__cvc_154_boundary
PolypGen__C4_17_endocv2021_positive_457,7.009182123596247e-11,5.773672095976679e-10,5.072753883617054e-10,KvasirCVC__kvasir_cju3u39fog1bo0871lxjrabks_positive;KvasirCVC__cvc_444_positive,KvasirCVC__kvasir_cju87vqa0ndwg0850onjdz7ol_negative,KvasirCVC__kvasir_cju2zp89k9q1g0855k1x0f1xa_boundary
PolypGen__C4_30_endocv2021_positive_614,7.023458203914146e-11,1.333333354835986e-08,1.3263098966320719e-08,KvasirCVC__kvasir_cju3u39fog1bo0871lxjrabks_positive;KvasirCVC__cvc_444_positive,KvasirCVC__kvasir_cju87vqa0ndwg0850onjdz7ol_negative,KvasirCVC__kvasir_cju2zp89k9q1g0855k1x0f1xa_boundary
PolypGen__C4_16_endocv2021_positive_269,7.079645897301035e-11,7.136230495419227e-11,5.658459811819228e-13,KvasirCVC__kvasir_cju3u39fog1bo0871lxjrabks_positive;KvasirCVC__cvc_444_positive,KvasirCVC__kvasir_cju87vqa0ndwg0850onjdz7ol_negative,KvasirCVC__kvasir_cju2zp89k9q1g0855k1x0f1xa_boundary
PolypGen__C2_EndoCV2021_001108,7.087674197547855e-11,2.1607605982243427e-10,1.4519931784695572e-10,KvasirCVC__kvasir_cju3u39fog1bo0871lxjrabks_positive;KvasirCVC__cvc_444_positive,KvasirCVC__kvasir_cju87vqa0ndwg0850onjdz7ol_negative,KvasirCVC__kvasir_cju2zp89k9q1g0855k1x0f1xa_boundary
PolypGen__C4_25_endocv2021_positive_29,7.115918271294319e-11,9.05223118685683e-11,1.9363129155625103e-11,KvasirCVC__kvasir_cju3u39fog1bo0871lxjrabks_positive;KvasirCVC__kvasir_cju33w4sdcivk0855x879zht7_positive,KvasirCVC__kvasir_cju87vqa0ndwg0850onjdz7ol_negative,KvasirCVC__kvasir_cju2zp89k9q1g0855k1x0f1xa_boundary
PolypGen__C4_14_endocv2021_positive_782,7.119464739968606e-11,9.065360961901803e-11,1.9458962219331966e-11,KvasirCVC__kvasir_cju3u39fog1bo0871lxjrabks_positive;KvasirCVC__cvc_444_positive,KvasirCVC__kvasir_cju87vqa0ndwg0850onjdz7ol_negative,KvasirCVC__kvasir_cju2zp89k9q1g0855k1x0f1xa_boundary
PolypGen__C4_30_endocv2021_positive_447,7.131650131553258e-11,1.6353229881360676e-10,9.221579749807418e-11,KvasirCVC__kvasir_cju3u39fog1bo0871lxjrabks_positive;KvasirCVC__kvasir_cju33w4sdcivk0855x879zht7_positive,KvasirCVC__kvasir_cju87vqa0ndwg0850onjdz7ol_negative,KvasirCVC__kvasir_cju2zp89k9q1g0855k1x0f1xa_boundary
PolypGen__C4_23_endocv2021_positive_768,7.165890103522088e-11,7.045230371316435e-11,-1.206597322056524e-12,KvasirCVC__kvasir_cju3u39fog1bo0871lxjrabks_positive;KvasirCVC__cvc_444_positive,KvasirCVC__kvasir_cju87vqa0ndwg0850onjdz7ol_negative,KvasirCVC__kvasir_cju2zp89k9q1g0855k1x0f1xa_boundary
PolypGen__C4_20_endocv2021_positive_434,7.167944710007035e-11,1.870907317957915e-10,1.1541128469572115e-10,KvasirCVC__kvasir_cju3u39fog1bo0871lxjrabks_positive;KvasirCVC__cvc_444_positive,KvasirCVC__kvasir_cju87vqa0ndwg0850onjdz7ol_negative,KvasirCVC__kvasir_cju2zp89k9q1g0855k1x0f1xa_boundary
PolypGen__C4_20_endocv2021_positive_270,7.189589201761493e-11,8.246062166428203e-11,1.0564729646667104e-11,KvasirCVC__kvasir_cju3u39fog1bo0871lxjrabks_positive;KvasirCVC__cvc_444_positive,KvasirCVC__kvasir_cju87vqa0ndwg0850onjdz7ol_negative,KvasirCVC__kvasir_cju2zp89k9q1g0855k1x0f1xa_boundary
PolypGen__C4_5_endocv2021_positive_1114,7.207207053383513e-11,2.1101498326459023e-10,1.389429127307551e-10,KvasirCVC__kvasir_cju3u39fog1bo0871lxjrabks_positive;KvasirCVC__cvc_444_positive,KvasirCVC__kvasir_cju87vqa0ndwg0850onjdz7ol_negative,KvasirCVC__kvasir_cju2zp89k9q1g0855k1x0f1xa_boundary
PolypGen__C2_EndoCV2021_001256,7.269555096778291e-11,1.731901566603966e-10,1.004946056926137e-10,KvasirCVC__kvasir_cju3u39fog1bo0871lxjrabks_positive;KvasirCVC__cvc_444_positive,KvasirCVC__kvasir_cju87vqa0ndwg0850onjdz7ol_negative,KvasirCVC__kvasir_cju2zp89k9q1g0855k1x0f1xa_boundary
PolypGen__C4_31_endocv2021_positive_329 2,7.316359323938926e-11,1.0087763263610938e-10,2.7714039396720125e-11,KvasirCVC__kvasir_cju3u39fog1bo0871lxjrabks_positive;KvasirCVC__cvc_444_positive,KvasirCVC__kvasir_cju87vqa0ndwg0850onjdz7ol_negative,KvasirCVC__kvasir_cju2zp89k9q1g0855k1x0f1xa_boundary
PolypGen__C4_14_endocv2021_positive_1069,7.335142909736803e-11,1.0670080791141956e-10,3.3349378814051533e-11,KvasirCVC__kvasir_cju3u39fog1bo0871lxjrabks_positive;KvasirCVC__cvc_444_positive,KvasirCVC__kvasir_cju87vqa0ndwg0850onjdz7ol_negative,KvasirCVC__kvasir_cju2zp89k9q1g0855k1x0f1xa_boundary
PolypGen__C2_EndoCV2021_001252,7.339988339349901e-11,1.2373174707036583e-10,5.033186367686682e-11,KvasirCVC__kvasir_cju3u39fog1bo0871lxjrabks_positive;KvasirCVC__cvc_54_positive,KvasirCVC__kvasir_cju87vqa0ndwg0850onjdz7ol_negative,KvasirCVC__kvasir_cju2zp89k9q1g0855k1x0f1xa_boundary
PolypGen__C4_30_endocv2021_positive_480,7.364312631930048e-11,8.00320157368084e-11,6.388889417507926e-12,KvasirCVC__kvasir_cju3u39fog1bo0871lxjrabks_positive;KvasirCVC__cvc_444_positive,KvasirCVC__kvasir_cju87vqa0ndwg0850onjdz7ol_negative,KvasirCVC__kvasir_cju2zp89k9q1g0855k1x0f1xa_boundary
PolypGen__C4_22_endocv2021_positive_225,7.428868631365049e-11,1.8800526413453866e-10,1.1371657782088818e-10,KvasirCVC__kvasir_cju3u39fog1bo0871lxjrabks_positive;KvasirCVC__kvasir_cju33w4sdcivk0855x879zht7_positive,KvasirCVC__kvasir_cju87vqa0ndwg0850onjdz7ol_negative,KvasirCVC__kvasir_cju2zp89k9q1g0855k1x0f1xa_boundary
PolypGen__C4_23_endocv2021_positive_98,7.432733595269525e-11,2.4612356597231155e-10,1.717962300196163e-10,KvasirCVC__kvasir_cju3u39fog1bo0871lxjrabks_positive;KvasirCVC__kvasir_cju33w4sdcivk0855x879zht7_positive,KvasirCVC__kvasir_cju87vqa0ndwg0850onjdz7ol_negative,KvasirCVC__kvasir_cju2zp89k9q1g0855k1x0f1xa_boundary
PolypGen__C4_11_endocv2021_positive_146,7.524454670448932e-11,9.82704403962309e-11,2.3025893691741572e-11,KvasirCVC__kvasir_cju3u39fog1bo0871lxjrabks_positive;KvasirCVC__cvc_444_positive,KvasirCVC__kvasir_cju87vqa0ndwg0850onjdz7ol_negative,KvasirCVC__kvasir_cju2zp89k9q1g0855k1x0f1xa_boundary
PolypGen__C4_11_endocv2021_positive_61,7.530687878842812e-11,8.892050290532083e-11,1.3613624116892709e-11,KvasirCVC__kvasir_cju3u39fog1bo0871lxjrabks_positive;KvasirCVC__cvc_444_positive,KvasirCVC__kvasir_cju87vqa0ndwg0850onjdz7ol_negative,KvasirCVC__kvasir_cju2zp89k9q1g0855k1x0f1xa_boundary
PolypGen__C2_EndoCV2021_001253,7.600516743755392e-11,1.732201604376371e-10,9.721499300008318e-11,KvasirCVC__kvasir_cju3u39fog1bo0871lxjrabks_positive;KvasirCVC__cvc_444_positive,KvasirCVC__kvasir_cju87vqa0ndwg0850onjdz7ol_negative,KvasirCVC__kvasir_cju2zp89k9q1g0855k1x0f1xa_boundary
PolypGen__C4_31_endocv2021_positive_38,7.62660143371896e-11,1.179523423378015e-10,4.1686328000611894e-11,KvasirCVC__kvasir_cju3u39fog1bo0871lxjrabks_positive;KvasirCVC__cvc_444_positive,KvasirCVC__kvasir_cju87vqa0ndwg0850onjdz7ol_negative,KvasirCVC__kvasir_cju2zp89k9q1g0855k1x0f1xa_boundary
PolypGen__C1_883OLCV1_100H0014,7.735746765380469e-11,8.116882860287333e-11,3.811360949068643e-12,KvasirCVC__kvasir_cju3u39fog1bo0871lxjrabks_positive;KvasirCVC__cvc_444_positive,KvasirCVC__kvasir_cju87vqa0ndwg0850onjdz7ol_negative,KvasirCVC__kvasir_cju2zp89k9q1g0855k1x0f1xa_boundary
PolypGen__C4_14_endocv2021_positive_302,7.857311329351191e-11,1.1057054577490177e-10,3.1997432481389865e-11,KvasirCVC__kvasir_cju3u39fog1bo0871lxjrabks_positive;KvasirCVC__cvc_444_positive,KvasirCVC__kvasir_cju87vqa0ndwg0850onjdz7ol_negative,KvasirCVC__kvasir_cju2zp89k9q1g0855k1x0f1xa_boundary
PolypGen__C4_5_endocv2021_positive_1122,7.920164524222173e-11,1.74978129208192e-10,9.577648396597027e-11,KvasirCVC__kvasir_cju3u39fog1bo0871lxjrabks_positive;KvasirCVC__cvc_444_positive,KvasirCVC__kvasir_cju87vqa0ndwg0850onjdz7ol_negative,KvasirCVC__kvasir_cju2zp89k9q1g0855k1x0f1xa_boundary
PolypGen__C2_EndoCV2021_001365,8.219628450101268e-11,9.463423794597858e-11,1.2437953444965899e-11,KvasirCVC__cvc_54_positive;KvasirCVC__kvasir_cju3u39fog1bo0871lxjrabks_positive,KvasirCVC__cvc_210_negative,KvasirCVC__kvasir_cju0tl3uz8blh0993wxvn7ly3_boundary
PolypGen__C2_EndoCV2021_001431,8.244022825509845e-11,0.9604743123054504,0.9604743122230102,KvasirCVC__kvasir_cju3u39fog1bo0871lxjrabks_positive;KvasirCVC__cvc_54_positive,KvasirCVC__kvasir_cju87vqa0ndwg0850onjdz7ol_negative,KvasirCVC__kvasir_cju2zp89k9q1g0855k1x0f1xa_boundary
PolypGen__C4_19_endocv2021_positive_711,8.254911337823856e-11,2.0973153769254793e-10,1.2718242431430937e-10,KvasirCVC__kvasir_cju3u39fog1bo0871lxjrabks_positive;KvasirCVC__cvc_444_positive,KvasirCVC__kvasir_cju87vqa0ndwg0850onjdz7ol_negative,KvasirCVC__kvasir_cju2zp89k9q1g0855k1x0f1xa_boundary
PolypGen__C4_12_endocv2021_positive_25,8.273351448373489e-11,3.3534541810098517e-10,2.526119036172503e-10,KvasirCVC__kvasir_cju3u39fog1bo0871lxjrabks_positive;KvasirCVC__cvc_54_positive,KvasirCVC__kvasir_cju87vqa0ndwg0850onjdz7ol_negative,KvasirCVC__kvasir_cju2zp89k9q1g0855k1x0f1xa_boundary
PolypGen__C2_EndoCV2021_001241,8.319467337258857e-11,7.94218094068988e-11,-3.7728639656897656e-12,KvasirCVC__kvasir_cju3u39fog1bo0871lxjrabks_positive;KvasirCVC__cvc_444_positive,KvasirCVC__kvasir_cju87vqa0ndwg0850onjdz7ol_negative,KvasirCVC__kvasir_cju2zp89k9q1g0855k1x0f1xa_boundary
PolypGen__C4_20_endocv2021_positive_417,8.945343771271652e-11,2.310536068028668e-10,1.4160016909015027e-10,KvasirCVC__kvasir_cju3u39fog1bo0871lxjrabks_positive;KvasirCVC__kvasir_cju33w4sdcivk0855x879zht7_positive,KvasirCVC__kvasir_cju87vqa0ndwg0850onjdz7ol_negative,KvasirCVC__kvasir_cju2zp89k9q1g0855k1x0f1xa_boundary
PolypGen__C6_EndoCV2021_C6_0100005,9.285051200125238e-11,0.0026545908767729998,0.0026545907839224878,KvasirCVC__kvasir_cju3u39fog1bo0871lxjrabks_positive;KvasirCVC__cvc_444_positive,KvasirCVC__kvasir_cju87vqa0ndwg0850onjdz7ol_negative,KvasirCVC__kvasir_cju2zp89k9q1g0855k1x0f1xa_boundary
PolypGen__C4_16_endocv2021_positive_328,9.291953317891455e-11,8.492569147922069e-11,-7.99384169969386e-12,KvasirCVC__kvasir_cju3u39fog1bo0871lxjrabks_positive;KvasirCVC__cvc_54_positive,KvasirCVC__cvc_210_negative,KvasirCVC__kvasir_cju2zp89k9q1g0855k1x0f1xa_boundary
PolypGen__C4_20_endocv2021_positive_544,9.41176442337266e-11,9.071940421101488e-11,-3.3982400227117182e-12,KvasirCVC__kvasir_cju3u39fog1bo0871lxjrabks_positive;KvasirCVC__cvc_444_positive,KvasirCVC__kvasir_cju87vqa0ndwg0850onjdz7ol_negative,KvasirCVC__kvasir_cju2zp89k9q1g0855k1x0f1xa_boundary
PolypGen__C4_11_endocv2021_positive_1475,9.65623761506329e-11,1.217433653888378e-10,2.5180989238204887e-11,KvasirCVC__kvasir_cju3u39fog1bo0871lxjrabks_positive;KvasirCVC__cvc_444_positive,KvasirCVC__kvasir_cju87vqa0ndwg0850onjdz7ol_negative,KvasirCVC__kvasir_cju2zp89k9q1g0855k1x0f1xa_boundary
PolypGen__C2_EndoCV2021_001381,9.910802734047763e-11,0.9385863542556763,0.9385863541565682,KvasirCVC__kvasir_cju3u39fog1bo0871lxjrabks_positive;KvasirCVC__cvc_444_positive,KvasirCVC__kvasir_cju87vqa0ndwg0850onjdz7ol_negative,KvasirCVC__kvasir_cju2zp89k9q1g0855k1x0f1xa_boundary
PolypGen__C4_23_endocv2021_positive_254,9.9880145820741e-11,2.6123300744806954e-10,1.6135286162732854e-10,KvasirCVC__kvasir_cju3u39fog1bo0871lxjrabks_positive;KvasirCVC__cvc_444_positive,KvasirCVC__kvasir_cju87vqa0ndwg0850onjdz7ol_negative,KvasirCVC__kvasir_cju2zp89k9q1g0855k1x0f1xa_boundary
PolypGen__C4_14_endocv2021_positive_864,1.0161568808619847e-10,8.708525567335812e-11,-1.4530432412840355e-11,KvasirCVC__kvasir_cju3u39fog1bo0871lxjrabks_positive;KvasirCVC__cvc_444_positive,KvasirCVC__kvasir_cju87vqa0ndwg0850onjdz7ol_negative,KvasirCVC__kvasir_cju2zp89k9q1g0855k1x0f1xa_boundary
PolypGen__C4_19_endocv2021_positive_757,1.058873336234889e-10,1.0637166147908772e-10,4.843278555988206e-13,KvasirCVC__kvasir_cju3u39fog1bo0871lxjrabks_positive;KvasirCVC__cvc_444_positive,KvasirCVC__kvasir_cju87vqa0ndwg0850onjdz7ol_negative,KvasirCVC__kvasir_cju2zp89k9q1g0855k1x0f1xa_boundary
PolypGen__C4_17_endocv2021_positive_1499,1.0763104296707127e-10,1.193175003244562e-10,1.1686457357384938e-11,KvasirCVC__kvasir_cju3u39fog1bo0871lxjrabks_positive;KvasirCVC__cvc_444_positive,KvasirCVC__kvasir_cju87vqa0ndwg0850onjdz7ol_negative,KvasirCVC__kvasir_cju2zp89k9q1g0855k1x0f1xa_boundary
PolypGen__C5_EndoCV2021_C5_50000329,1.1054610005167831e-10,0.1430547833442688,0.1430547832337227,KvasirCVC__kvasir_cju3u39fog1bo0871lxjrabks_positive;KvasirCVC__cvc_444_positive,KvasirCVC__kvasir_cju87vqa0ndwg0850onjdz7ol_negative,KvasirCVC__kvasir_cju2zp89k9q1g0855k1x0f1xa_boundary
PolypGen__C4_27_endocv2021_positive_132,1.1446886494237418e-10,1.1586143155994932e-10,1.3925666175751417e-12,KvasirCVC__kvasir_cju3u39fog1bo0871lxjrabks_positive;KvasirCVC__cvc_444_positive,KvasirCVC__kvasir_cju87vqa0ndwg0850onjdz7ol_negative,KvasirCVC__kvasir_cju2zp89k9q1g0855k1x0f1xa_boundary
PolypGen__C4_24_endocv2021_positive_189,1.1563366930644747e-10,1.341921573860816e-10,1.8558488079634117e-11,KvasirCVC__kvasir_cju3u39fog1bo0871lxjrabks_positive;KvasirCVC__cvc_444_positive,KvasirCVC__kvasir_cju87vqa0ndwg0850onjdz7ol_negative,KvasirCVC__kvasir_cju2zp89k9q1g0855k1x0f1xa_boundary
PolypGen__C1_405OLCV1_100H0002,1.1582117209751885e-10,1.0179153353551129e-10,-1.4029638562007563e-11,KvasirCVC__kvasir_cju3u39fog1bo0871lxjrabks_positive;KvasirCVC__cvc_444_positive,KvasirCVC__kvasir_cju87vqa0ndwg0850onjdz7ol_negative,KvasirCVC__kvasir_cju2zp89k9q1g0855k1x0f1xa_boundary
PolypGen__C5_EndoCV2021_C5_50000126,1.2103607005542472e-10,1.1133377553207424e-10,-9.702294523350474e-12,KvasirCVC__kvasir_cju3u39fog1bo0871lxjrabks_positive;KvasirCVC__cvc_54_positive,KvasirCVC__kvasir_cju87vqa0ndwg0850onjdz7ol_negative,KvasirCVC__kvasir_cju2zp89k9q1g0855k1x0f1xa_boundary
PolypGen__C4_18_endocv2021_positive_341,1.2350252764914416e-10,1.0328444349783084e-10,-2.021808415131332e-11,KvasirCVC__kvasir_cju3u39fog1bo0871lxjrabks_positive;KvasirCVC__cvc_54_positive,KvasirCVC__kvasir_cju87vqa0ndwg0850onjdz7ol_negative,KvasirCVC__kvasir_cju2zp89k9q1g0855k1x0f1xa_boundary
PolypGen__C4_28_endocv2021_positive_201,1.2761612599998529e-10,7.66753535663689e-11,-5.094077243361639e-11,KvasirCVC__kvasir_cju3u39fog1bo0871lxjrabks_positive;KvasirCVC__cvc_444_positive,KvasirCVC__kvasir_cju87vqa0ndwg0850onjdz7ol_negative,KvasirCVC__kvasir_cju2zp89k9q1g0855k1x0f1xa_boundary
PolypGen__C1_564OLCV1_100H0002,1.2789359848941473e-10,1.4005602233524428e-10,1.2162423845829551e-11,KvasirCVC__kvasir_cju3u39fog1bo0871lxjrabks_positive;KvasirCVC__cvc_444_positive,KvasirCVC__kvasir_cju87vqa0ndwg0850onjdz7ol_negative,KvasirCVC__kvasir_cju2zp89k9q1g0855k1x0f1xa_boundary
PolypGen__C1_375OLCV1_100H0008,1.3413815891372138e-10,0.0011820332147181034,0.0011820330805799445,KvasirCVC__kvasir_cju3u39fog1bo0871lxjrabks_positive;KvasirCVC__cvc_444_positive,KvasirCVC__kvasir_cju87vqa0ndwg0850onjdz7ol_negative,KvasirCVC__kvasir_cju2zp89k9q1g0855k1x0f1xa_boundary
PolypGen__C2_EndoCV2021_001085,1.350438927349984e-10,0.0005328361294232309,0.0005328359943793382,KvasirCVC__kvasir_cju3u39fog1bo0871lxjrabks_positive;KvasirCVC__kvasir_cju33w4sdcivk0855x879zht7_positive,KvasirCVC__kvasir_cju87vqa0ndwg0850onjdz7ol_negative,KvasirCVC__kvasir_cju2zp89k9q1g0855k1x0f1xa_boundary
PolypGen__C1_510OLCV1_100H0010,1.3723068514881476e-10,1.2953367545254224e-10,-7.697009696272517e-12,KvasirCVC__kvasir_cju3u39fog1bo0871lxjrabks_positive;KvasirCVC__cvc_444_positive,KvasirCVC__kvasir_cju87vqa0ndwg0850onjdz7ol_negative,KvasirCVC__kvasir_cju2zp89k9q1g0855k1x0f1xa_boundary
PolypGen__C4_11_endocv2021_positive_1228,1.3831258360852416e-10,1.5202189507235175e-10,1.370931146382759e-11,KvasirCVC__kvasir_cju3u39fog1bo0871lxjrabks_positive;KvasirCVC__kvasir_cju33w4sdcivk0855x879zht7_positive,KvasirCVC__kvasir_cju87vqa0ndwg0850onjdz7ol_negative,KvasirCVC__kvasir_cju2zp89k9q1g0855k1x0f1xa_boundary
PolypGen__C2_EndoCV2021_001157,1.4009526871916478e-10,1.3906271967289996e-10,-1.032549046264819e-12,KvasirCVC__kvasir_cju3u39fog1bo0871lxjrabks_positive;KvasirCVC__cvc_444_positive,KvasirCVC__kvasir_cju87vqa0ndwg0850onjdz7ol_negative,KvasirCVC__kvasir_cju2zp89k9q1g0855k1x0f1xa_boundary
PolypGen__C5_EndoCV2021_C5_50000121,1.4102383150138564e-10,1.1200716742987282e-10,-2.901666407151282e-11,KvasirCVC__kvasir_cju3u39fog1bo0871lxjrabks_positive;KvasirCVC__cvc_54_positive,KvasirCVC__kvasir_cju87vqa0ndwg0850onjdz7ol_negative,KvasirCVC__kvasir_cju2zp89k9q1g0855k1x0f1xa_boundary
PolypGen__C4_23_endocv2021_positive_480,1.4334862463716291e-10,1.4723203212163583e-10,3.883407484472912e-12,KvasirCVC__kvasir_cju3u39fog1bo0871lxjrabks_positive;KvasirCVC__cvc_444_positive,KvasirCVC__kvasir_cju87vqa0ndwg0850onjdz7ol_negative,KvasirCVC__kvasir_cju2zp89k9q1g0855k1x0f1xa_boundary
PolypGen__C4_23_endocv2021_positive_1337,1.4407146309292074e-10,0.00018625451775733382,0.00018625437368587072,KvasirCVC__kvasir_cju3u39fog1bo0871lxjrabks_positive;KvasirCVC__cvc_444_positive,KvasirCVC__kvasir_cju87vqa0ndwg0850onjdz7ol_negative,KvasirCVC__kvasir_cju2zp89k9q1g0855k1x0f1xa_boundary
PolypGen__C4_30_endocv2021_positive_876,1.5169902833900295e-10,1.5943878162172354e-10,7.739753282720585e-12,KvasirCVC__kvasir_cju3u39fog1bo0871lxjrabks_positive;KvasirCVC__cvc_444_positive,KvasirCVC__kvasir_cju87vqa0ndwg0850onjdz7ol_negative,KvasirCVC__kvasir_cju2zp89k9q1g0855k1x0f1xa_boundary
PolypGen__C4_11_endocv2021_positive_1344,1.5396459107641647e-10,1.2351777933794494e-10,-3.0446811738471524e-11,KvasirCVC__kvasir_cju3u39fog1bo0871lxjrabks_positive;KvasirCVC__cvc_444_positive,KvasirCVC__kvasir_cju87vqa0ndwg0850onjdz7ol_negative,KvasirCVC__kvasir_cju2zp89k9q1g0855k1x0f1xa_boundary
PolypGen__C2_EndoCV2021_001075,1.54750851022456e-10,1.5142337383977633e-10,-3.3274771826796723e-12,KvasirCVC__kvasir_cju3u39fog1bo0871lxjrabks_positive;KvasirCVC__cvc_54_positive,KvasirCVC__kvasir_cju87vqa0ndwg0850onjdz7ol_negative,KvasirCVC__kvasir_cju2zp89k9q1g0855k1x0f1xa_boundary
PolypGen__C2_EndoCV2021_001388,1.589825077141782e-10,0.9538639783859253,0.9538639782269428,KvasirCVC__kvasir_cju3u39fog1bo0871lxjrabks_positive;KvasirCVC__cvc_444_positive,KvasirCVC__kvasir_cju87vqa0ndwg0850onjdz7ol_negative,KvasirCVC__kvasir_cju2zp89k9q1g0855k1x0f1xa_boundary
PolypGen__C3_C3_EndoCV2021_0097,1.6025640536820873e-10,0.4104750156402588,0.41047501548000237,KvasirCVC__kvasir_cju3u39fog1bo0871lxjrabks_positive;KvasirCVC__cvc_54_positive,KvasirCVC__cvc_210_negative,KvasirCVC__kvasir_cju2zp89k9q1g0855k1x0f1xa_boundary
PolypGen__C2_EndoCV2021_001093,1.6064256869174898e-10,1.667778554148569e-10,6.1352867231079244e-12,KvasirCVC__kvasir_cju3u39fog1bo0871lxjrabks_positive;KvasirCVC__cvc_54_positive,KvasirCVC__kvasir_cju87vqa0ndwg0850onjdz7ol_negative,KvasirCVC__kvasir_cju2zp89k9q1g0855k1x0f1xa_boundary
PolypGen__C2_EndoCV2021_001104,1.626809797983242e-10,1.3329778947301918e-10,-2.938319032530501e-11,KvasirCVC__kvasir_cju3u39fog1bo0871lxjrabks_positive;KvasirCVC__cvc_444_positive,KvasirCVC__kvasir_cju87vqa0ndwg0850onjdz7ol_negative,KvasirCVC__kvasir_cju3u39fog1bo0871lxjrabks_boundary
PolypGen__C2_EndoCV2021_001131,1.6412275705146584e-10,1.6728002316668267e-10,3.157266115216828e-12,KvasirCVC__kvasir_cju3u39fog1bo0871lxjrabks_positive;KvasirCVC__cvc_54_positive,KvasirCVC__kvasir_cju87vqa0ndwg0850onjdz7ol_negative,KvasirCVC__kvasir_cju2zp89k9q1g0855k1x0f1xa_boundary
PolypGen__C4_27_endocv2021_positive_27,1.6431153659901554e-10,1.6265451485697469e-10,-1.657021742040854e-12,KvasirCVC__kvasir_cju3u39fog1bo0871lxjrabks_positive;KvasirCVC__cvc_444_positive,KvasirCVC__kvasir_cju87vqa0ndwg0850onjdz7ol_negative,KvasirCVC__kvasir_cju2zp89k9q1g0855k1x0f1xa_boundary
PolypGen__C1_510OLCV1_100S0009,1.6702855765160507e-10,1.0248001752755087e-10,-6.45485401240542e-11,KvasirCVC__kvasir_cju3u39fog1bo0871lxjrabks_positive;KvasirCVC__cvc_444_positive,KvasirCVC__kvasir_cju87vqa0ndwg0850onjdz7ol_negative,KvasirCVC__kvasir_cju2zp89k9q1g0855k1x0f1xa_boundary
PolypGen__C5_EndoCV2021_C5_50000314,1.7409471086970996e-10,1.392563703239702e-10,-3.4838340545739754e-11,KvasirCVC__kvasir_cju3u39fog1bo0871lxjrabks_positive;KvasirCVC__cvc_54_positive,KvasirCVC__kvasir_cju87vqa0ndwg0850onjdz7ol_negative,KvasirCVC__kvasir_cju2zp89k9q1g0855k1x0f1xa_boundary
PolypGen__C2_EndoCV2021_001122,1.7540782715208536e-10,1.6937669322647508e-10,-6.031133925610277e-12,KvasirCVC__kvasir_cju3u39fog1bo0871lxjrabks_positive;KvasirCVC__cvc_444_positive,KvasirCVC__kvasir_cju87vqa0ndwg0850onjdz7ol_negative,KvasirCVC__kvasir_cju2zp89k9q1g0855k1x0f1xa_boundary
PolypGen__C2_EndoCV2021_001118,1.7995320511499102e-10,0.06451106816530228,0.06451106798534907,KvasirCVC__kvasir_cju3u39fog1bo0871lxjrabks_positive;KvasirCVC__cvc_444_positive,KvasirCVC__kvasir_cju87vqa0ndwg0850onjdz7ol_negative,KvasirCVC__kvasir_cju2zp89k9q1g0855k1x0f1xa_boundary
PolypGen__C5_EndoCV2021_C5_50000096,1.8601190032718762e-10,0.0014961102278903127,0.0014961100418784123,KvasirCVC__kvasir_cju3u39fog1bo0871lxjrabks_positive;KvasirCVC__cvc_444_positive,KvasirCVC__kvasir_cju87vqa0ndwg0850onjdz7ol_negative,KvasirCVC__kvasir_cju2zp89k9q1g0855k1x0f1xa_boundary
PolypGen__C2_EndoCV2021_001010,1.9113149951621722e-10,1.87055745892728e-10,-4.07575362348922e-12,KvasirCVC__kvasir_cju3u39fog1bo0871lxjrabks_positive;KvasirCVC__cvc_444_positive,KvasirCVC__kvasir_cju87vqa0ndwg0850onjdz7ol_negative,KvasirCVC__kvasir_cju2zp89k9q1g0855k1x0f1xa_boundary
PolypGen__C2_EndoCV2021_001257,1.9394880146350602e-10,0.1149946078658104,0.11499460767186159,KvasirCVC__kvasir_cju3u39fog1bo0871lxjrabks_positive;KvasirCVC__cvc_54_positive,KvasirCVC__kvasir_cju87vqa0ndwg0850onjdz7ol_negative,KvasirCVC__kvasir_cju2zp89k9q1g0855k1x0f1xa_boundary
PolypGen__C4_29_endocv2021_positive_323,1.976284552673846e-10,1.5777848472176004e-10,-3.984997054562456e-11,KvasirCVC__kvasir_cju3u39fog1bo0871lxjrabks_positive;KvasirCVC__cvc_444_positive,KvasirCVC__kvasir_cju87vqa0ndwg0850onjdz7ol_negative,KvasirCVC__kvasir_cju2zp89k9q1g0855k1x0f1xa_boundary
PolypGen__C3_C3_EndoCV2021_00404,1.9936204076476116e-10,1.9860972588769954e-10,-7.523148770616217e-13,KvasirCVC__kvasir_cju3u39fog1bo0871lxjrabks_positive;KvasirCVC__cvc_444_positive,KvasirCVC__cvc_210_negative,KvasirCVC__kvasir_cju2zp89k9q1g0855k1x0f1xa_boundary
PolypGen__C4_18_endocv2021_positive_115,1.99760291641482e-10,1.0611205664146084e-10,-9.364823500002117e-11,KvasirCVC__kvasir_cju3u39fog1bo0871lxjrabks_positive;KvasirCVC__cvc_444_positive,KvasirCVC__kvasir_cju87vqa0ndwg0850onjdz7ol_negative,KvasirCVC__kvasir_cju2zp89k9q1g0855k1x0f1xa_boundary
PolypGen__C4_14_endocv2021_positive_230,2.058884035482933e-10,1.940617111451104e-10,-1.1826692403182903e-11,KvasirCVC__kvasir_cju3u39fog1bo0871lxjrabks_positive;KvasirCVC__kvasir_cju33w4sdcivk0855x879zht7_positive,KvasirCVC__kvasir_cju87vqa0ndwg0850onjdz7ol_negative,KvasirCVC__kvasir_cju2zp89k9q1g0855k1x0f1xa_boundary
PolypGen__C5_EndoCV2021_C5_50000123,2.0798668343147142e-10,9.687106672373602e-11,-1.111156167077354e-10,KvasirCVC__kvasir_cju3u39fog1bo0871lxjrabks_positive;KvasirCVC__cvc_54_positive,KvasirCVC__kvasir_cju87vqa0ndwg0850onjdz7ol_negative,KvasirCVC__kvasir_cju2zp89k9q1g0855k1x0f1xa_boundary
PolypGen__C4_32_endocv2021_positive_269,2.1299254027162817e-10,0.7476291656494141,0.7476291654364215,KvasirCVC__kvasir_cju3u39fog1bo0871lxjrabks_positive;KvasirCVC__cvc_444_positive,KvasirCVC__kvasir_cju87vqa0ndwg0850onjdz7ol_negative,KvasirCVC__kvasir_cju2zp89k9q1g0855k1x0f1xa_boundary
PolypGen__C1_291OLCV1_100H0012,2.1358394219905819e-10,2.024701378777749e-10,-1.1113804321283283e-11,KvasirCVC__kvasir_cju3u39fog1bo0871lxjrabks_positive;KvasirCVC__cvc_444_positive,KvasirCVC__kvasir_cju87vqa0ndwg0850onjdz7ol_negative,KvasirCVC__kvasir_cju2zp89k9q1g0855k1x0f1xa_boundary
PolypGen__C2_EndoCV2021_001218,2.2065313465269298e-10,2.2487070538979026e-10,4.217570737097276e-12,KvasirCVC__kvasir_cju3u39fog1bo0871lxjrabks_positive;KvasirCVC__cvc_444_positive,KvasirCVC__kvasir_cju87vqa0ndwg0850onjdz7ol_negative,KvasirCVC__kvasir_cju2zp89k9q1g0855k1x0f1xa_boundary
PolypGen__C5_EndoCV2021_C5_50000040,2.2346369199510718e-10,0.20383374392986298,0.20383374370639928,KvasirCVC__kvasir_cju3u39fog1bo0871lxjrabks_positive;KvasirCVC__kvasir_cju33w4sdcivk0855x879zht7_positive,KvasirCVC__kvasir_cju87vqa0ndwg0850onjdz7ol_negative,KvasirCVC__kvasir_cju2zp89k9q1g0855k1x0f1xa_boundary
PolypGen__C5_EndoCV2021_C5_50000081,2.2609088212721673e-10,2.1482277068329836e-10,-1.1268111443918372e-11,KvasirCVC__kvasir_cju3u39fog1bo0871lxjrabks_positive;KvasirCVC__cvc_444_positive,KvasirCVC__kvasir_cju87vqa0ndwg0850onjdz7ol_negative,KvasirCVC__kvasir_cju2zp89k9q1g0855k1x0f1xa_boundary
PolypGen__C2_EndoCV2021_001372,2.295684059516745e-10,2.3342669464021526e-10,3.8582886885407675e-12,KvasirCVC__kvasir_cju3u39fog1bo0871lxjrabks_positive;KvasirCVC__cvc_54_positive,KvasirCVC__kvasir_cju87vqa0ndwg0850onjdz7ol_negative,KvasirCVC__kvasir_cju2zp89k9q1g0855k1x0f1xa_boundary
PolypGen__C3_C3_EndoCV2021_00386,2.3036166030276917e-10,0.8489441275596619,0.8489441273293002,KvasirCVC__kvasir_cju3u39fog1bo0871lxjrabks_positive;KvasirCVC__cvc_444_positive,KvasirCVC__kvasir_cju87vqa0ndwg0850onjdz7ol_negative,KvasirCVC__kvasir_cju2zp89k9q1g0855k1x0f1xa_boundary
PolypGen__C4_30_endocv2021_positive_1057,2.3126733861289495e-10,2.3917723357413934e-10,7.90989496124439e-12,KvasirCVC__kvasir_cju3u39fog1bo0871lxjrabks_positive;KvasirCVC__cvc_444_positive,KvasirCVC__kvasir_cju87vqa0ndwg0850onjdz7ol_negative,KvasirCVC__kvasir_cju2zp89k9q1g0855k1x0f1xa_boundary
PolypGen__C2_EndoCV2021_001261,2.360717732408091e-10,0.3772405982017517,0.37724059796567994,KvasirCVC__kvasir_cju3u39fog1bo0871lxjrabks_positive;KvasirCVC__cvc_444_positive,KvasirCVC__kvasir_cju87vqa0ndwg0850onjdz7ol_negative,KvasirCVC__kvasir_cju2zp89k9q1g0855k1x0f1xa_boundary
PolypGen__C1_673OLCV1_100H0010,2.369668350432619e-10,0.6060428023338318,0.6060428020968649,KvasirCVC__kvasir_cju3u39fog1bo0871lxjrabks_positive;KvasirCVC__cvc_444_positive,KvasirCVC__kvasir_cju87vqa0ndwg0850onjdz7ol_negative,KvasirCVC__kvasir_cju2zp89k9q1g0855k1x0f1xa_boundary
PolypGen__C4_26_endocv2021_positive_1093,2.3730423182044547e-10,0.46855515241622925,0.468555152178925,KvasirCVC__kvasir_cju3u39fog1bo0871lxjrabks_positive;KvasirCVC__kvasir_cju33w4sdcivk0855x879zht7_positive,KvasirCVC__kvasir_cju87vqa0ndwg0850onjdz7ol_negative,KvasirCVC__kvasir_cju2zp89k9q1g0855k1x0f1xa_boundary
PolypGen__C4_22_endocv2021_positive_1352,2.4931437470065987e-10,2.488800276978509e-10,-4.3434700280897687e-13,KvasirCVC__kvasir_cju3u39fog1bo0871lxjrabks_positive;KvasirCVC__kvasir_cju33w4sdcivk0855x879zht7_positive,KvasirCVC__kvasir_cju87vqa0ndwg0850onjdz7ol_negative,KvasirCVC__kvasir_cju2zp89k9q1g0855k1x0f1xa_boundary
PolypGen__C4_17_endocv2021_positive_106,2.507522522954275e-10,2.5348542709302535e-10,2.733174797597826e-12,KvasirCVC__kvasir_cju3u39fog1bo0871lxjrabks_positive;KvasirCVC__kvasir_cju33w4sdcivk0855x879zht7_positive,KvasirCVC__kvasir_cju87vqa0ndwg0850onjdz7ol_negative,KvasirCVC__kvasir_cju2zp89k9q1g0855k1x0f1xa_boundary
PolypGen__C4_10_endocv2021_positive_584,2.5106702827848437e-10,2.467308024556303e-10,-4.3362258228540895e-12,KvasirCVC__kvasir_cju3u39fog1bo0871lxjrabks_positive;KvasirCVC__cvc_444_positive,KvasirCVC__kvasir_cju87vqa0ndwg0850onjdz7ol_negative,KvasirCVC__kvasir_cju2zp89k9q1g0855k1x0f1xa_boundary
PolypGen__C4_26_endocv2021_positive_14,2.5510205059475766e-10,2.2060445137306317e-10,-3.4497599221694486e-11,KvasirCVC__kvasir_cju3u39fog1bo0871lxjrabks_positive;KvasirCVC__cvc_444_positive,KvasirCVC__kvasir_cju87vqa0ndwg0850onjdz7ol_negative,KvasirCVC__kvasir_cju2zp89k9q1g0855k1x0f1xa_boundary
PolypGen__C4_23_endocv2021_positive_370,2.5740026776688296e-10,2.5233409806091345e-10,-5.066169705969514e-12,KvasirCVC__kvasir_cju3u39fog1bo0871lxjrabks_positive;KvasirCVC__kvasir_cju33w4sdcivk0855x879zht7_positive,KvasirCVC__kvasir_cju87vqa0ndwg0850onjdz7ol_negative,KvasirCVC__kvasir_cju2zp89k9q1g0855k1x0f1xa_boundary
PolypGen__C5_EndoCV2021_C5_50000334,2.6946914144510004e-10,0.0003419389540795237,0.00034193868461038224,KvasirCVC__kvasir_cju3u39fog1bo0871lxjrabks_positive;KvasirCVC__cvc_54_positive,KvasirCVC__cvc_210_negative,KvasirCVC__kvasir_cju3u39fog1bo0871lxjrabks_boundary
PolypGen__C4_14_endocv2021_positive_503,2.73747607915098e-10,1.5857913593375628e-10,-1.1516847198134172e-10,KvasirCVC__kvasir_cju3u39fog1bo0871lxjrabks_positive;KvasirCVC__cvc_444_positive,KvasirCVC__kvasir_cju87vqa0ndwg0850onjdz7ol_negative,KvasirCVC__kvasir_cju2zp89k9q1g0855k1x0f1xa_boundary
PolypGen__C2_EndoCV2021_001014,2.7639579514016077e-10,2.8288543729715343e-10,6.489642156992659e-12,KvasirCVC__kvasir_cju3u39fog1bo0871lxjrabks_positive;KvasirCVC__cvc_54_positive,KvasirCVC__kvasir_cju87vqa0ndwg0850onjdz7ol_negative,KvasirCVC__kvasir_cju2zp89k9q1g0855k1x0f1xa_boundary
PolypGen__C1_940OLCV1_100H0004,2.7716184902715213e-10,2.957704914319237e-10,1.8608642404771558e-11,KvasirCVC__kvasir_cju3u39fog1bo0871lxjrabks_positive;KvasirCVC__cvc_444_positive,KvasirCVC__kvasir_cju87vqa0ndwg0850onjdz7ol_negative,KvasirCVC__kvasir_cju2zp89k9q1g0855k1x0f1xa_boundary
PolypGen__C4_10_endocv2021_positive_499,2.773155871604871e-10,2.7107616151766933e-10,-6.239425642817764e-12,KvasirCVC__kvasir_cju3u39fog1bo0871lxjrabks_positive;KvasirCVC__cvc_444_positive,KvasirCVC__kvasir_cju87vqa0ndwg0850onjdz7ol_negative,KvasirCVC__kvasir_cju2zp89k9q1g0855k1x0f1xa_boundary
PolypGen__C4_19_endocv2021_positive_787,2.891008821226393e-10,2.2537750832274384e-10,-6.372337379989546e-11,KvasirCVC__kvasir_cju3u39fog1bo0871lxjrabks_positive;KvasirCVC__cvc_444_positive,KvasirCVC__kvasir_cju87vqa0ndwg0850onjdz7ol_negative,KvasirCVC__kvasir_cju2zp89k9q1g0855k1x0f1xa_boundary
PolypGen__C4_23_endocv2021_positive_1047,2.936857423918582e-10,3.9401101825653484e-10,1.0032527586467666e-10,KvasirCVC__kvasir_cju3u39fog1bo0871lxjrabks_positive;KvasirCVC__cvc_444_positive,KvasirCVC__kvasir_cju87vqa0ndwg0850onjdz7ol_negative,KvasirCVC__kvasir_cju2zp89k9q1g0855k1x0f1xa_boundary
PolypGen__C2_EndoCV2021_001002,2.9463759210202056e-10,2.906976603878064e-10,-3.93993171421414e-12,KvasirCVC__kvasir_cju3u39fog1bo0871lxjrabks_positive;KvasirCVC__cvc_444_positive,KvasirCVC__kvasir_cju87vqa0ndwg0850onjdz7ol_negative,KvasirCVC__kvasir_cju2zp89k9q1g0855k1x0f1xa_boundary
PolypGen__C3_C3_EndoCV2021_00137,3.0422878105618167e-10,3.8240918764920195e-10,7.818040659302028e-11,KvasirCVC__kvasir_cju3u39fog1bo0871lxjrabks_positive;KvasirCVC__kvasir_cju33w4sdcivk0855x879zht7_positive,KvasirCVC__kvasir_cju87vqa0ndwg0850onjdz7ol_negative,KvasirCVC__kvasir_cju2zp89k9q1g0855k1x0f1xa_boundary
PolypGen__C4_11_endocv2021_positive_625,3.071252974162775e-10,3.3090669093738256e-10,2.3781393521105088e-11,KvasirCVC__kvasir_cju3u39fog1bo0871lxjrabks_positive;KvasirCVC__kvasir_cju33w4sdcivk0855x879zht7_positive,KvasirCVC__kvasir_cju87vqa0ndwg0850onjdz7ol_negative,KvasirCVC__kvasir_cju2zp89k9q1g0855k1x0f1xa_boundary
PolypGen__C1_431OLCV1_100S0007,3.120124714151018e-10,3.090234734770547e-10,-2.9889979380470777e-12,KvasirCVC__kvasir_cju3u39fog1bo0871lxjrabks_positive;KvasirCVC__cvc_444_positive,KvasirCVC__kvasir_cju87vqa0ndwg0850onjdz7ol_negative,KvasirCVC__kvasir_cju2zp89k9q1g0855k1x0f1xa_boundary
PolypGen__C2_EndoCV2021_001159,3.1210986572993704e-10,1.7988846523486757e-10,-1.3222140049506947e-10,KvasirCVC__kvasir_cju3u39fog1bo0871lxjrabks_positive;KvasirCVC__cvc_444_positive,KvasirCVC__kvasir_cju87vqa0ndwg0850onjdz7ol_negative,KvasirCVC__kvasir_cju2zp89k9q1g0855k1x0f1xa_boundary
PolypGen__C4_30_endocv2021_positive_1459,3.1210986572993704e-10,3.180661567458998e-10,5.9562910159627336e-12,KvasirCVC__kvasir_cju3u39fog1bo0871lxjrabks_positive;KvasirCVC__cvc_444_positive,KvasirCVC__kvasir_cju87vqa0ndwg0850onjdz7ol_negative,KvasirCVC__kvasir_cju2zp89k9q1g0855k1x0f1xa_boundary
PolypGen__C2_EndoCV2021_001087,3.227889067147771e-10,1.0668942812541715e-10,-2.1609947858935996e-10,KvasirCVC__kvasir_cju3u39fog1bo0871lxjrabks_positive;KvasirCVC__cvc_444_positive,KvasirCVC__kvasir_cju87vqa0ndwg0850onjdz7ol_negative,KvasirCVC__kvasir_cju2zp89k9q1g0855k1x0f1xa_boundary
PolypGen__C2_EndoCV2021_001232,3.2626426560433686e-10,0.9841113686561584,0.9841113683298942,KvasirCVC__kvasir_cju3u39fog1bo0871lxjrabks_positive;KvasirCVC__cvc_444_positive,KvasirCVC__cvc_210_negative,KvasirCVC__kvasir_cju3u39fog1bo0871lxjrabks_boundary
PolypGen__C2_EndoCV2021_001154,3.264773174027624e-10,0.13468381762504578,0.13468381729856846,KvasirCVC__kvasir_cju3u39fog1bo0871lxjrabks_positive;KvasirCVC__cvc_444_positive,KvasirCVC__kvasir_cju87vqa0ndwg0850onjdz7ol_negative,KvasirCVC__kvasir_cju2zp89k9q1g0855k1x0f1xa_boundary
PolypGen__C6_EndoCV2021_C6_0100008,3.274394366759026e-10,9.8039215634671e-11,-2.294002210412316e-10,KvasirCVC__kvasir_cju3u39fog1bo0871lxjrabks_positive;KvasirCVC__cvc_444_positive,KvasirCVC__kvasir_cju87vqa0ndwg0850onjdz7ol_negative,KvasirCVC__kvasir_cju2zp89k9q1g0855k1x0f1xa_boundary
PolypGen__C2_EndoCV2021_001303,3.377237378643372e-10,0.6359464526176453,0.6359464522799215,KvasirCVC__kvasir_cju3u39fog1bo0871lxjrabks_positive;KvasirCVC__cvc_54_positive,KvasirCVC__cvc_210_negative,KvasirCVC__kvasir_cju2zp89k9q1g0855k1x0f1xa_boundary
PolypGen__C2_EndoCV2021_001296,3.416467386774258e-10,0.48354199528694153,0.4835419949452948,KvasirCVC__kvasir_cju3u39fog1bo0871lxjrabks_positive;KvasirCVC__cvc_444_positive,KvasirCVC__kvasir_cju87vqa0ndwg0850onjdz7ol_negative,KvasirCVC__kvasir_cju2zp89k9q1g0855k1x0f1xa_boundary
PolypGen__C4_19_endocv2021_positive_879,3.4916200486456717e-10,3.312355112417009e-10,-1.7926493622866246e-11,KvasirCVC__kvasir_cju3u39fog1bo0871lxjrabks_positive;KvasirCVC__cvc_444_positive,KvasirCVC__kvasir_cju87vqa0ndwg0850onjdz7ol_negative,KvasirCVC__kvasir_cju2zp89k9q1g0855k1x0f1xa_boundary
PolypGen__C1_176OLCV1_100H0290,3.5448421975559086e-10,1.0121457005851653e-09,6.576614808295744e-10,KvasirCVC__kvasir_cju3u39fog1bo0871lxjrabks_positive;KvasirCVC__cvc_444_positive,KvasirCVC__kvasir_cju87vqa0ndwg0850onjdz7ol_negative,KvasirCVC__kvasir_cju2zp89k9q1g0855k1x0f1xa_boundary
PolypGen__C5_EndoCV2021_C5_50000074,3.5574529433368696e-10,3.5574529433368696e-10,0.0,KvasirCVC__kvasir_cju3u39fog1bo0871lxjrabks_positive;KvasirCVC__cvc_444_positive,KvasirCVC__kvasir_cju87vqa0ndwg0850onjdz7ol_negative,KvasirCVC__kvasir_cju2zp89k9q1g0855k1x0f1xa_boundary
PolypGen__C2_EndoCV2021_001413,3.8095238075186444e-10,0.22871795296669006,0.22871795258573768,KvasirCVC__kvasir_cju3u39fog1bo0871lxjrabks_positive;KvasirCVC__cvc_444_positive,KvasirCVC__kvasir_cju87vqa0ndwg0850onjdz7ol_negative,KvasirCVC__kvasir_cju2zp89k9q1g0855k1x0f1xa_boundary
PolypGen__C4_21_endocv2021_positive_1207,3.906250045648818e-10,4.6511627882495077e-10,7.449127426006896e-11,KvasirCVC__kvasir_cju3u39fog1bo0871lxjrabks_positive;KvasirCVC__cvc_444_positive,KvasirCVC__kvasir_cju87vqa0ndwg0850onjdz7ol_negative,KvasirCVC__kvasir_cju2zp89k9q1g0855k1x0f1xa_boundary
PolypGen__C3_C3_EndoCV2021_00477,3.929273018066226e-10,3.918495250498921e-10,-1.0777767567304863e-12,KvasirCVC__kvasir_cju3u39fog1bo0871lxjrabks_positive;KvasirCVC__cvc_444_positive,KvasirCVC__kvasir_cju87vqa0ndwg0850onjdz7ol_negative,KvasirCVC__kvasir_cju2zp89k9q1g0855k1x0f1xa_boundary
PolypGen__C2_EndoCV2021_001174,4.004805653767818e-10,3.68188507460232e-10,-3.2292057916549766e-11,KvasirCVC__kvasir_cju3u39fog1bo0871lxjrabks_positive;KvasirCVC__cvc_54_positive,KvasirCVC__cvc_210_negative,KvasirCVC__kvasir_cju43kj2pm34f0850l28ahpni_boundary
PolypGen__C4_23_endocv2021_positive_1169,4.0502226572591837e-10,4.079967474979185e-10,2.9744817720001038e-12,KvasirCVC__kvasir_cju3u39fog1bo0871lxjrabks_positive;KvasirCVC__cvc_444_positive,KvasirCVC__kvasir_cju87vqa0ndwg0850onjdz7ol_negative,KvasirCVC__kvasir_cju2zp89k9q1g0855k1x0f1xa_boundary
PolypGen__C2_EndoCV2021_001058,4.101722850258227e-10,3.4376074209419016e-10,-6.641154293163254e-11,KvasirCVC__kvasir_cju3u39fog1bo0871lxjrabks_positive;KvasirCVC__cvc_54_positive,KvasirCVC__kvasir_cju87vqa0ndwg0850onjdz7ol_negative,KvasirCVC__kvasir_cju2zp89k9q1g0855k1x0f1xa_boundary
PolypGen__C2_EndoCV2021_001292,4.2069836503344504e-10,1.3453517466732734e-10,-2.861631903661177e-10,KvasirCVC__kvasir_cju3u39fog1bo0871lxjrabks_positive;KvasirCVC__cvc_96_positive,KvasirCVC__kvasir_cju87vqa0ndwg0850onjdz7ol_negative,KvasirCVC__kvasir_cju2zp89k9q1g0855k1x0f1xa_boundary
PolypGen__C6_EndoCV2021_C6_0100046,4.280821808144708e-10,0.4332265853881836,0.4332265849601014,KvasirCVC__kvasir_cju3u39fog1bo0871lxjrabks_positive;KvasirCVC__cvc_54_positive,KvasirCVC__cvc_210_negative,KvasirCVC__cvc_54_boundary
PolypGen__C3_C3_EndoCV2021_0096,4.3516101833063203e-10,4.42086645069395e-10,6.925626738762958e-12,KvasirCVC__kvasir_cju3u39fog1bo0871lxjrabks_positive;KvasirCVC__cvc_54_positive,KvasirCVC__cvc_210_negative,KvasirCVC__kvasir_cju2zp89k9q1g0855k1x0f1xa_boundary
PolypGen__C3_C3_EndoCV2021_0077,4.438526490790906e-10,0.9455270171165466,0.945527016672694,KvasirCVC__kvasir_cju3u39fog1bo0871lxjrabks_positive;KvasirCVC__cvc_54_positive,KvasirCVC__cvc_210_negative,KvasirCVC__kvasir_cju2zp89k9q1g0855k1x0f1xa_boundary
PolypGen__C6_EndoCV2021_C6_0100091,4.438526490790906e-10,0.0008841737289912999,0.0008841732851386508,KvasirCVC__cvc_54_positive;KvasirCVC__kvasir_cju3u39fog1bo0871lxjrabks_positive,KvasirCVC__cvc_210_negative,KvasirCVC__cvc_54_boundary
PolypGen__C2_EndoCV2021_001239,4.456328084323502e-10,0.14313483238220215,0.14313483193656934,KvasirCVC__kvasir_cju3u39fog1bo0871lxjrabks_positive;KvasirCVC__cvc_444_positive,KvasirCVC__kvasir_cju87vqa0ndwg0850onjdz7ol_negative,KvasirCVC__kvasir_cju2zp89k9q1g0855k1x0f1xa_boundary
PolypGen__C1_779OLCV1_100H0006,4.4822948130907037e-10,4.488330263008322e-10,6.035449917618507e-13,KvasirCVC__kvasir_cju3u39fog1bo0871lxjrabks_positive;KvasirCVC__cvc_444_positive,KvasirCVC__kvasir_cju87vqa0ndwg0850onjdz7ol_negative,KvasirCVC__kvasir_cju2zp89k9q1g0855k1x0f1xa_boundary
PolypGen__C3_C3_EndoCV2021_0036,4.63606847356246e-10,0.9580171704292297,0.9580171699656229,KvasirCVC__kvasir_cju3u39fog1bo0871lxjrabks_positive;KvasirCVC__cvc_444_positive,KvasirCVC__kvasir_cju87vqa0ndwg0850onjdz7ol_negative,KvasirCVC__kvasir_cju2zp89k9q1g0855k1x0f1xa_boundary
PolypGen__C4_14_endocv2021_positive_1242,4.640371142894395e-10,4.391743635423495e-10,-2.486275074708999e-11,KvasirCVC__kvasir_cju3u39fog1bo0871lxjrabks_positive;KvasirCVC__cvc_444_positive,KvasirCVC__kvasir_cju87vqa0ndwg0850onjdz7ol_negative,KvasirCVC__kvasir_cju2zp89k9q1g0855k1x0f1xa_boundary
PolypGen__C4_23_endocv2021_positive_1299,4.812319431835022e-10,3.6231884159576566e-10,-1.189131015877365e-10,KvasirCVC__kvasir_cju3u39fog1bo0871lxjrabks_positive;KvasirCVC__cvc_444_positive,KvasirCVC__kvasir_cju87vqa0ndwg0850onjdz7ol_negative,KvasirCVC__kvasir_cju2zp89k9q1g0855k1x0f1xa_boundary
PolypGen__C5_EndoCV2021_C5_50000203,4.873294545681972e-10,4.84730977579062e-10,-2.598476989135179e-12,KvasirCVC__kvasir_cju3u39fog1bo0871lxjrabks_positive;KvasirCVC__cvc_444_positive,KvasirCVC__kvasir_cju87vqa0ndwg0850onjdz7ol_negative,KvasirCVC__kvasir_cju2zp89k9q1g0855k1x0f1xa_boundary
PolypGen__C1_906OLCV1_100H0010,4.943153664171973e-10,5.285412107980392e-10,3.4225844380841863e-11,KvasirCVC__kvasir_cju3u39fog1bo0871lxjrabks_positive;KvasirCVC__cvc_54_positive,KvasirCVC__cvc_210_negative,KvasirCVC__kvasir_cju2zp89k9q1g0855k1x0f1xa_boundary
PolypGen__C2_EndoCV2021_001401,4.970178713037399e-10,0.972091019153595,0.9720910186565771,KvasirCVC__kvasir_cju3u39fog1bo0871lxjrabks_positive;KvasirCVC__cvc_444_positive,KvasirCVC__kvasir_cju87vqa0ndwg0850onjdz7ol_negative,KvasirCVC__kvasir_cju2zp89k9q1g0855k1x0f1xa_boundary
PolypGen__C3_C3_EndoCV2021_00313,4.98504459933713e-10,5.128205082804982e-10,1.4316048346785237e-11,KvasirCVC__kvasir_cju3u39fog1bo0871lxjrabks_positive;KvasirCVC__cvc_444_positive,KvasirCVC__kvasir_cju87vqa0ndwg0850onjdz7ol_negative,KvasirCVC__kvasir_cju2zp89k9q1g0855k1x0f1xa_boundary
PolypGen__C2_EndoCV2021_001251,4.992511404289246e-10,0.1317073106765747,0.13170731017732357,KvasirCVC__kvasir_cju3u39fog1bo0871lxjrabks_positive;KvasirCVC__cvc_54_positive,KvasirCVC__cvc_210_negative,KvasirCVC__kvasir_cju2zp89k9q1g0855k1x0f1xa_boundary
PolypGen__C3_C3_EndoCV2021_0087,5.192107854767869e-10,4.935833963770619e-10,-2.562738909972495e-11,KvasirCVC__kvasir_cju3u39fog1bo0871lxjrabks_positive;KvasirCVC__cvc_444_positive,KvasirCVC__kvasir_cju87vqa0ndwg0850onjdz7ol_negative,KvasirCVC__kvasir_cju2zp89k9q1g0855k1x0f1xa_boundary
PolypGen__C4_32_endocv2021_positive_339,5.200208041955534e-10,3.7091987814541483e-10,-1.4910092605013858e-10,KvasirCVC__kvasir_cju3u39fog1bo0871lxjrabks_positive;KvasirCVC__cvc_444_positive,KvasirCVC__kvasir_cju87vqa0ndwg0850onjdz7ol_negative,KvasirCVC__kvasir_cju2zp89k9q1g0855k1x0f1xa_boundary
PolypGen__C2_EndoCV2021_001217,5.23012577691162e-10,1.3229263517988699e-10,-3.9071994251127506e-10,KvasirCVC__kvasir_cju3u39fog1bo0871lxjrabks_positive;KvasirCVC__cvc_444_positive,KvasirCVC__kvasir_cju87vqa0ndwg0850onjdz7ol_negative,KvasirCVC__kvasir_cju2zp89k9q1g0855k1x0f1xa_boundary
PolypGen__C3_C3_EndoCV2021_00149,5.235601951980584e-10,0.2340153455734253,0.2340153450498651,KvasirCVC__kvasir_cju3u39fog1bo0871lxjrabks_positive;KvasirCVC__cvc_54_positive,KvasirCVC__cvc_210_negative,KvasirCVC__cvc_96_boundary
PolypGen__C1_732OLCV1_100H0036,5.271481029467395e-10,5.411255332710141e-10,1.3977430324274565e-11,KvasirCVC__kvasir_cju3u39fog1bo0871lxjrabks_positive;KvasirCVC__cvc_444_positive,KvasirCVC__kvasir_cju87vqa0ndwg0850onjdz7ol_negative,KvasirCVC__kvasir_cju2zp89k9q1g0855k1x0f1xa_boundary
PolypGen__C3_C3_EndoCV2021_00157,5.296610372518273e-10,0.09236031770706177,0.09236031717740073,KvasirCVC__kvasir_cju3u39fog1bo0871lxjrabks_positive;KvasirCVC__cvc_54_positive,KvasirCVC__cvc_210_negative,KvasirCVC__kvasir_cju2zp89k9q1g0855k1x0f1xa_boundary
PolypGen__C2_EndoCV2021_001040,5.408328784817229e-10,4.5934772652245215e-10,-8.148515195927075e-11,KvasirCVC__kvasir_cju3u39fog1bo0871lxjrabks_positive;KvasirCVC__kvasir_cju33w4sdcivk0855x879zht7_positive,KvasirCVC__kvasir_cju87vqa0ndwg0850onjdz7ol_negative,KvasirCVC__kvasir_cju2zp89k9q1g0855k1x0f1xa_boundary
PolypGen__C4_17_endocv2021_positive_151,5.408328784817229e-10,5.390835555729723e-10,-1.749322908750628e-12,KvasirCVC__kvasir_cju3u39fog1bo0871lxjrabks_positive;KvasirCVC__cvc_444_positive,KvasirCVC__kvasir_cju87vqa0ndwg0850onjdz7ol_negative,KvasirCVC__kvasir_cju2zp89k9q1g0855k1x0f1xa_boundary
PolypGen__C2_EndoCV2021_001376,5.546311743209742e-10,0.8133174777030945,0.8133174771484633,KvasirCVC__kvasir_cju3u39fog1bo0871lxjrabks_positive;KvasirCVC__cvc_54_positive,KvasirCVC__cvc_210_negative,KvasirCVC__kvasir_cju2zp89k9q1g0855k1x0f1xa_boundary
PolypGen__C1_342OLCV1_100H0004,5.58659229987768e-10,0.9565466046333313,0.9565466040746721,KvasirCVC__kvasir_cju3u39fog1bo0871lxjrabks_positive;KvasirCVC__kvasir_cju33w4sdcivk0855x879zht7_positive,KvasirCVC__kvasir_cju87vqa0ndwg0850onjdz7ol_negative,KvasirCVC__kvasir_cju2zp89k9q1g0855k1x0f1xa_boundary
PolypGen__C2_EndoCV2021_001351,5.614823050947848e-10,0.9255550503730774,0.9255550498115951,KvasirCVC__kvasir_cju3u39fog1bo0871lxjrabks_positive;KvasirCVC__cvc_444_positive,KvasirCVC__cvc_210_negative,KvasirCVC__kvasir_cju2zp89k9q1g0855k1x0f1xa_boundary
PolypGen__C2_EndoCV2021_001235,5.727376906072834e-10,0.547291100025177,0.5472910994524394,KvasirCVC__kvasir_cju3u39fog1bo0871lxjrabks_positive;KvasirCVC__cvc_54_positive,KvasirCVC__cvc_210_negative,KvasirCVC__kvasir_cju2zp89k9q1g0855k1x0f1xa_boundary
PolypGen__C3_C3_EndoCV2021_00420,5.865102847835146e-10,0.5500681400299072,0.5500681394433969,KvasirCVC__kvasir_cju3u39fog1bo0871lxjrabks_positive;KvasirCVC__cvc_54_positive,KvasirCVC__cvc_210_negative,KvasirCVC__kvasir_cju3u39fog1bo0871lxjrabks_boundary
PolypGen__C2_EndoCV2021_001188,6.079027281558069e-10,1.8083182173889156e-10,-4.2707090641691536e-10,KvasirCVC__kvasir_cju3u39fog1bo0871lxjrabks_positive;KvasirCVC__kvasir_cju33w4sdcivk0855x879zht7_positive,KvasirCVC__kvasir_cju87vqa0ndwg0850onjdz7ol_negative,KvasirCVC__kvasir_cju2zp89k9q1g0855k1x0f1xa_boundary
PolypGen__C3_C3_EndoCV2021_00383,6.093845428267741e-10,6.626905135753702e-10,5.330597074859611e-11,KvasirCVC__kvasir_cju3u39fog1bo0871lxjrabks_positive;KvasirCVC__cvc_444_positive,KvasirCVC__kvasir_cju87vqa0ndwg0850onjdz7ol_negative,KvasirCVC__kvasir_cju2zp89k9q1g0855k1x0f1xa_boundary
PolypGen__C3_C3_EndoCV2021_0054,6.439149768944219e-10,1.2610340549557009e-09,6.17119078061279e-10,KvasirCVC__kvasir_cju3u39fog1bo0871lxjrabks_positive;KvasirCVC__cvc_444_positive,KvasirCVC__kvasir_cju87vqa0ndwg0850onjdz7ol_negative,KvasirCVC__kvasir_cju2zp89k9q1g0855k1x0f1xa_boundary
PolypGen__C5_EndoCV2021_C5_50000048,6.501950644555166e-10,0.40445026755332947,0.4044502669031344,KvasirCVC__cvc_54_positive;KvasirCVC__kvasir_cju3u39fog1bo0871lxjrabks_positive,KvasirCVC__cvc_210_negative,KvasirCVC__cvc_54_boundary
PolypGen__C4_12_endocv2021_positive_679,6.535947894015237e-10,5.920662848879488e-10,-6.152850451357494e-11,KvasirCVC__kvasir_cju3u39fog1bo0871lxjrabks_positive;KvasirCVC__cvc_444_positive,KvasirCVC__kvasir_cju87vqa0ndwg0850onjdz7ol_negative,KvasirCVC__kvasir_cju2zp89k9q1g0855k1x0f1xa_boundary
PolypGen__C2_EndoCV2021_001094,6.548788733518052e-10,6.514657702183513e-10,-3.4131031334538875e-12,KvasirCVC__kvasir_cju3u39fog1bo0871lxjrabks_positive;KvasirCVC__cvc_444_positive,KvasirCVC__kvasir_cju87vqa0ndwg0850onjdz7ol_negative,KvasirCVC__kvasir_cju2zp89k9q1g0855k1x0f1xa_boundary
PolypGen__C5_EndoCV2021_C5_50000221,6.648936401454364e-10,6.662225215947615e-10,1.3288814493250811e-12,KvasirCVC__kvasir_cju3u39fog1bo0871lxjrabks_positive;KvasirCVC__cvc_444_positive,KvasirCVC__kvasir_cju87vqa0ndwg0850onjdz7ol_negative,KvasirCVC__kvasir_cju2zp89k9q1g0855k1x0f1xa_boundary
PolypGen__C2_EndoCV2021_001161,6.73854472221791e-10,5.200208041955534e-10,-1.5383366802623755e-10,KvasirCVC__kvasir_cju3u39fog1bo0871lxjrabks_positive;KvasirCVC__cvc_444_positive,KvasirCVC__kvasir_cju87vqa0ndwg0850onjdz7ol_negative,KvasirCVC__kvasir_cju2zp89k9q1g0855k1x0f1xa_boundary
PolypGen__C5_EndoCV2021_C5_50000368,6.872852287287401e-10,0.5542553067207336,0.5542553060334484,KvasirCVC__kvasir_cju3u39fog1bo0871lxjrabks_positive;KvasirCVC__cvc_444_positive,KvasirCVC__kvasir_cju87vqa0ndwg0850onjdz7ol_negative,KvasirCVC__kvasir_cju2zp89k9q1g0855k1x0f1xa_boundary
PolypGen__C3_C3_EndoCV2021_00400,6.954102849121568e-10,3.472222287470572e-09,2.7768120025584153e-09,KvasirCVC__kvasir_cju3u39fog1bo0871lxjrabks_positive;KvasirCVC__cvc_444_positive,KvasirCVC__kvasir_cju87vqa0ndwg0850onjdz7ol_negative,KvasirCVC__kvasir_cju2zp89k9q1g0855k1x0f1xa_boundary
PolypGen__C4_10_endocv2021_positive_895,6.978366773324751e-10,0.026819923892617226,0.02681992319478055,KvasirCVC__kvasir_cju3u39fog1bo0871lxjrabks_positive;KvasirCVC__cvc_444_positive,KvasirCVC__kvasir_cju87vqa0ndwg0850onjdz7ol_negative,KvasirCVC__kvasir_cju2zp89k9q1g0855k1x0f1xa_boundary
PolypGen__C1_226OLCV1_100H0002,7.07714054026809e-10,7.07213565487308e-10,-5.004885395010206e-13,KvasirCVC__kvasir_cju3u39fog1bo0871lxjrabks_positive;KvasirCVC__cvc_444_positive,KvasirCVC__kvasir_cju87vqa0ndwg0850onjdz7ol_negative,KvasirCVC__kvasir_cju2zp89k9q1g0855k1x0f1xa_boundary
PolypGen__C2_EndoCV2021_001414,7.304601923330267e-10,0.18930546939373016,0.18930546866326997,KvasirCVC__kvasir_cju3u39fog1bo0871lxjrabks_positive;KvasirCVC__cvc_444_positive,KvasirCVC__kvasir_cju87vqa0ndwg0850onjdz7ol_negative,KvasirCVC__kvasir_cju2zp89k9q1g0855k1x0f1xa_boundary
PolypGen__C1_143OLCV1_100H0018,7.518796696359686e-10,1.0204082023790306e-09,2.68528532743062e-10,KvasirCVC__kvasir_cju3u39fog1bo0871lxjrabks_positive;KvasirCVC__cvc_444_positive,KvasirCVC__kvasir_cju87vqa0ndwg0850onjdz7ol_negative,KvasirCVC__kvasir_cju2zp89k9q1g0855k1x0f1xa_boundary
PolypGen__C1_176OLCV1_100H0002,7.547169555977007e-10,0.8165526390075684,0.8165526382528514,KvasirCVC__kvasir_cju3u39fog1bo0871lxjrabks_positive;KvasirCVC__cvc_444_positive,KvasirCVC__kvasir_cju87vqa0ndwg0850onjdz7ol_negative,KvasirCVC__kvasir_cju2zp89k9q1g0855k1x0f1xa_boundary
PolypGen__C3_C3_EndoCV2021_00116,7.627765086226646e-10,0.003273323178291321,0.003273322415514812,KvasirCVC__kvasir_cju3u39fog1bo0871lxjrabks_positive;KvasirCVC__kvasir_cju33w4sdcivk0855x879zht7_positive,KvasirCVC__kvasir_cju87vqa0ndwg0850onjdz7ol_negative,KvasirCVC__kvasir_cju2zp89k9q1g0855k1x0f1xa_boundary
PolypGen__C2_EndoCV2021_001283,7.668711776709358e-10,0.6789712309837341,0.6789712302168629,KvasirCVC__kvasir_cju3u39fog1bo0871lxjrabks_positive;KvasirCVC__cvc_444_positive,KvasirCVC__kvasir_cju87vqa0ndwg0850onjdz7ol_negative,KvasirCVC__kvasir_cju2zp89k9q1g0855k1x0f1xa_boundary
PolypGen__C5_EndoCV2021_C5_50000007,7.674597068962896e-10,7.342144114907967e-10,-3.3245295405492925e-11,KvasirCVC__kvasir_cju3u39fog1bo0871lxjrabks_positive;KvasirCVC__cvc_444_positive,KvasirCVC__kvasir_cju87vqa0ndwg0850onjdz7ol_negative,KvasirCVC__kvasir_cju2zp89k9q1g0855k1x0f1xa_boundary
PolypGen__C1_732OLCV1_100H0012,7.751937980415846e-10,7.598784379503343e-10,-1.531536009125034e-11,KvasirCVC__kvasir_cju3u39fog1bo0871lxjrabks_positive;KvasirCVC__cvc_444_positive,KvasirCVC__kvasir_cju87vqa0ndwg0850onjdz7ol_negative,KvasirCVC__kvasir_cju2zp89k9q1g0855k1x0f1xa_boundary
PolypGen__C4_12_endocv2021_positive_566,7.968127269109004e-10,7.468259899390262e-10,-4.998673697187428e-11,KvasirCVC__kvasir_cju3u39fog1bo0871lxjrabks_positive;KvasirCVC__cvc_444_positive,KvasirCVC__kvasir_cju87vqa0ndwg0850onjdz7ol_negative,KvasirCVC__kvasir_cju2zp89k9q1g0855k1x0f1xa_boundary
PolypGen__C5_EndoCV2021_C5_50000269,8.090614844746824e-10,8.019246378054845e-10,-7.136846669197894e-12,KvasirCVC__kvasir_cju3u39fog1bo0871lxjrabks_positive;KvasirCVC__cvc_444_positive,KvasirCVC__kvasir_cju87vqa0ndwg0850onjdz7ol_negative,KvasirCVC__kvasir_cju2zp89k9q1g0855k1x0f1xa_boundary
PolypGen__C3_C3_EndoCV2021_0043,8.176614940680338e-10,9.09918085323369e-10,9.225659125533525e-11,KvasirCVC__kvasir_cju3u39fog1bo0871lxjrabks_positive;KvasirCVC__cvc_444_positive,KvasirCVC__cvc_210_negative,KvasirCVC__kvasir_cju2zp89k9q1g0855k1x0f1xa_boundary
PolypGen__C3_C3_EndoCV2021_00453,8.176614940680338e-10,4.755111859822136e-10,-3.4215030808582014e-10,KvasirCVC__kvasir_cju3u39fog1bo0871lxjrabks_positive;KvasirCVC__kvasir_cju33w4sdcivk0855x879zht7_positive,KvasirCVC__kvasir_cju87vqa0ndwg0850onjdz7ol_negative,KvasirCVC__kvasir_cju2zp89k9q1g0855k1x0f1xa_boundary
PolypGen__C3_C3_EndoCV2021_0098,8.190008116137903e-10,0.9272727370262146,0.9272727362072137,KvasirCVC__kvasir_cju3u39fog1bo0871lxjrabks_positive;KvasirCVC__cvc_444_positive,KvasirCVC__kvasir_cju87vqa0ndwg0850onjdz7ol_negative,KvasirCVC__kvasir_cju2zp89k9q1g0855k1x0f1xa_boundary
PolypGen__C3_C3_EndoCV2021_00228,8.29875501651145e-10,0.9545893669128418,0.9545893660829663,KvasirCVC__kvasir_cju3u39fog1bo0871lxjrabks_positive;KvasirCVC__cvc_444_positive,KvasirCVC__kvasir_cju87vqa0ndwg0850onjdz7ol_negative,KvasirCVC__kvasir_cju2zp89k9q1g0855k1x0f1xa_boundary
PolypGen__C5_EndoCV2021_C5_50000178,8.305647836159835e-10,0.8711656332015991,0.8711656323710344,KvasirCVC__kvasir_cju3u39fog1bo0871lxjrabks_positive;KvasirCVC__cvc_54_positive,KvasirCVC__cvc_210_negative,KvasirCVC__kvasir_cju2zp89k9q1g0855k1x0f1xa_boundary
PolypGen__C5_EndoCV2021_C5_50000313,8.605852142018477e-10,8.123476891164216e-10,-4.8237525085426114e-11,KvasirCVC__kvasir_cju3u39fog1bo0871lxjrabks_positive;KvasirCVC__kvasir_cju33w4sdcivk0855x879zht7_positive,KvasirCVC__kvasir_cju87vqa0ndwg0850onjdz7ol_negative,KvasirCVC__kvasir_cju2zp89k9q1g0855k1x0f1xa_boundary
PolypGen__C2_EndoCV2021_001347,8.628127656784557e-10,8.710801524536294e-10,8.26738677517369e-12,KvasirCVC__kvasir_cju3u39fog1bo0871lxjrabks_positive;KvasirCVC__cvc_444_positive,KvasirCVC__kvasir_cju87vqa0ndwg0850onjdz7ol_negative,KvasirCVC__kvasir_cju2zp89k9q1g0855k1x0f1xa_boundary
PolypGen__C4_14_endocv2021_positive_491,8.673026741234935e-10,2.097755441576865e-10,-6.57527129965807e-10,KvasirCVC__kvasir_cju3u39fog1bo0871lxjrabks_positive;KvasirCVC__cvc_444_positive,KvasirCVC__kvasir_cju87vqa0ndwg0850onjdz7ol_negative,KvasirCVC__kvasir_cju2zp89k9q1g0855k1x0f1xa_boundary
PolypGen__C5_EndoCV2021_C5_50000212,8.673026741234935e-10,8.643042392897371e-10,-2.9984348337563915e-12,KvasirCVC__kvasir_cju3u39fog1bo0871lxjrabks_positive;KvasirCVC__cvc_444_positive,KvasirCVC__kvasir_cju87vqa0ndwg0850onjdz7ol_negative,KvasirCVC__kvasir_cju2zp89k9q1g0855k1x0f1xa_boundary
PolypGen__C4_18_endocv2021_positive_1492,8.748906599187478e-10,0.3333333432674408,0.33333334239255014,KvasirCVC__kvasir_cju3u39fog1bo0871lxjrabks_positive;KvasirCVC__cvc_444_positive,KvasirCVC__kvasir_cju87vqa0ndwg0850onjdz7ol_negative,KvasirCVC__kvasir_cju2zp89k9q1g0855k1x0f1xa_boundary
PolypGen__C4_18_endocv2021_positive_960,8.771929849160642e-10,8.264462891816038e-09,7.387269906899974e-09,KvasirCVC__kvasir_cju3u39fog1bo0871lxjrabks_positive;KvasirCVC__cvc_444_positive,KvasirCVC__kvasir_cju87vqa0ndwg0850onjdz7ol_negative,KvasirCVC__kvasir_cju2zp89k9q1g0855k1x0f1xa_boundary
PolypGen__C3_C3_EndoCV2021_0068,8.802816808817227e-10,8.802816808817227e-10,0.0,KvasirCVC__kvasir_cju3u39fog1bo0871lxjrabks_positive;KvasirCVC__cvc_444_positive,KvasirCVC__kvasir_cju87vqa0ndwg0850onjdz7ol_negative,KvasirCVC__kvasir_cju2zp89k9q1g0855k1x0f1xa_boundary
PolypGen__C1_962OLCV1_100H0004,9.216589713645362e-10,9.267840384019621e-10,5.125067037425879e-12,KvasirCVC__kvasir_cju3u39fog1bo0871lxjrabks_positive;KvasirCVC__cvc_444_positive,KvasirCVC__kvasir_cju87vqa0ndwg0850onjdz7ol_negative,KvasirCVC__kvasir_cju2zp89k9q1g0855k1x0f1xa_boundary
PolypGen__C3_C3_EndoCV2021_0026,9.293680269806259e-10,2.3457658038239515e-10,-6.947914465982308e-10,KvasirCVC__kvasir_cju3u39fog1bo0871lxjrabks_positive;KvasirCVC__cvc_444_positive,KvasirCVC__kvasir_cju87vqa0ndwg0850onjdz7ol_negative,KvasirCVC__kvasir_cju2zp89k9q1g0855k1x0f1xa_boundary
PolypGen__C6_EndoCV2021_C6_0100043,9.727626482103346e-10,0.019512195140123367,0.01951219416736072,KvasirCVC__kvasir_cju3u39fog1bo0871lxjrabks_positive;KvasirCVC__cvc_54_positive,KvasirCVC__kvasir_cju87vqa0ndwg0850onjdz7ol_negative,KvasirCVC__kvasir_cju2zp89k9q1g0855k1x0f1xa_boundary
PolypGen__C4_30_endocv2021_positive_1417,9.8619323818383e-10,5.649717360611817e-10,-4.212215021226484e-10,KvasirCVC__kvasir_cju3u39fog1bo0871lxjrabks_positive;KvasirCVC__cvc_444_positive,KvasirCVC__kvasir_cju87vqa0ndwg0850onjdz7ol_negative,KvasirCVC__kvasir_cju2zp89k9q1g0855k1x0f1xa_boundary
PolypGen__C1_231OLCV1_100H0010,9.940357426074797e-10,0.8176100850105286,0.8176100840164928,KvasirCVC__kvasir_cju3u39fog1bo0871lxjrabks_positive;KvasirCVC__cvc_444_positive,KvasirCVC__kvasir_cju87vqa0ndwg0850onjdz7ol_negative,KvasirCVC__kvasir_cju2zp89k9q1g0855k1x0f1xa_boundary
PolypGen__C5_EndoCV2021_C5_50000227,9.97008919867426e-10,0.8888888955116272,0.8888888945146183,KvasirCVC__kvasir_cju3u39fog1bo0871lxjrabks_positive;KvasirCVC__cvc_54_positive,KvasirCVC__kvasir_cju87vqa0ndwg0850onjdz7ol_negative,KvasirCVC__kvasir_cju2zp89k9q1g0855k1x0f1xa_boundary
PolypGen__C2_EndoCV2021_001160,1.0548523166065138e-09,1.1834319080250566e-09,1.285795914185428e-10,KvasirCVC__kvasir_cju3u39fog1bo0871lxjrabks_positive;KvasirCVC__cvc_444_positive,KvasirCVC__kvasir_cju87vqa0ndwg0850onjdz7ol_negative,KvasirCVC__kvasir_cju2zp89k9q1g0855k1x0f1xa_boundary
PolypGen__C2_EndoCV2021_001054,1.0706637798563179e-09,1.1494253326915782e-09,7.876155283526032e-11,KvasirCVC__kvasir_cju3u39fog1bo0871lxjrabks_positive;KvasirCVC__cvc_444_positive,KvasirCVC__kvasir_cju87vqa0ndwg0850onjdz7ol_negative,KvasirCVC__kvasir_cju2zp89k9q1g0855k1x0f1xa_boundary
PolypGen__C4_27_endocv2021_positive_975,1.0787486459662432e-09,0.840941846370697,0.8409418452919484,KvasirCVC__kvasir_cju3u39fog1bo0871lxjrabks_positive;KvasirCVC__cvc_444_positive,KvasirCVC__kvasir_cju87vqa0ndwg0850onjdz7ol_negative,KvasirCVC__kvasir_cju2zp89k9q1g0855k1x0f1xa_boundary
PolypGen__C5_EndoCV2021_C5_50000110,1.0940919281665629e-09,1.0330578614770047e-09,-6.103406668955813e-11,KvasirCVC__kvasir_cju3u39fog1bo0871lxjrabks_positive;KvasirCVC__cvc_54_positive,KvasirCVC__cvc_210_negative,KvasirCVC__kvasir_cju2zp89k9q1g0855k1x0f1xa_boundary
PolypGen__C2_EndoCV2021_001165,1.117318459975536e-09,1.589825160408509e-09,4.72506700432973e-10,KvasirCVC__kvasir_cju3u39fog1bo0871lxjrabks_positive;KvasirCVC__cvc_54_positive,KvasirCVC__cvc_210_negative,KvasirCVC__kvasir_cju2zp89k9q1g0855k1x0f1xa_boundary
PolypGen__C2_EndoCV2021_001352,1.1574073921494232e-09,0.9737324118614197,0.9737324107040123,KvasirCVC__kvasir_cju3u39fog1bo0871lxjrabks_positive;KvasirCVC__cvc_444_positive,KvasirCVC__kvasir_cju87vqa0ndwg0850onjdz7ol_negative,KvasirCVC__kvasir_cju2zp89k9q1g0855k1x0f1xa_boundary
PolypGen__C5_EndoCV2021_C5_50000010,1.1600927996013866e-09,0.8119891285896301,0.8119891274295373,KvasirCVC__kvasir_cju3u39fog1bo0871lxjrabks_positive;KvasirCVC__cvc_444_positive,KvasirCVC__kvasir_cju87vqa0ndwg0850onjdz7ol_negative,KvasirCVC__kvasir_cju2zp89k9q1g0855k1x0f1xa_boundary
PolypGen__C5_EndoCV2021_C5_50000113,1.1627906415512257e-09,0.6744844317436218,0.6744844305808312,KvasirCVC__kvasir_cju3u39fog1bo0871lxjrabks_positive;KvasirCVC__cvc_444_positive,KvasirCVC__kvasir_cju87vqa0ndwg0850onjdz7ol_negative,KvasirCVC__kvasir_cju2zp89k9q1g0855k1x0f1xa_boundary
PolypGen__C3_C3_EndoCV2021_00185,1.1778562569730866e-09,0.9544603824615479,0.9544603812836916,KvasirCVC__kvasir_cju3u39fog1bo0871lxjrabks_positive;KvasirCVC__cvc_444_positive,KvasirCVC__kvasir_cju87vqa0ndwg0850onjdz7ol_negative,KvasirCVC__kvasir_cju2zp89k9q1g0855k1x0f1xa_boundary
PolypGen__C5_EndoCV2021_C5_50000011,1.2077294719858855e-09,0.007899835705757141,0.007899834498027669,KvasirCVC__kvasir_cju3u39fog1bo0871lxjrabks_positive;KvasirCVC__cvc_54_positive,KvasirCVC__kvasir_cju87vqa0ndwg0850onjdz7ol_negative,KvasirCVC__kvasir_cju2zp89k9q1g0855k1x0f1xa_boundary
PolypGen__C5_EndoCV2021_C5_50000066,1.2091898593524775e-09,2.9498525844218193e-09,1.7406627250693418e-09,KvasirCVC__cvc_54_positive;KvasirCVC__kvasir_cju3u39fog1bo0871lxjrabks_positive,KvasirCVC__kvasir_cju87vqa0ndwg0850onjdz7ol_negative,KvasirCVC__kvasir_cju2zp89k9q1g0855k1x0f1xa_boundary
PolypGen__C4_23_endocv2021_positive_1084,1.2360938939082189e-09,1.2499999924031613e-09,1.3906098494942398e-11,KvasirCVC__kvasir_cju3u39fog1bo0871lxjrabks_positive;KvasirCVC__cvc_444_positive,KvasirCVC__kvasir_cju87vqa0ndwg0850onjdz7ol_negative,KvasirCVC__kvasir_cju2zp89k9q1g0855k1x0f1xa_boundary
PolypGen__C5_EndoCV2021_C5_50000276,1.2562814122318855e-09,0.24166305363178253,0.24166305237550112,KvasirCVC__kvasir_cju3u39fog1bo0871lxjrabks_positive;KvasirCVC__cvc_444_positive,KvasirCVC__kvasir_cju87vqa0ndwg0850onjdz7ol_negative,KvasirCVC__kvasir_cju2zp89k9q1g0855k1x0f1xa_boundary
PolypGen__C3_C3_EndoCV2021_0044,1.288659845499751e-09,0.8203677535057068,0.8203677522170469,KvasirCVC__kvasir_cju3u39fog1bo0871lxjrabks_positive;KvasirCVC__cvc_54_positive,KvasirCVC__cvc_210_negative,KvasirCVC__kvasir_cju2zp89k9q1g0855k1x0f1xa_boundary
PolypGen__C5_EndoCV2021_C5_50000270,1.3245032848274718e-09,0.8578312993049622,0.8578312979804589,KvasirCVC__kvasir_cju3u39fog1bo0871lxjrabks_positive;KvasirCVC__cvc_444_positive,KvasirCVC__kvasir_cju87vqa0ndwg0850onjdz7ol_negative,KvasirCVC__kvasir_cju2zp89k9q1g0855k1x0f1xa_boundary
PolypGen__C4_18_endocv2021_positive_908,1.3297872802908728e-09,0.8266666531562805,0.8266666518264932,KvasirCVC__kvasir_cju3u39fog1bo0871lxjrabks_positive;KvasirCVC__cvc_444_positive,KvasirCVC__kvasir_cju87vqa0ndwg0850onjdz7ol_negative,KvasirCVC__kvasir_cju2zp89k9q1g0855k1x0f1xa_boundary
PolypGen__C6_EndoCV2021_C6_0100059,1.3495277118025228e-09,7.230657739221158e-10,-6.26461937880407e-10,KvasirCVC__kvasir_cju3u39fog1bo0871lxjrabks_positive;KvasirCVC__cvc_54_positive,KvasirCVC__cvc_210_negative,KvasirCVC__kvasir_cju2zp89k9q1g0855k1x0f1xa_boundary
PolypGen__C1_442OLCV1_100H0002,1.3831258360852416e-09,1.3812154753267691e-09,-1.910360758472507e-12,KvasirCVC__kvasir_cju3u39fog1bo0871lxjrabks_positive;KvasirCVC__cvc_444_positive,KvasirCVC__kvasir_cju87vqa0ndwg0850onjdz7ol_negative,KvasirCVC__kvasir_cju2zp89k9q1g0855k1x0f1xa_boundary
PolypGen__C2_EndoCV2021_001039,1.3869625448137413e-09,6.788866135920557e-10,-7.080759312216856e-10,KvasirCVC__kvasir_cju3u39fog1bo0871lxjrabks_positive;KvasirCVC__cvc_444_positive,KvasirCVC__kvasir_cju87vqa0ndwg0850onjdz7ol_negative,KvasirCVC__kvasir_cju2zp89k9q1g0855k1x0f1xa_boundary
PolypGen__C3_C3_EndoCV2021_00343,1.4124293956641054e-09,0.715925395488739,0.7159253940763096,KvasirCVC__kvasir_cju3u39fog1bo0871lxjrabks_positive;KvasirCVC__kvasir_cju33w4sdcivk0855x879zht7_positive,KvasirCVC__kvasir_cju87vqa0ndwg0850onjdz7ol_negative,KvasirCVC__kvasir_cju2zp89k9q1g0855k1x0f1xa_boundary
PolypGen__C4_28_endocv2021_positive_545,1.4684288229815934e-09,3.017501526425548e-10,-1.1666786703390386e-09,KvasirCVC__kvasir_cju3u39fog1bo0871lxjrabks_positive;KvasirCVC__cvc_444_positive,KvasirCVC__kvasir_cju87vqa0ndwg0850onjdz7ol_negative,KvasirCVC__kvasir_cju2zp89k9q1g0855k1x0f1xa_boundary
PolypGen__C3_C3_EndoCV2021_00345,1.488095202617501e-09,1.4705882067644893e-09,-1.750699585301163e-11,KvasirCVC__kvasir_cju3u39fog1bo0871lxjrabks_positive;KvasirCVC__cvc_444_positive,KvasirCVC__kvasir_cju87vqa0ndwg0850onjdz7ol_negative,KvasirCVC__kvasir_cju2zp89k9q1g0855k1x0f1xa_boundary
PolypGen__C6_EndoCV2021_C6_0100030,1.4925373159613287e-09,0.8707482814788818,0.8707482799863445,KvasirCVC__kvasir_cju3u39fog1bo0871lxjrabks_positive;KvasirCVC__cvc_54_positive,KvasirCVC__kvasir_cju87vqa0ndwg0850onjdz7ol_negative,KvasirCVC__kvasir_cju2zp89k9q1g0855k1x0f1xa_boundary
PolypGen__C6_EndoCV2021_C6_0100102,1.501501478706757e-09,1.3531800124866322e-09,-1.4832146622012488e-10,KvasirCVC__kvasir_cju3u39fog1bo0871lxjrabks_positive;KvasirCVC__cvc_54_positive,KvasirCVC__kvasir_cju87vqa0ndwg0850onjdz7ol_negative,KvasirCVC__kvasir_cju0tl3uz8blh0993wxvn7ly3_boundary
PolypGen__C5_EndoCV2021_C5_50000277,1.5174507206339172e-09,1.414427130974616e-09,-1.0302358965930125e-10,KvasirCVC__kvasir_cju3u39fog1bo0871lxjrabks_positive;KvasirCVC__cvc_444_positive,KvasirCVC__kvasir_cju87vqa0ndwg0850onjdz7ol_negative,KvasirCVC__kvasir_cju2zp89k9q1g0855k1x0f1xa_boundary
PolypGen__C2_EndoCV2021_001356,1.5197568759006685e-09,0.9564444422721863,0.9564444407524294,KvasirCVC__cvc_54_positive;KvasirCVC__kvasir_cju3u39fog1bo0871lxjrabks_positive,KvasirCVC__kvasir_cju87vqa0ndwg0850onjdz7ol_negative,KvasirCVC__cvc_96_boundary
PolypGen__C5_EndoCV2021_C5_50000111,1.5432098932066651e-09,0.5916230082511902,0.5916230067079803,KvasirCVC__kvasir_cju3u39fog1bo0871lxjrabks_positive;KvasirCVC__cvc_444_positive,KvasirCVC__kvasir_cju87vqa0ndwg0850onjdz7ol_negative,KvasirCVC__kvasir_cju2zp89k9q1g0855k1x0f1xa_boundary
PolypGen__C4_29_endocv2021_positive_39,1.5576323564303607e-09,1.4684288229815934e-09,-8.92035334487673e-11,KvasirCVC__kvasir_cju3u39fog1bo0871lxjrabks_positive;KvasirCVC__cvc_444_positive,KvasirCVC__kvasir_cju87vqa0ndwg0850onjdz7ol_negative,KvasirCVC__kvasir_cju2zp89k9q1g0855k1x0f1xa_boundary
PolypGen__C2_EndoCV2021_001268,1.5748031767515158e-09,0.27853402495384216,0.278534023379039,KvasirCVC__kvasir_cju3u39fog1bo0871lxjrabks_positive;KvasirCVC__cvc_54_positive,KvasirCVC__kvasir_cju87vqa0ndwg0850onjdz7ol_negative,KvasirCVC__kvasir_cju0tl3uz8blh0993wxvn7ly3_boundary
PolypGen__C2_EndoCV2021_001035,1.582278530420922e-09,9.881422347035596e-10,-5.941362957173624e-10,KvasirCVC__kvasir_cju3u39fog1bo0871lxjrabks_positive;KvasirCVC__cvc_444_positive,KvasirCVC__kvasir_cju87vqa0ndwg0850onjdz7ol_negative,KvasirCVC__kvasir_cju2zp89k9q1g0855k1x0f1xa_boundary
PolypGen__C2_EndoCV2021_001163,1.587301623473536e-09,0.8404170274734497,0.8404170258861481,KvasirCVC__kvasir_cju3u39fog1bo0871lxjrabks_positive;KvasirCVC__cvc_54_positive,KvasirCVC__cvc_210_negative,KvasirCVC__kvasir_cju43kj2pm34f0850l28ahpni_boundary
PolypGen__C4_27_endocv2021_positive_289,1.587301623473536e-09,0.11909610778093338,0.11909610619363176,KvasirCVC__kvasir_cju3u39fog1bo0871lxjrabks_positive;KvasirCVC__cvc_444_positive,KvasirCVC__kvasir_cju87vqa0ndwg0850onjdz7ol_negative,KvasirCVC__kvasir_cju2zp89k9q1g0855k1x0f1xa_boundary
PolypGen__C4_16_endocv2021_positive_498,1.6077170705841581e-09,1.597444065914999e-09,-1.0273004669159036e-11,KvasirCVC__kvasir_cju3u39fog1bo0871lxjrabks_positive;KvasirCVC__cvc_444_positive,KvasirCVC__kvasir_cju87vqa0ndwg0850onjdz7ol_negative,KvasirCVC__kvasir_cju2zp89k9q1g0855k1x0f1xa_boundary
PolypGen__C5_EndoCV2021_C5_50000255,1.650165004640769e-09,1.661129567231967e-09,1.0964562591198046e-11,KvasirCVC__kvasir_cju3u39fog1bo0871lxjrabks_positive;KvasirCVC__cvc_444_positive,KvasirCVC__kvasir_cju87vqa0ndwg0850onjdz7ol_negative,KvasirCVC__kvasir_cju2zp89k9q1g0855k1x0f1xa_boundary
PolypGen__C2_EndoCV2021_001384,1.672240790284718e-09,0.8790322542190552,0.8790322525468144,KvasirCVC__kvasir_cju3u39fog1bo0871lxjrabks_positive;KvasirCVC__cvc_54_positive,KvasirCVC__kvasir_cju87vqa0ndwg0850onjdz7ol_negative,KvasirCVC__kvasir_cju2zp89k9q1g0855k1x0f1xa_boundary
PolypGen__C2_EndoCV2021_001064,1.6977929062633734e-09,1.6806722680229313e-09,-1.7120638240442076e-11,KvasirCVC__kvasir_cju3u39fog1bo0871lxjrabks_positive;KvasirCVC__cvc_444_positive,KvasirCVC__kvasir_cju87vqa0ndwg0850onjdz7ol_negative,KvasirCVC__kvasir_cju2zp89k9q1g0855k1x0f1xa_boundary
PolypGen__C5_EndoCV2021_C5_50000049,1.7793594375703492e-09,0.8767833709716797,0.8767833691923202,KvasirCVC__cvc_54_positive;KvasirCVC__kvasir_cju3u39fog1bo0871lxjrabks_positive,KvasirCVC__cvc_210_negative,KvasirCVC__cvc_54_boundary
PolypGen__C3_C3_EndoCV2021_00332,1.831501839077987e-09,1.8148820224439532e-09,-1.6619816634033668e-11,KvasirCVC__kvasir_cju3u39fog1bo0871lxjrabks_positive;KvasirCVC__kvasir_cju33w4sdcivk0855x879zht7_positive,KvasirCVC__kvasir_cju87vqa0ndwg0850onjdz7ol_negative,KvasirCVC__kvasir_cju2zp89k9q1g0855k1x0f1xa_boundary
PolypGen__C1_144OLCV1_100H0024,1.8587360539612519e-09,1.8450184713358908e-09,-1.3717582625361047e-11,KvasirCVC__kvasir_cju3u39fog1bo0871lxjrabks_positive;KvasirCVC__cvc_444_positive,KvasirCVC__kvasir_cju87vqa0ndwg0850onjdz7ol_negative,KvasirCVC__kvasir_cju2zp89k9q1g0855k1x0f1xa_boundary
PolypGen__C4_21_endocv2021_positive_1482,1.872659138868471e-09,0.14000831544399261,0.14000831357133348,KvasirCVC__kvasir_cju3u39fog1bo0871lxjrabks_positive;KvasirCVC__cvc_444_positive,KvasirCVC__kvasir_cju87vqa0ndwg0850onjdz7ol_negative,KvasirCVC__kvasir_cju2zp89k9q1g0855k1x0f1xa_boundary
PolypGen__C1_642OLCV1_100H0012,1.8761725506521998e-09,0.914893627166748,0.9148936252905755,KvasirCVC__kvasir_cju3u39fog1bo0871lxjrabks_positive;KvasirCVC__cvc_444_positive,KvasirCVC__kvasir_cju87vqa0ndwg0850onjdz7ol_negative,KvasirCVC__kvasir_cju2zp89k9q1g0855k1x0f1xa_boundary
PolypGen__C3_C3_EndoCV2021_0038,1.886792500016554e-09,1.8288222325413273e-10,-1.7039102767624215e-09,KvasirCVC__kvasir_cju3u39fog1bo0871lxjrabks_positive;KvasirCVC__cvc_444_positive,KvasirCVC__cvc_210_negative,KvasirCVC__kvasir_cju2zp89k9q1g0855k1x0f1xa_boundary
PolypGen__C2_EndoCV2021_001057,1.890359202505465e-09,2.0986358484353929e-10,-1.6804956176619257e-09,KvasirCVC__kvasir_cju3u39fog1bo0871lxjrabks_positive;KvasirCVC__kvasir_cju33w4sdcivk0855x879zht7_positive,KvasirCVC__kvasir_cju87vqa0ndwg0850onjdz7ol_negative,KvasirCVC__kvasir_cju2zp89k9q1g0855k1x0f1xa_boundary
PolypGen__C5_EndoCV2021_C5_50000268,1.9455252964206693e-09,0.7131367325782776,0.7131367306327523,KvasirCVC__kvasir_cju3u39fog1bo0871lxjrabks_positive;KvasirCVC__cvc_444_positive,KvasirCVC__kvasir_cju87vqa0ndwg0850onjdz7ol_negative,KvasirCVC__kvasir_cju2zp89k9q1g0855k1x0f1xa_boundary
PolypGen__C3_C3_EndoCV2021_00329,1.9531249950688334e-09,1.956947048853408e-09,3.822053784574564e-12,KvasirCVC__kvasir_cju3u39fog1bo0871lxjrabks_positive;KvasirCVC__cvc_444_positive,KvasirCVC__kvasir_cju87vqa0ndwg0850onjdz7ol_negative,KvasirCVC__kvasir_cju2zp89k9q1g0855k1x0f1xa_boundary
PolypGen__C1_278OLCV1_100H0012,1.964636453521962e-09,1.976284469407119e-09,1.1648015885157292e-11,KvasirCVC__kvasir_cju3u39fog1bo0871lxjrabks_positive;KvasirCVC__cvc_444_positive,KvasirCVC__kvasir_cju87vqa0ndwg0850onjdz7ol_negative,KvasirCVC__kvasir_cju2zp89k9q1g0855k1x0f1xa_boundary
PolypGen__C3_C3_EndoCV2021_00265,1.9801980055689228e-09,1.9801980055689228e-09,0.0,KvasirCVC__kvasir_cju3u39fog1bo0871lxjrabks_positive;KvasirCVC__cvc_444_positive,KvasirCVC__kvasir_cju87vqa0ndwg0850onjdz7ol_negative,KvasirCVC__kvasir_cju2zp89k9q1g0855k1x0f1xa_boundary
PolypGen__C1_848OLCV1_100H0002,2.0283974500046043e-09,1.886792500016554e-09,-1.4160494998805007e-10,KvasirCVC__kvasir_cju3u39fog1bo0871lxjrabks_positive;KvasirCVC__cvc_444_positive,KvasirCVC__kvasir_cju87vqa0ndwg0850onjdz7ol_negative,KvasirCVC__kvasir_cju2zp89k9q1g0855k1x0f1xa_boundary
PolypGen__C3_C3_EndoCV2021_0055,2.0661157229540095e-09,0.7657142877578735,0.7657142856917578,KvasirCVC__kvasir_cju3u39fog1bo0871lxjrabks_positive;KvasirCVC__cvc_54_positive,KvasirCVC__cvc_210_negative,KvasirCVC__kvasir_cju43kj2pm34f0850l28ahpni_boundary
PolypGen__C2_EndoCV2021_001053,2.074688865150165e-09,0.24518518149852753,0.24518517942383866,KvasirCVC__kvasir_cju3u39fog1bo0871lxjrabks_positive;KvasirCVC__cvc_444_positive,KvasirCVC__kvasir_cju87vqa0ndwg0850onjdz7ol_negative,KvasirCVC__kvasir_cju2zp89k9q1g0855k1x0f1xa_boundary
PolypGen__C4_27_endocv2021_positive_1257,2.0790020816008337e-09,0.09033511579036713,0.09033511371136504,KvasirCVC__kvasir_cju3u39fog1bo0871lxjrabks_positive;KvasirCVC__cvc_444_positive,KvasirCVC__kvasir_cju87vqa0ndwg0850onjdz7ol_negative,KvasirCVC__kvasir_cju2zp89k9q1g0855k1x0f1xa_boundary
PolypGen__C5_EndoCV2021_C5_50000271,2.0790020816008337e-09,2.074688865150165e-09,-4.313216450668733e-12,KvasirCVC__kvasir_cju3u39fog1bo0871lxjrabks_positive;KvasirCVC__cvc_444_positive,KvasirCVC__kvasir_cju87vqa0ndwg0850onjdz7ol_negative,KvasirCVC__kvasir_cju2zp89k9q1g0855k1x0f1xa_boundary
PolypGen__C3_C3_EndoCV2021_00321,2.1097046332130276e-09,1.1261260812744922e-09,-9.835785519385354e-10,KvasirCVC__kvasir_cju3u39fog1bo0871lxjrabks_positive;KvasirCVC__cvc_444_positive,KvasirCVC__kvasir_cju87vqa0ndwg0850onjdz7ol_negative,KvasirCVC__kvasir_cju2zp89k9q1g0855k1x0f1xa_boundary
PolypGen__C3_C3_EndoCV2021_00416,2.1186441490073094e-09,0.9556756615638733,0.9556756594452291,KvasirCVC__kvasir_cju3u39fog1bo0871lxjrabks_positive;KvasirCVC__cvc_444_positive,KvasirCVC__kvasir_cju87vqa0ndwg0850onjdz7ol_negative,KvasirCVC__kvasir_cju2zp89k9q1g0855k1x0f1xa_boundary
PolypGen__C2_EndoCV2021_001224,2.178649260997645e-09,0.9570135474205017,0.9570135452418524,KvasirCVC__kvasir_cju3u39fog1bo0871lxjrabks_positive;KvasirCVC__cvc_444_positive,KvasirCVC__kvasir_cju87vqa0ndwg0850onjdz7ol_negative,KvasirCVC__kvasir_cju2zp89k9q1g0855k1x0f1xa_boundary
PolypGen__C3_C3_EndoCV2021_0086,2.1978021624846633e-09,0.8342541456222534,0.8342541434244513,KvasirCVC__kvasir_cju3u39fog1bo0871lxjrabks_positive;KvasirCVC__cvc_444_positive,KvasirCVC__kvasir_cju87vqa0ndwg0850onjdz7ol_negative,KvasirCVC__kvasir_cju2zp89k9q1g0855k1x0f1xa_boundary
PolypGen__C5_EndoCV2021_C5_50000108,2.1978021624846633e-09,0.22352342307567596,0.2235234208778738,KvasirCVC__kvasir_cju3u39fog1bo0871lxjrabks_positive;KvasirCVC__cvc_54_positive,KvasirCVC__cvc_210_negative,KvasirCVC__kvasir_cju2zp89k9q1g0855k1x0f1xa_boundary
PolypGen__C2_EndoCV2021_001213,2.3255812831024514e-09,4.132231445908019e-09,1.8066501628055676e-09,KvasirCVC__kvasir_cju3u39fog1bo0871lxjrabks_positive;KvasirCVC__cvc_54_positive,KvasirCVC__kvasir_cju87vqa0ndwg0850onjdz7ol_negative,KvasirCVC__kvasir_cju2zp89k9q1g0855k1x0f1xa_boundary
PolypGen__C5_EndoCV2021_C5_50000278,2.34192043535586e-09,0.6111111044883728,0.6111111021464524,KvasirCVC__kvasir_cju3u39fog1bo0871lxjrabks_positive;KvasirCVC__cvc_444_positive,KvasirCVC__kvasir_cju87vqa0ndwg0850onjdz7ol_negative,KvasirCVC__kvasir_cju2zp89k9q1g0855k1x0f1xa_boundary
PolypGen__C2_EndoCV2021_001078,2.403846233178797e-09,1.0101009806362526e-08,7.69716357318373e-09,KvasirCVC__kvasir_cju3u39fog1bo0871lxjrabks_positive;KvasirCVC__cvc_444_positive,KvasirCVC__kvasir_cju87vqa0ndwg0850onjdz7ol_negative,KvasirCVC__kvasir_cju2zp89k9q1g0855k1x0f1xa_boundary
PolypGen__C5_EndoCV2021_C5_50000057,2.427184453424047e-09,0.30314233899116516,0.3031423365639807,KvasirCVC__cvc_54_positive;KvasirCVC__kvasir_cju3u39fog1bo0871lxjrabks_positive,KvasirCVC__cvc_210_negative,KvasirCVC__kvasir_cju2zp89k9q1g0855k1x0f1xa_boundary
PolypGen__C2_EndoCV2021_001141,2.9850746319226573e-09,2.9239766163868808e-09,-6.109801553577654e-11,KvasirCVC__kvasir_cju3u39fog1bo0871lxjrabks_positive;KvasirCVC__cvc_444_positive,KvasirCVC__kvasir_cju87vqa0ndwg0850onjdz7ol_negative,KvasirCVC__kvasir_cju2zp89k9q1g0855k1x0f1xa_boundary
PolypGen__C1_471OLCV1_100H0008,3.003002957413514e-09,0.31596639752388,0.31596639452087705,KvasirCVC__kvasir_cju3u39fog1bo0871lxjrabks_positive;KvasirCVC__cvc_444_positive,KvasirCVC__kvasir_cju87vqa0ndwg0850onjdz7ol_negative,KvasirCVC__kvasir_cju2zp89k9q1g0855k1x0f1xa_boundary
PolypGen__C3_C3_EndoCV2021_00331,3.0120481664397403e-09,0.909967839717865,0.9099678367058168,KvasirCVC__kvasir_cju3u39fog1bo0871lxjrabks_positive;KvasirCVC__kvasir_cju33w4sdcivk0855x879zht7_positive,KvasirCVC__kvasir_cju87vqa0ndwg0850onjdz7ol_negative,KvasirCVC__kvasir_cju2zp89k9q1g0855k1x0f1xa_boundary
PolypGen__C2_EndoCV2021_001144,3.194888131829998e-09,3.38983041636709e-09,1.9494228453709184e-10,KvasirCVC__kvasir_cju3u39fog1bo0871lxjrabks_positive;KvasirCVC__cvc_444_positive,KvasirCVC__kvasir_cju87vqa0ndwg0850onjdz7ol_negative,KvasirCVC__kvasir_cju2zp89k9q1g0855k1x0f1xa_boundary
PolypGen__C5_EndoCV2021_C5_50000101,3.3783784658680815e-09,0.08105765283107758,0.08105764945269911,KvasirCVC__kvasir_cju3u39fog1bo0871lxjrabks_positive;KvasirCVC__cvc_444_positive,KvasirCVC__kvasir_cju87vqa0ndwg0850onjdz7ol_negative,KvasirCVC__kvasir_cju2zp89k9q1g0855k1x0f1xa_boundary
PolypGen__C5_EndoCV2021_C5_50000112,3.5335689929638647e-09,0.0018969335360452533,0.0018969300024762603,KvasirCVC__cvc_54_positive;KvasirCVC__kvasir_cju3u39fog1bo0871lxjrabks_positive,KvasirCVC__cvc_210_negative,KvasirCVC__kvasir_cju2zp89k9q1g0855k1x0f1xa_boundary
PolypGen__C1_201OLCV1_100H0018,3.5842293577559303e-09,0.8857142925262451,0.8857142889420158,KvasirCVC__kvasir_cju3u39fog1bo0871lxjrabks_positive;KvasirCVC__cvc_444_positive,KvasirCVC__kvasir_cju87vqa0ndwg0850onjdz7ol_negative,KvasirCVC__kvasir_cju2zp89k9q1g0855k1x0f1xa_boundary
PolypGen__C1_427OLCV1_100H0022,3.5971223777409023e-09,0.5945945978164673,0.5945945942193449,KvasirCVC__kvasir_cju3u39fog1bo0871lxjrabks_positive;KvasirCVC__cvc_444_positive,KvasirCVC__kvasir_cju87vqa0ndwg0850onjdz7ol_negative,KvasirCVC__kvasir_cju2zp89k9q1g0855k1x0f1xa_boundary
PolypGen__C3_C3_EndoCV2021_00397,3.7037037881049173e-09,0.13506340980529785,0.13506340610159406,KvasirCVC__kvasir_cju3u39fog1bo0871lxjrabks_positive;KvasirCVC__cvc_444_positive,KvasirCVC__cvc_210_negative,KvasirCVC__kvasir_cju2zp89k9q1g0855k1x0f1xa_boundary
PolypGen__C5_EndoCV2021_C5_50000306,3.8167939919731e-09,0.6480000019073486,0.6479999980905546,KvasirCVC__kvasir_cju3u39fog1bo0871lxjrabks_positive;KvasirCVC__cvc_444_positive,KvasirCVC__cvc_210_negative,KvasirCVC__kvasir_cju2zp89k9q1g0855k1x0f1xa_boundary
PolypGen__C5_EndoCV2021_C5_50000129,3.906249990137667e-09,0.8409894108772278,0.8409894069709778,KvasirCVC__kvasir_cju3u39fog1bo0871lxjrabks_positive;KvasirCVC__cvc_444_positive,KvasirCVC__kvasir_cju87vqa0ndwg0850onjdz7ol_negative,KvasirCVC__kvasir_cju2zp89k9q1g0855k1x0f1xa_boundary
PolypGen__C5_EndoCV2021_C5_50000122,4.166666567329003e-09,6.480881387105342e-10,-3.5185784286184685e-09,KvasirCVC__kvasir_cju3u39fog1bo0871lxjrabks_positive;KvasirCVC__cvc_444_positive,KvasirCVC__kvasir_cju87vqa0ndwg0850onjdz7ol_negative,KvasirCVC__kvasir_cju2zp89k9q1g0855k1x0f1xa_boundary
PolypGen__C2_EndoCV2021_001128,4.273504217167101e-09,4.0816328095161225e-09,-1.9187140765097865e-10,KvasirCVC__kvasir_cju3u39fog1bo0871lxjrabks_positive;KvasirCVC__cvc_444_positive,KvasirCVC__kvasir_cju87vqa0ndwg0850onjdz7ol_negative,KvasirCVC__kvasir_cju2zp89k9q1g0855k1x0f1xa_boundary
PolypGen__C1_430OLCV1_100H0002,4.329004266168113e-09,0.918367326259613,0.9183673219306088,KvasirCVC__kvasir_cju3u39fog1bo0871lxjrabks_positive;KvasirCVC__cvc_444_positive,KvasirCVC__kvasir_cju87vqa0ndwg0850onjdz7ol_negative,KvasirCVC__kvasir_cju2zp89k9q1g0855k1x0f1xa_boundary
PolypGen__C1_430OLCV1_100S0001,4.545454679316663e-09,0.8461538553237915,0.8461538507783368,KvasirCVC__kvasir_cju3u39fog1bo0871lxjrabks_positive;KvasirCVC__cvc_444_positive,KvasirCVC__kvasir_cju87vqa0ndwg0850onjdz7ol_negative,KvasirCVC__kvasir_cju2zp89k9q1g0855k1x0f1xa_boundary
PolypGen__C3_C3_EndoCV2021_00440,4.566210076717425e-09,0.8894601464271545,0.8894601418609445,KvasirCVC__kvasir_cju3u39fog1bo0871lxjrabks_positive;KvasirCVC__cvc_54_positive,KvasirCVC__cvc_210_negative,KvasirCVC__kvasir_cju2zp89k9q1g0855k1x0f1xa_boundary
PolypGen__C2_EndoCV2021_001375,4.629629568597693e-09,1.3579576352285017e-10,-4.493833805074843e-09,KvasirCVC__kvasir_cju3u39fog1bo0871lxjrabks_positive;KvasirCVC__cvc_444_positive,KvasirCVC__kvasir_cju87vqa0ndwg0850onjdz7ol_negative,KvasirCVC__kvasir_cju2zp89k9q1g0855k1x0f1xa_boundary
PolypGen__C5_EndoCV2021_C5_50000103,4.807692466357594e-09,4.78468908937657e-09,-2.3003376981023393e-11,KvasirCVC__cvc_54_positive;KvasirCVC__kvasir_cju3u39fog1bo0871lxjrabks_positive,KvasirCVC__cvc_210_negative,KvasirCVC__kvasir_cju0tl3uz8blh0993wxvn7ly3_boundary
PolypGen__C2_EndoCV2021_001202,4.9504951249446094e-09,4.310344969837843e-09,-6.401501551067668e-10,KvasirCVC__kvasir_cju3u39fog1bo0871lxjrabks_positive;KvasirCVC__cvc_54_positive,KvasirCVC__cvc_210_negative,KvasirCVC__kvasir_cju2zp89k9q1g0855k1x0f1xa_boundary
PolypGen__C3_C3_EndoCV2021_00280,4.975124312522894e-09,0.31886792182922363,0.3188679168540993,KvasirCVC__kvasir_cju3u39fog1bo0871lxjrabks_positive;KvasirCVC__cvc_444_positive,KvasirCVC__kvasir_cju87vqa0ndwg0850onjdz7ol_negative,KvasirCVC__kvasir_cju2zp89k9q1g0855k1x0f1xa_boundary
PolypGen__C3_C3_EndoCV2021_00395,5.076142173265907e-09,0.7207207083702087,0.7207207032940666,KvasirCVC__kvasir_cju3u39fog1bo0871lxjrabks_positive;KvasirCVC__cvc_444_positive,KvasirCVC__kvasir_cju87vqa0ndwg0850onjdz7ol_negative,KvasirCVC__kvasir_cju2zp89k9q1g0855k1x0f1xa_boundary
PolypGen__C5_EndoCV2021_C5_50000138,5.649717582656422e-09,5.6818181271012236e-09,3.2100544444801926e-11,KvasirCVC__kvasir_cju3u39fog1bo0871lxjrabks_positive;KvasirCVC__cvc_444_positive,KvasirCVC__kvasir_cju87vqa0ndwg0850onjdz7ol_negative,KvasirCVC__kvasir_cju2zp89k9q1g0855k1x0f1xa_boundary
PolypGen__C3_C3_EndoCV2021_00167,5.6818181271012236e-09,0.875,0.8749999943181819,KvasirCVC__kvasir_cju3u39fog1bo0871lxjrabks_positive;KvasirCVC__cvc_444_positive,KvasirCVC__kvasir_cju87vqa0ndwg0850onjdz7ol_negative,KvasirCVC__kvasir_cju2zp89k9q1g0855k1x0f1xa_boundary
PolypGen__C3_C3_EndoCV2021_004,5.9171596511475855e-09,1.763668433518717e-09,-4.1534912176288685e-09,KvasirCVC__kvasir_cju3u39fog1bo0871lxjrabks_positive;KvasirCVC__cvc_54_positive,KvasirCVC__cvc_210_negative,KvasirCVC__kvasir_cju43kj2pm34f0850l28ahpni_boundary
PolypGen__C4_22_endocv2021_positive_982,6.211180014759066e-09,9.033423453708167e-10,-5.307837669388249e-09,KvasirCVC__kvasir_cju3u39fog1bo0871lxjrabks_positive;KvasirCVC__cvc_444_positive,KvasirCVC__kvasir_cju87vqa0ndwg0850onjdz7ol_negative,KvasirCVC__kvasir_cju2zp89k9q1g0855k1x0f1xa_boundary
PolypGen__C2_EndoCV2021_001329,6.4516130215963585e-09,0.021704938262701035,0.021704931811088013,KvasirCVC__kvasir_cju3u39fog1bo0871lxjrabks_positive;KvasirCVC__cvc_444_positive,KvasirCVC__kvasir_cju87vqa0ndwg0850onjdz7ol_negative,KvasirCVC__kvasir_cju2zp89k9q1g0855k1x0f1xa_boundary
PolypGen__C2_EndoCV2021_001245,6.756756931736163e-09,5.005004743985353e-10,-6.256256457337628e-09,KvasirCVC__kvasir_cju3u39fog1bo0871lxjrabks_positive;KvasirCVC__cvc_444_positive,KvasirCVC__cvc_210_negative,KvasirCVC__kvasir_cju43kj2pm34f0850l28ahpni_boundary
PolypGen__C4_25_endocv2021_positive_3,8.19672152374551e-09,7.874016105802184e-09,-3.227054179433253e-10,KvasirCVC__kvasir_cju3u39fog1bo0871lxjrabks_positive;KvasirCVC__kvasir_cju33w4sdcivk0855x879zht7_positive,KvasirCVC__kvasir_cju87vqa0ndwg0850onjdz7ol_negative,KvasirCVC__kvasir_cju2zp89k9q1g0855k1x0f1xa_boundary
PolypGen__C2_EndoCV2021_001206,8.333333134658005e-09,1.694915208183545e-09,-6.63841792647446e-09,KvasirCVC__kvasir_cju3u39fog1bo0871lxjrabks_positive;KvasirCVC__cvc_444_positive,KvasirCVC__kvasir_cju87vqa0ndwg0850onjdz7ol_negative,KvasirCVC__kvasir_cju2zp89k9q1g0855k1x0f1xa_boundary
PolypGen__C4_6_endocv2021_positive_1007,1.0638298242326982e-08,3.546099192064389e-09,-7.092199050262593e-09,KvasirCVC__kvasir_cju3u39fog1bo0871lxjrabks_positive;KvasirCVC__cvc_54_positive,KvasirCVC__kvasir_cju87vqa0ndwg0850onjdz7ol_negative,KvasirCVC__kvasir_cju2zp89k9q1g0855k1x0f1xa_boundary
PolypGen__C4_18_endocv2021_positive_265,1.2048192665758961e-08,1.1627906637556862e-08,-4.2028602820209926e-10,KvasirCVC__kvasir_cju3u39fog1bo0871lxjrabks_positive;KvasirCVC__cvc_444_positive,KvasirCVC__kvasir_cju87vqa0ndwg0850onjdz7ol_negative,KvasirCVC__kvasir_cju2zp89k9q1g0855k1x0f1xa_boundary
PolypGen__C4_26_endocv2021_positive_684,1.2345679145653321e-08,8.68055571867643e-10,-1.1477623573785678e-08,KvasirCVC__kvasir_cju3u39fog1bo0871lxjrabks_positive;KvasirCVC__cvc_444_positive,KvasirCVC__kvasir_cju87vqa0ndwg0850onjdz7ol_negative,KvasirCVC__kvasir_cju2zp89k9q1g0855k1x0f1xa_boundary
PolypGen__C2_EndoCV2021_001184,1.2500000146076218e-08,2.7777778299764577e-08,1.527777815368836e-08,KvasirCVC__kvasir_cju3u39fog1bo0871lxjrabks_positive;KvasirCVC__cvc_444_positive,KvasirCVC__kvasir_cju87vqa0ndwg0850onjdz7ol_negative,KvasirCVC__kvasir_cju2zp89k9q1g0855k1x0f1xa_boundary
PolypGen__C4_19_endocv2021_positive_688,1.2820512651501303e-08,2.490039840985503e-10,-1.2571508667402753e-08,KvasirCVC__kvasir_cju3u39fog1bo0871lxjrabks_positive;KvasirCVC__cvc_444_positive,KvasirCVC__kvasir_cju87vqa0ndwg0850onjdz7ol_negative,KvasirCVC__kvasir_cju2zp89k9q1g0855k1x0f1xa_boundary
PolypGen__C4_13_endocv2021_positive_550,1.4084506894107562e-08,0.8368794322013855,0.8368794181168786,KvasirCVC__kvasir_cju3u39fog1bo0871lxjrabks_positive;KvasirCVC__cvc_444_positive,KvasirCVC__kvasir_cju87vqa0ndwg0850onjdz7ol_negative,KvasirCVC__kvasir_cju2zp89k9q1g0855k1x0f1xa_boundary
PolypGen__C4_13_endocv2021_positive_573,1.4285713945128009e-08,0.7862069010734558,0.7862068867877419,KvasirCVC__kvasir_cju3u39fog1bo0871lxjrabks_positive;KvasirCVC__cvc_54_positive,KvasirCVC__kvasir_cju87vqa0ndwg0850onjdz7ol_negative,KvasirCVC__kvasir_cju2zp89k9q1g0855k1x0f1xa_boundary
PolypGen__C4_19_endocv2021_positive_845,1.612903233194629e-08,1.366306928707317e-10,-1.599240163907556e-08,KvasirCVC__kvasir_cju3u39fog1bo0871lxjrabks_positive;KvasirCVC__cvc_444_positive,KvasirCVC__kvasir_cju87vqa0ndwg0850onjdz7ol_negative,KvasirCVC__kvasir_cju2zp89k9q1g0855k1x0f1xa_boundary
PolypGen__C2_EndoCV2021_001177,1.666666626931601e-08,1.6900456034640854e-10,-1.6497661708969602e-08,KvasirCVC__kvasir_cju3u39fog1bo0871lxjrabks_positive;KvasirCVC__cvc_54_positive,KvasirCVC__kvasir_cju87vqa0ndwg0850onjdz7ol_negative,KvasirCVC__kvasir_cju2zp89k9q1g0855k1x0f1xa_boundary
PolypGen__C4_30_endocv2021_positive_898,2.2222222284540294e-08,4.6948356313691875e-09,-1.7527386653171106e-08,KvasirCVC__kvasir_cju3u39fog1bo0871lxjrabks_positive;KvasirCVC__cvc_444_positive,KvasirCVC__kvasir_cju87vqa0ndwg0850onjdz7ol_negative,KvasirCVC__kvasir_cju2zp89k9q1g0855k1x0f1xa_boundary
PolypGen__C4_29_endocv2021_positive_254,4.761904293104635e-08,1.597444065914999e-09,-4.602159886513135e-08,KvasirCVC__kvasir_cju3u39fog1bo0871lxjrabks_positive;KvasirCVC__cvc_444_positive,KvasirCVC__kvasir_cju87vqa0ndwg0850onjdz7ol_negative,KvasirCVC__kvasir_cju2zp89k9q1g0855k1x0f1xa_boundary
PolypGen__C6_EndoCV2021_C6_0100070,5.55555494941018e-08,9.300595016359381e-11,-5.54625435439382e-08,KvasirCVC__kvasir_cju3u39fog1bo0871lxjrabks_positive;KvasirCVC__cvc_444_positive,KvasirCVC__kvasir_cju87vqa0ndwg0850onjdz7ol_negative,KvasirCVC__kvasir_cju2zp89k9q1g0855k1x0f1xa_boundary
PolypGen__C4_27_endocv2021_positive_216,6.249999273677531e-08,1.3077024185736974e-10,-6.236922249491794e-08,KvasirCVC__kvasir_cju3u39fog1bo0871lxjrabks_positive;KvasirCVC__cvc_444_positive,KvasirCVC__kvasir_cju87vqa0ndwg0850onjdz7ol_negative,KvasirCVC__kvasir_cju2zp89k9q1g0855k1x0f1xa_boundary
PolypGen__C6_EndoCV2021_C6_0100056,7.142856617292637e-08,5.681818349145829e-10,-7.086038433801178e-08,KvasirCVC__kvasir_cju3u39fog1bo0871lxjrabks_positive;KvasirCVC__cvc_54_positive,KvasirCVC__cvc_210_negative,KvasirCVC__kvasir_cju2zp89k9q1g0855k1x0f1xa_boundary
PolypGen__C4_13_endocv2021_positive_464,7.692307235629414e-08,1.9058508937686014e-10,-7.673248726691728e-08,KvasirCVC__kvasir_cju3u39fog1bo0871lxjrabks_positive;KvasirCVC__cvc_54_positive,KvasirCVC__kvasir_cju87vqa0ndwg0850onjdz7ol_negative,KvasirCVC__kvasir_cju2zp89k9q1g0855k1x0f1xa_boundary
PolypGen__C4_13_endocv2021_positive_222,8.333332601750953e-08,1.1444266367899303e-10,-8.321888335383054e-08,KvasirCVC__kvasir_cju3u39fog1bo0871lxjrabks_positive;KvasirCVC__cvc_444_positive,KvasirCVC__kvasir_cju87vqa0ndwg0850onjdz7ol_negative,KvasirCVC__kvasir_cju2zp89k9q1g0855k1x0f1xa_boundary
PolypGen__C4_6_endocv2021_positive_1308,8.333332601750953e-08,2.724795722386375e-09,-8.060853029512316e-08,KvasirCVC__kvasir_cju3u39fog1bo0871lxjrabks_positive;KvasirCVC__cvc_54_positive,KvasirCVC__kvasir_cju87vqa0ndwg0850onjdz7ol_negative,KvasirCVC__kvasir_cju2zp89k9q1g0855k1x0f1xa_boundary
PolypGen__C6_EndoCV2021_C6_0100088,1.111110989882036e-07,8.474576040917725e-10,-1.1026364138411182e-07,KvasirCVC__kvasir_cju3u39fog1bo0871lxjrabks_positive;KvasirCVC__cvc_54_positive,KvasirCVC__cvc_210_negative,KvasirCVC__kvasir_cju2zp89k9q1g0855k1x0f1xa_boundary
PolypGen__C2_EndoCV2021_001117,0.00034965050872415304,0.00141242949757725,0.001062778988853097,KvasirCVC__kvasir_cju3u39fog1bo0871lxjrabks_positive;KvasirCVC__kvasir_cju33w4sdcivk0855x879zht7_positive,KvasirCVC__kvasir_cju87vqa0ndwg0850onjdz7ol_negative,KvasirCVC__kvasir_cju2zp89k9q1g0855k1x0f1xa_boundary
PolypGen__C1_371OLCV1_100H0006,0.00041177700040861964,0.03896103799343109,0.03854926099302247,KvasirCVC__kvasir_cju3u39fog1bo0871lxjrabks_positive;KvasirCVC__cvc_444_positive,KvasirCVC__kvasir_cju87vqa0ndwg0850onjdz7ol_negative,KvasirCVC__kvasir_cju2zp89k9q1g0855k1x0f1xa_boundary
PolypGen__C3_C3_EndoCV2021_0084,0.0004799618327524513,0.251554936170578,0.25107497433782555,KvasirCVC__kvasir_cju3u39fog1bo0871lxjrabks_positive;KvasirCVC__cvc_444_positive,KvasirCVC__kvasir_cju87vqa0ndwg0850onjdz7ol_negative,KvasirCVC__kvasir_cju2zp89k9q1g0855k1x0f1xa_boundary
PolypGen__C2_EndoCV2021_001033,0.0005831755115650594,0.08235830068588257,0.08177512517431751,KvasirCVC__kvasir_cju3u39fog1bo0871lxjrabks_positive;KvasirCVC__cvc_444_positive,KvasirCVC__kvasir_cju87vqa0ndwg0850onjdz7ol_negative,KvasirCVC__kvasir_cju2zp89k9q1g0855k1x0f1xa_boundary
PolypGen__C2_EndoCV2021_001402,0.0008433482144027948,0.9619651436805725,0.9611217954661697,KvasirCVC__kvasir_cju3u39fog1bo0871lxjrabks_positive;KvasirCVC__cvc_444_positive,KvasirCVC__kvasir_cju2y5zas8m7f0801d34g5owq_negative,KvasirCVC__kvasir_cju0tl3uz8blh0993wxvn7ly3_boundary
PolypGen__C5_EndoCV2021_C5_50000173,0.000950419926084578,1.0638297881504499e-10,-0.0009504198197015992,KvasirCVC__cvc_54_positive;KvasirCVC__kvasir_cju3u39fog1bo0871lxjrabks_positive,KvasirCVC__kvasir_cju87vqa0ndwg0850onjdz7ol_negative,KvasirCVC__kvasir_cju2zp89k9q1g0855k1x0f1xa_boundary
PolypGen__C5_EndoCV2021_C5_50000140,0.001174858189187944,0.010437710210680962,0.009262852021493018,KvasirCVC__kvasir_cju3u39fog1bo0871lxjrabks_positive;KvasirCVC__cvc_54_positive,KvasirCVC__kvasir_cju87vqa0ndwg0850onjdz7ol_negative,KvasirCVC__kvasir_cju2zp89k9q1g0855k1x0f1xa_boundary
PolypGen__C2_EndoCV2021_001127,0.0011862397659569979,0.18508918583393097,0.18390294606797397,KvasirCVC__kvasir_cju3u39fog1bo0871lxjrabks_positive;KvasirCVC__cvc_444_positive,KvasirCVC__kvasir_cju87vqa0ndwg0850onjdz7ol_negative,KvasirCVC__kvasir_cju2zp89k9q1g0855k1x0f1xa_boundary
PolypGen__C1_176OLCV1_100H0738,0.001670146593824029,0.0008389265858568251,-0.0008312200079672039,KvasirCVC__kvasir_cju3u39fog1bo0871lxjrabks_positive;KvasirCVC__cvc_444_positive,KvasirCVC__kvasir_cju87vqa0ndwg0850onjdz7ol_negative,KvasirCVC__kvasir_cju2zp89k9q1g0855k1x0f1xa_boundary
PolypGen__C3_C3_EndoCV2021_00261,0.0021727324929088354,0.7100591659545898,0.707886433461681,KvasirCVC__kvasir_cju3u39fog1bo0871lxjrabks_positive;KvasirCVC__cvc_444_positive,KvasirCVC__kvasir_cju87vqa0ndwg0850onjdz7ol_negative,KvasirCVC__kvasir_cju2zp89k9q1g0855k1x0f1xa_boundary
PolypGen__C3_C3_EndoCV2021_00389,0.0021885260939598083,0.0010070495773106813,-0.001181476516649127,KvasirCVC__kvasir_cju3u39fog1bo0871lxjrabks_positive;KvasirCVC__cvc_444_positive,KvasirCVC__kvasir_cju87vqa0ndwg0850onjdz7ol_negative,KvasirCVC__kvasir_cju2zp89k9q1g0855k1x0f1xa_boundary
PolypGen__C5_EndoCV2021_C5_50000102,0.002387347398325801,0.025237487629055977,0.022850140230730176,KvasirCVC__kvasir_cju3u39fog1bo0871lxjrabks_positive;KvasirCVC__cvc_444_positive,KvasirCVC__kvasir_cju87vqa0ndwg0850onjdz7ol_negative,KvasirCVC__kvasir_cju2zp89k9q1g0855k1x0f1xa_boundary
PolypGen__C2_EndoCV2021_001099,0.003159558167681098,0.43539324402809143,0.43223368586041033,KvasirCVC__kvasir_cju3u39fog1bo0871lxjrabks_positive;KvasirCVC__cvc_444_positive,KvasirCVC__kvasir_cju87vqa0ndwg0850onjdz7ol_negative,KvasirCVC__kvasir_cju2zp89k9q1g0855k1x0f1xa_boundary
PolypGen__C3_C3_EndoCV2021_00158,0.0035026276018470526,0.5422171354293823,0.5387145078275353,KvasirCVC__kvasir_cju3u39fog1bo0871lxjrabks_positive;KvasirCVC__cvc_444_positive,KvasirCVC__kvasir_cju87vqa0ndwg0850onjdz7ol_negative,KvasirCVC__kvasir_cju2zp89k9q1g0855k1x0f1xa_boundary
PolypGen__C1_100S0003,0.0035618881229311228,0.005328597035259008,0.0017667089123278856,KvasirCVC__kvasir_cju3u39fog1bo0871lxjrabks_positive;KvasirCVC__cvc_444_positive,KvasirCVC__kvasir_cju87vqa0ndwg0850onjdz7ol_negative,KvasirCVC__kvasir_cju2zp89k9q1g0855k1x0f1xa_boundary
PolypGen__C4_12_endocv2021_positive_503,0.004305705893784761,0.05063733085989952,0.04633162496611476,KvasirCVC__kvasir_cju3u39fog1bo0871lxjrabks_positive;KvasirCVC__cvc_444_positive,KvasirCVC__kvasir_cju87vqa0ndwg0850onjdz7ol_negative,KvasirCVC__kvasir_cju2zp89k9q1g0855k1x0f1xa_boundary
PolypGen__C6_EndoCV2021_C6_0100039,0.004742401652038097,0.0330033004283905,0.028260898776352406,KvasirCVC__kvasir_cju3u39fog1bo0871lxjrabks_positive;KvasirCVC__cvc_444_positive,KvasirCVC__kvasir_cju87vqa0ndwg0850onjdz7ol_negative,KvasirCVC__kvasir_cju2zp89k9q1g0855k1x0f1xa_boundary
PolypGen__C5_EndoCV2021_C5_50000109,0.004953454714268446,0.004549019504338503,-0.0004044352099299431,KvasirCVC__kvasir_cju3u39fog1bo0871lxjrabks_positive;KvasirCVC__cvc_54_positive,KvasirCVC__cvc_210_negative,KvasirCVC__kvasir_cju2zp89k9q1g0855k1x0f1xa_boundary
PolypGen__C6_EndoCV2021_C6_0100103,0.005731523502618074,9.43396250008277e-10,-0.005731522559221824,KvasirCVC__kvasir_cju3u39fog1bo0871lxjrabks_positive;KvasirCVC__cvc_54_positive,KvasirCVC__cvc_210_negative,KvasirCVC__kvasir_cju0tl3uz8blh0993wxvn7ly3_boundary
PolypGen__C2_EndoCV2021_001357,0.005859815515577793,0.2154070883989334,0.20954727288335562,KvasirCVC__cvc_54_positive;KvasirCVC__kvasir_cju3u39fog1bo0871lxjrabks_positive,KvasirCVC__kvasir_cju87vqa0ndwg0850onjdz7ol_negative,KvasirCVC__kvasir_cju2zp89k9q1g0855k1x0f1xa_boundary
PolypGen__C3_C3_EndoCV2021_008,0.00591623829677701,0.4861496686935425,0.48023343039676547,KvasirCVC__kvasir_cju3u39fog1bo0871lxjrabks_positive;KvasirCVC__cvc_444_positive,KvasirCVC__kvasir_cju87vqa0ndwg0850onjdz7ol_negative,KvasirCVC__kvasir_cju2zp89k9q1g0855k1x0f1xa_boundary
PolypGen__C5_EndoCV2021_C5_50000065,0.0061803036369383335,3.0120481664397403e-09,-0.006180300624890167,KvasirCVC__kvasir_cju3u39fog1bo0871lxjrabks_positive;KvasirCVC__cvc_444_positive,KvasirCVC__kvasir_cju87vqa0ndwg0850onjdz7ol_negative,KvasirCVC__kvasir_cju2zp89k9q1g0855k1x0f1xa_boundary
PolypGen__C2_EndoCV2021_001049,0.006521911825984716,0.8369565010070801,0.8304345891810954,KvasirCVC__kvasir_cju3u39fog1bo0871lxjrabks_positive;KvasirCVC__cvc_54_positive,KvasirCVC__cvc_210_negative,KvasirCVC__kvasir_cju2zp89k9q1g0855k1x0f1xa_boundary
PolypGen__C5_EndoCV2021_C5_50000172,0.006618133746087551,2.690341560640519e-10,-0.006618133477053395,KvasirCVC__kvasir_cju3u39fog1bo0871lxjrabks_positive;KvasirCVC__cvc_444_positive,KvasirCVC__kvasir_cju87vqa0ndwg0850onjdz7ol_negative,KvasirCVC__kvasir_cju2zp89k9q1g0855k1x0f1xa_boundary
PolypGen__C4_22_endocv2021_positive_625,0.006901894696056843,4.587155988389213e-09,-0.006901890108900854,KvasirCVC__kvasir_cju3u39fog1bo0871lxjrabks_positive;KvasirCVC__cvc_444_positive,KvasirCVC__kvasir_cju87vqa0ndwg0850onjdz7ol_negative,KvasirCVC__kvasir_cju2zp89k9q1g0855k1x0f1xa_boundary
PolypGen__C6_EndoCV2021_C6_0100025,0.007608179468661547,0.007608179468661547,0.0,KvasirCVC__kvasir_cju3u39fog1bo0871lxjrabks_positive;KvasirCVC__cvc_444_positive,KvasirCVC__kvasir_cju87vqa0ndwg0850onjdz7ol_negative,KvasirCVC__kvasir_cju2zp89k9q1g0855k1x0f1xa_boundary
PolypGen__C5_EndoCV2021_C5_50000264,0.007609052117913961,0.761904776096344,0.75429572397843,KvasirCVC__kvasir_cju3u39fog1bo0871lxjrabks_positive;KvasirCVC__cvc_444_positive,KvasirCVC__kvasir_cju87vqa0ndwg0850onjdz7ol_negative,KvasirCVC__kvasir_cju2zp89k9q1g0855k1x0f1xa_boundary
PolypGen__C5_EndoCV2021_C5_50000036,0.007674597669392824,0.5887899398803711,0.5811153422109783,KvasirCVC__kvasir_cju3u39fog1bo0871lxjrabks_positive;KvasirCVC__cvc_54_positive,KvasirCVC__kvasir_cju87vqa0ndwg0850onjdz7ol_negative,KvasirCVC__kvasir_cju2zp89k9q1g0855k1x0f1xa_boundary
PolypGen__C2_EndoCV2021_001215,0.007843729108572006,0.0878383219242096,0.07999459281563759,KvasirCVC__kvasir_cju3u39fog1bo0871lxjrabks_positive;KvasirCVC__cvc_444_positive,KvasirCVC__kvasir_cju87vqa0ndwg0850onjdz7ol_negative,KvasirCVC__kvasir_cju2zp89k9q1g0855k1x0f1xa_boundary
PolypGen__C5_EndoCV2021_C5_50000188,0.008752155117690563,0.5077720284461975,0.49901987332850695,KvasirCVC__kvasir_cju3u39fog1bo0871lxjrabks_positive;KvasirCVC__cvc_444_positive,KvasirCVC__kvasir_cju87vqa0ndwg0850onjdz7ol_negative,KvasirCVC__kvasir_cju2zp89k9q1g0855k1x0f1xa_boundary
PolypGen__C1_195OLCV1_100H0012,0.00894207414239645,0.8918918967247009,0.8829498225823045,KvasirCVC__kvasir_cju3u39fog1bo0871lxjrabks_positive;KvasirCVC__cvc_54_positive,KvasirCVC__kvasir_cju87vqa0ndwg0850onjdz7ol_negative,KvasirCVC__kvasir_cju2zp89k9q1g0855k1x0f1xa_boundary
PolypGen__C4_6_endocv2021_positive_233,0.00904255360364914,0.010735122486948967,0.0016925688832998276,KvasirCVC__kvasir_cju3u39fog1bo0871lxjrabks_positive;KvasirCVC__cvc_444_positive,KvasirCVC__kvasir_cju87vqa0ndwg0850onjdz7ol_negative,KvasirCVC__kvasir_cju2zp89k9q1g0855k1x0f1xa_boundary
PolypGen__C5_EndoCV2021_C5_50000115,0.010252515785396099,0.0003670062287710607,-0.009885509556625038,KvasirCVC__kvasir_cju3u39fog1bo0871lxjrabks_positive;KvasirCVC__cvc_54_positive,KvasirCVC__kvasir_cju87vqa0ndwg0850onjdz7ol_negative,KvasirCVC__kvasir_cju2zp89k9q1g0855k1x0f1xa_boundary
PolypGen__C5_EndoCV2021_C5_50000186,0.010361223481595516,0.8589743375778198,0.8486131140962243,KvasirCVC__kvasir_cju3u39fog1bo0871lxjrabks_positive;KvasirCVC__cvc_444_positive,KvasirCVC__kvasir_cju87vqa0ndwg0850onjdz7ol_negative,KvasirCVC__kvasir_cju2zp89k9q1g0855k1x0f1xa_boundary
PolypGen__C6_EndoCV2021_C6_0100090,0.010621349327266216,0.015145918354392052,0.004524569027125835,KvasirCVC__kvasir_cju3u39fog1bo0871lxjrabks_positive;KvasirCVC__cvc_444_positive,KvasirCVC__kvasir_cju2y5zas8m7f0801d34g5owq_negative,KvasirCVC__kvasir_cju2zp89k9q1g0855k1x0f1xa_boundary
PolypGen__C1_177OLCV1_100H0014,0.010731319896876812,5.246589829255299e-10,-0.010731319372217829,KvasirCVC__kvasir_cju3u39fog1bo0871lxjrabks_positive;KvasirCVC__cvc_444_positive,KvasirCVC__kvasir_cju87vqa0ndwg0850onjdz7ol_negative,KvasirCVC__kvasir_cju2zp89k9q1g0855k1x0f1xa_boundary
PolypGen__C3_C3_EndoCV2021_00182,0.010858636349439621,0.6280193328857422,0.6171606965363026,KvasirCVC__kvasir_cju3u39fog1bo0871lxjrabks_positive;KvasirCVC__cvc_444_positive,KvasirCVC__kvasir_cju87vqa0ndwg0850onjdz7ol_negative,KvasirCVC__kvasir_cju2zp89k9q1g0855k1x0f1xa_boundary
PolypGen__C1_469OLCV1_100H0006,0.011418533511459827,0.37870854139328003,0.3672900078818202,KvasirCVC__kvasir_cju3u39fog1bo0871lxjrabks_positive;KvasirCVC__cvc_444_positive,KvasirCVC__kvasir_cju87vqa0ndwg0850onjdz7ol_negative,KvasirCVC__kvasir_cju2zp89k9q1g0855k1x0f1xa_boundary
PolypGen__C5_EndoCV2021_C5_50000267,0.012083388864994049,0.8317757248878479,0.8196923360228539,KvasirCVC__kvasir_cju3u39fog1bo0871lxjrabks_positive;KvasirCVC__cvc_444_positive,KvasirCVC__kvasir_cju87vqa0ndwg0850onjdz7ol_negative,KvasirCVC__kvasir_cju2zp89k9q1g0855k1x0f1xa_boundary
PolypGen__C1_133OLCV1_100H0013,0.012097051367163658,1.9230768089073536e-09,-0.01209704944408685,KvasirCVC__kvasir_cju3u39fog1bo0871lxjrabks_positive;KvasirCVC__cvc_444_positive,KvasirCVC__kvasir_cju87vqa0ndwg0850onjdz7ol_negative,KvasirCVC__kvasir_cju2zp89k9q1g0855k1x0f1xa_boundary
PolypGen__C6_EndoCV2021_C6_0100065,0.012585812248289585,0.11380267143249512,0.10121685918420553,KvasirCVC__kvasir_cju3u39fog1bo0871lxjrabks_positive;KvasirCVC__cvc_54_positive,KvasirCVC__kvasir_cju87vqa0ndwg0850onjdz7ol_negative,KvasirCVC__kvasir_cju0tl3uz8blh0993wxvn7ly3_boundary
PolypGen__C1_234OLCV1_100H0020,0.012704294174909592,1.1572734437415022e-10,-0.012704294059182247,KvasirCVC__kvasir_cju3u39fog1bo0871lxjrabks_positive;KvasirCVC__cvc_444_positive,KvasirCVC__kvasir_cju87vqa0ndwg0850onjdz7ol_negative,KvasirCVC__kvasir_cju2zp89k9q1g0855k1x0f1xa_boundary
PolypGen__C2_EndoCV2021_001406,0.012820514850318432,0.00019264120783191174,-0.01262787364248652,KvasirCVC__kvasir_cju3u39fog1bo0871lxjrabks_positive;KvasirCVC__cvc_444_positive,KvasirCVC__kvasir_cju87vqa0ndwg0850onjdz7ol_negative,KvasirCVC__kvasir_cju2zp89k9q1g0855k1x0f1xa_boundary
PolypGen__C2_EndoCV2021_001369,0.013245033100247383,0.023627158254384995,0.010382125154137611,KvasirCVC__kvasir_cju3u39fog1bo0871lxjrabks_positive;KvasirCVC__cvc_444_positive,KvasirCVC__kvasir_cju87vqa0ndwg0850onjdz7ol_negative,KvasirCVC__kvasir_cju2zp89k9q1g0855k1x0f1xa_boundary
PolypGen__C3_C3_EndoCV2021_00240,0.0136710898950696,0.1821460723876953,0.1684749824926257,KvasirCVC__kvasir_cju3u39fog1bo0871lxjrabks_positive;KvasirCVC__cvc_444_positive,KvasirCVC__kvasir_cju87vqa0ndwg0850onjdz7ol_negative,KvasirCVC__kvasir_cju2zp89k9q1g0855k1x0f1xa_boundary
PolypGen__C4_20_endocv2021_positive_708,0.013956733979284763,0.7518796920776367,0.737922958098352,KvasirCVC__kvasir_cju3u39fog1bo0871lxjrabks_positive;KvasirCVC__cvc_444_positive,KvasirCVC__kvasir_cju87vqa0ndwg0850onjdz7ol_negative,KvasirCVC__kvasir_cju2zp89k9q1g0855k1x0f1xa_boundary
PolypGen__C2_EndoCV2021_001417,0.01647183857858181,0.6498281955718994,0.6333563569933176,KvasirCVC__kvasir_cju3u39fog1bo0871lxjrabks_positive;KvasirCVC__cvc_54_positive,KvasirCVC__kvasir_cju87vqa0ndwg0850onjdz7ol_negative,KvasirCVC__kvasir_cju2zp89k9q1g0855k1x0f1xa_boundary
PolypGen__C1_263OLCV1_100H0002,0.0167384035885334,0.042768627405166626,0.026030223816633224,KvasirCVC__kvasir_cju3u39fog1bo0871lxjrabks_positive;KvasirCVC__cvc_444_positive,KvasirCVC__kvasir_cju87vqa0ndwg0850onjdz7ol_negative,KvasirCVC__kvasir_cju2zp89k9q1g0855k1x0f1xa_boundary
PolypGen__C1_125OLCV1_100H0003,0.01698956824839115,0.05319308862090111,0.036203520372509956,KvasirCVC__kvasir_cju3u39fog1bo0871lxjrabks_positive;KvasirCVC__cvc_444_positive,KvasirCVC__kvasir_cju87vqa0ndwg0850onjdz7ol_negative,KvasirCVC__kvasir_cju43kj2pm34f0850l28ahpni_boundary
PolypGen__C3_C3_EndoCV2021_00170,0.017124902456998825,0.01577576994895935,-0.0013491325080394745,KvasirCVC__kvasir_cju3u39fog1bo0871lxjrabks_positive;KvasirCVC__cvc_444_positive,KvasirCVC__kvasir_cju87vqa0ndwg0850onjdz7ol_negative,KvasirCVC__kvasir_cju2zp89k9q1g0855k1x0f1xa_boundary
PolypGen__C1_896OLCV1_100H0044,0.017543861642479897,0.7094723582267761,0.6919284965842962,KvasirCVC__kvasir_cju3u39fog1bo0871lxjrabks_positive;KvasirCVC__cvc_444_positive,KvasirCVC__kvasir_cju87vqa0ndwg0850onjdz7ol_negative,KvasirCVC__kvasir_cju2zp89k9q1g0855k1x0f1xa_boundary
PolypGen__C2_EndoCV2021_001383,0.017579197883605957,0.04219409450888634,0.02461489662528038,KvasirCVC__kvasir_cju3u39fog1bo0871lxjrabks_positive;KvasirCVC__cvc_54_positive,KvasirCVC__cvc_210_negative,KvasirCVC__kvasir_cju2zp89k9q1g0855k1x0f1xa_boundary
PolypGen__C3_C3_EndoCV2021_00411,0.02024177648127079,0.8522727489471436,0.8320309724658728,KvasirCVC__kvasir_cju3u39fog1bo0871lxjrabks_positive;KvasirCVC__cvc_444_positive,KvasirCVC__kvasir_cju87vqa0ndwg0850onjdz7ol_negative,KvasirCVC__kvasir_cju2zp89k9q1g0855k1x0f1xa_boundary
PolypGen__C1_295OLCV1_100H0008,0.020298324525356293,0.9152352213859558,0.8949368968605995,KvasirCVC__kvasir_cju3u39fog1bo0871lxjrabks_positive;KvasirCVC__cvc_444_positive,KvasirCVC__kvasir_cju87vqa0ndwg0850onjdz7ol_negative,KvasirCVC__kvasir_cju2zp89k9q1g0855k1x0f1xa_boundary
PolypGen__C3_C3_EndoCV2021_00410,0.020551377907395363,0.07007061690092087,0.049519238993525505,KvasirCVC__kvasir_cju3u39fog1bo0871lxjrabks_positive;KvasirCVC__cvc_444_positive,KvasirCVC__kvasir_cju87vqa0ndwg0850onjdz7ol_negative,KvasirCVC__kvasir_cju2zp89k9q1g0855k1x0f1xa_boundary
PolypGen__C2_EndoCV2021_001137,0.0212716031819582,3.2030750274358866e-10,-0.021271602861650696,KvasirCVC__kvasir_cju3u39fog1bo0871lxjrabks_positive;KvasirCVC__cvc_444_positive,KvasirCVC__kvasir_cju87vqa0ndwg0850onjdz7ol_negative,KvasirCVC__kvasir_cju2zp89k9q1g0855k1x0f1xa_boundary
PolypGen__C3_C3_EndoCV2021_00409,0.021433446556329727,0.4214765131473541,0.4000430665910244,KvasirCVC__kvasir_cju3u39fog1bo0871lxjrabks_positive;KvasirCVC__cvc_444_positive,KvasirCVC__kvasir_cju87vqa0ndwg0850onjdz7ol_negative,KvasirCVC__kvasir_cju2zp89k9q1g0855k1x0f1xa_boundary
PolypGen__C3_C3_EndoCV2021_00111,0.021523376926779747,0.31473806500434875,0.293214688077569,KvasirCVC__kvasir_cju3u39fog1bo0871lxjrabks_positive;KvasirCVC__cvc_444_positive,KvasirCVC__cvc_210_negative,KvasirCVC__kvasir_cju2zp89k9q1g0855k1x0f1xa_boundary
PolypGen__C2_EndoCV2021_001219,0.02157551422715187,0.42759478092193604,0.40601926669478416,KvasirCVC__kvasir_cju3u39fog1bo0871lxjrabks_positive;KvasirCVC__cvc_444_positive,KvasirCVC__kvasir_cju87vqa0ndwg0850onjdz7ol_negative,KvasirCVC__kvasir_cju2zp89k9q1g0855k1x0f1xa_boundary
PolypGen__C6_EndoCV2021_C6_0100114,0.021601015701889992,0.2187802493572235,0.19717923365533352,KvasirCVC__kvasir_cju3u39fog1bo0871lxjrabks_positive;KvasirCVC__cvc_444_positive,KvasirCVC__kvasir_cju87vqa0ndwg0850onjdz7ol_negative,KvasirCVC__kvasir_cju2zp89k9q1g0855k1x0f1xa_boundary
PolypGen__C4_6_endocv2021_positive_263,0.022291574627161026,0.021953897550702095,-0.00033767707645893097,KvasirCVC__kvasir_cju3u39fog1bo0871lxjrabks_positive;KvasirCVC__cvc_444_positive,KvasirCVC__kvasir_cju87vqa0ndwg0850onjdz7ol_negative,KvasirCVC__kvasir_cju2zp89k9q1g0855k1x0f1xa_boundary
PolypGen__C3_C3_EndoCV2021_00464,0.02259555459022522,0.08666100353002548,0.06406544893980026,KvasirCVC__kvasir_cju3u39fog1bo0871lxjrabks_positive;KvasirCVC__kvasir_cju33w4sdcivk0855x879zht7_positive,KvasirCVC__kvasir_cju87vqa0ndwg0850onjdz7ol_negative,KvasirCVC__kvasir_cju2zp89k9q1g0855k1x0f1xa_boundary
PolypGen__C3_C3_EndoCV2021_00350,0.022748423740267754,0.058563534170389175,0.03581511043012142,KvasirCVC__kvasir_cju3u39fog1bo0871lxjrabks_positive;KvasirCVC__cvc_444_positive,KvasirCVC__kvasir_cju87vqa0ndwg0850onjdz7ol_negative,KvasirCVC__kvasir_cju2zp89k9q1g0855k1x0f1xa_boundary
PolypGen__C1_374OLCV1_100H0016,0.022832509130239487,0.9488054513931274,0.925972942262888,KvasirCVC__kvasir_cju3u39fog1bo0871lxjrabks_positive;KvasirCVC__cvc_444_positive,KvasirCVC__kvasir_cju87vqa0ndwg0850onjdz7ol_negative,KvasirCVC__kvasir_cju2zp89k9q1g0855k1x0f1xa_boundary
PolypGen__C4_10_endocv2021_positive_950,0.023423802107572556,0.027453558519482613,0.004029756411910057,KvasirCVC__kvasir_cju3u39fog1bo0871lxjrabks_positive;KvasirCVC__cvc_444_positive,KvasirCVC__kvasir_cju87vqa0ndwg0850onjdz7ol_negative,KvasirCVC__kvasir_cju2zp89k9q1g0855k1x0f1xa_boundary
PolypGen__C4_6_endocv2021_positive_503,0.023622047156095505,0.01662561483681202,-0.006996432319283485,KvasirCVC__kvasir_cju3u39fog1bo0871lxjrabks_positive;KvasirCVC__cvc_444_positive,KvasirCVC__kvasir_cju87vqa0ndwg0850onjdz7ol_negative,KvasirCVC__kvasir_cju2zp89k9q1g0855k1x0f1xa_boundary
PolypGen__C1_176OLCV1_100H0889,0.02391527220606804,0.9500880837440491,0.926172811537981,KvasirCVC__kvasir_cju3u39fog1bo0871lxjrabks_positive;KvasirCVC__cvc_444_positive,KvasirCVC__kvasir_cju87vqa0ndwg0850onjdz7ol_negative,KvasirCVC__kvasir_cju2zp89k9q1g0855k1x0f1xa_boundary
PolypGen__C1_176OLCV1_100H0126,0.023961661383509636,0.9002557396888733,0.8762940783053637,KvasirCVC__kvasir_cju3u39fog1bo0871lxjrabks_positive;KvasirCVC__cvc_444_positive,KvasirCVC__kvasir_cju87vqa0ndwg0850onjdz7ol_negative,KvasirCVC__kvasir_cju2zp89k9q1g0855k1x0f1xa_boundary
PolypGen__C5_EndoCV2021_C5_50000127,0.02408936433494091,0.10368569940328598,0.07959633506834507,KvasirCVC__kvasir_cju3u39fog1bo0871lxjrabks_positive;KvasirCVC__cvc_444_positive,KvasirCVC__kvasir_cju87vqa0ndwg0850onjdz7ol_negative,KvasirCVC__kvasir_cju2zp89k9q1g0855k1x0f1xa_boundary
PolypGen__C4_20_endocv2021_positive_782,0.024283166974782944,0.6958250403404236,0.6715418733656406,KvasirCVC__kvasir_cju3u39fog1bo0871lxjrabks_positive;KvasirCVC__cvc_444_positive,KvasirCVC__kvasir_cju87vqa0ndwg0850onjdz7ol_negative,KvasirCVC__kvasir_cju2zp89k9q1g0855k1x0f1xa_boundary
PolypGen__C5_EndoCV2021_C5_50000025,0.024793388321995735,0.4917594790458679,0.4669660907238722,KvasirCVC__kvasir_cju3u39fog1bo0871lxjrabks_positive;KvasirCVC__cvc_444_positive,KvasirCVC__kvasir_cju87vqa0ndwg0850onjdz7ol_negative,KvasirCVC__kvasir_cju2zp89k9q1g0855k1x0f1xa_boundary
PolypGen__C3_C3_EndoCV2021_0039,0.025250326842069626,0.9816168546676636,0.956366527825594,KvasirCVC__kvasir_cju3u39fog1bo0871lxjrabks_positive;KvasirCVC__cvc_444_positive,KvasirCVC__cvc_210_negative,KvasirCVC__kvasir_cju2zp89k9q1g0855k1x0f1xa_boundary
PolypGen__C4_6_endocv2021_positive_388,0.026895277202129364,0.01951933652162552,-0.007375940680503845,KvasirCVC__kvasir_cju3u39fog1bo0871lxjrabks_positive;KvasirCVC__cvc_444_positive,KvasirCVC__kvasir_cju87vqa0ndwg0850onjdz7ol_negative,KvasirCVC__kvasir_cju2zp89k9q1g0855k1x0f1xa_boundary
PolypGen__C5_EndoCV2021_C5_50000340,0.027791662141680717,0.8614916205406189,0.8336999583989382,KvasirCVC__kvasir_cju3u39fog1bo0871lxjrabks_positive;KvasirCVC__cvc_444_positive,KvasirCVC__kvasir_cju87vqa0ndwg0850onjdz7ol_negative,KvasirCVC__kvasir_cju2zp89k9q1g0855k1x0f1xa_boundary
PolypGen__C1_175OLCV1_100H0011,0.02832684852182865,0.4606323540210724,0.43230550549924374,KvasirCVC__kvasir_cju3u39fog1bo0871lxjrabks_positive;KvasirCVC__cvc_444_positive,KvasirCVC__kvasir_cju87vqa0ndwg0850onjdz7ol_negative,KvasirCVC__kvasir_cju2zp89k9q1g0855k1x0f1xa_boundary
PolypGen__C1_434OLCV1_100S0007,0.02837168239057064,3.2786884318625198e-09,-0.02837167911188221,KvasirCVC__kvasir_cju3u39fog1bo0871lxjrabks_positive;KvasirCVC__cvc_444_positive,KvasirCVC__kvasir_cju87vqa0ndwg0850onjdz7ol_negative,KvasirCVC__kvasir_cju2zp89k9q1g0855k1x0f1xa_boundary
PolypGen__C2_EndoCV2021_001321,0.028691982850432396,0.9238845109939575,0.8951925281435251,KvasirCVC__kvasir_cju3u39fog1bo0871lxjrabks_positive;KvasirCVC__cvc_54_positive,KvasirCVC__cvc_210_negative,KvasirCVC__kvasir_cju2zp89k9q1g0855k1x0f1xa_boundary
PolypGen__C1_326OLCV1_100H0006,0.028972024098038673,0.700964629650116,0.6719926055520773,KvasirCVC__kvasir_cju3u39fog1bo0871lxjrabks_positive;KvasirCVC__cvc_444_positive,KvasirCVC__kvasir_cju87vqa0ndwg0850onjdz7ol_negative,KvasirCVC__kvasir_cju2zp89k9q1g0855k1x0f1xa_boundary
PolypGen__C5_EndoCV2021_C5_50000120,0.030265167355537415,0.04773592948913574,0.017470762133598328,KvasirCVC__kvasir_cju3u39fog1bo0871lxjrabks_positive;KvasirCVC__cvc_444_positive,KvasirCVC__kvasir_cju87vqa0ndwg0850onjdz7ol_negative,KvasirCVC__kvasir_cju2zp89k9q1g0855k1x0f1xa_boundary
PolypGen__C3_C3_EndoCV2021_00206,0.03027782402932644,0.3267509639263153,0.29647313989698887,KvasirCVC__kvasir_cju3u39fog1bo0871lxjrabks_positive;KvasirCVC__cvc_54_positive,KvasirCVC__kvasir_cju87vqa0ndwg0850onjdz7ol_negative,KvasirCVC__kvasir_cju2zp89k9q1g0855k1x0f1xa_boundary
PolypGen__C4_9_endocv2021_positive_650,0.030927835032343864,0.8301987051963806,0.7992708701640368,KvasirCVC__kvasir_cju3u39fog1bo0871lxjrabks_positive;KvasirCVC__cvc_444_positive,KvasirCVC__kvasir_cju87vqa0ndwg0850onjdz7ol_negative,KvasirCVC__kvasir_cju2zp89k9q1g0855k1x0f1xa_boundary
PolypGen__C1_975OLCV1_100H0014,0.031045008450746536,0.8020133972167969,0.7709683887660503,KvasirCVC__kvasir_cju3u39fog1bo0871lxjrabks_positive;KvasirCVC__cvc_444_positive,KvasirCVC__kvasir_cju87vqa0ndwg0850onjdz7ol_negative,KvasirCVC__kvasir_cju2zp89k9q1g0855k1x0f1xa_boundary
PolypGen__C6_EndoCV2021_C6_0100041,0.031153924763202667,0.020956845954060555,-0.010197078809142113,KvasirCVC__kvasir_cju3u39fog1bo0871lxjrabks_positive;KvasirCVC__cvc_444_positive,KvasirCVC__cvc_210_negative,KvasirCVC__kvasir_cju43kj2pm34f0850l28ahpni_boundary
PolypGen__C3_C3_EndoCV2021_00495,0.03139831870794296,0.8727272748947144,0.8413289561867714,KvasirCVC__kvasir_cju3u39fog1bo0871lxjrabks_positive;KvasirCVC__cvc_444_positive,KvasirCVC__kvasir_cju87vqa0ndwg0850onjdz7ol_negative,KvasirCVC__kvasir_cju2zp89k9q1g0855k1x0f1xa_boundary
PolypGen__C5_EndoCV2021_C5_50000009,0.03163841739296913,0.031217647716403008,-0.00042076967656612396,KvasirCVC__kvasir_cju3u39fog1bo0871lxjrabks_positive;KvasirCVC__cvc_444_positive,KvasirCVC__kvasir_cju87vqa0ndwg0850onjdz7ol_negative,KvasirCVC__kvasir_cju2zp89k9q1g0855k1x0f1xa_boundary
PolypGen__C4_28_endocv2021_positive_708,0.03177046775817871,0.2753183841705322,0.24354791641235352,KvasirCVC__kvasir_cju3u39fog1bo0871lxjrabks_positive;KvasirCVC__kvasir_cju33w4sdcivk0855x879zht7_positive,KvasirCVC__kvasir_cju87vqa0ndwg0850onjdz7ol_negative,KvasirCVC__kvasir_cju2zp89k9q1g0855k1x0f1xa_boundary
PolypGen__C6_EndoCV2021_C6_0100085,0.03189946711063385,0.7535435557365417,0.7216440886259079,KvasirCVC__kvasir_cju3u39fog1bo0871lxjrabks_positive;KvasirCVC__cvc_444_positive,KvasirCVC__cvc_210_negative,KvasirCVC__kvasir_cju3u39fog1bo0871lxjrabks_boundary
PolypGen__C2_EndoCV2021_001349,0.0319356694817543,0.9813178181648254,0.9493821486830711,KvasirCVC__kvasir_cju3u39fog1bo0871lxjrabks_positive;KvasirCVC__cvc_54_positive,KvasirCVC__kvasir_cju87vqa0ndwg0850onjdz7ol_negative,KvasirCVC__kvasir_cju2zp89k9q1g0855k1x0f1xa_boundary
PolypGen__C6_EndoCV2021_C6_0100040,0.03331092745065689,0.2709677517414093,0.2376568242907524,KvasirCVC__kvasir_cju3u39fog1bo0871lxjrabks_positive;KvasirCVC__cvc_444_positive,KvasirCVC__kvasir_cju87vqa0ndwg0850onjdz7ol_negative,KvasirCVC__kvasir_cju2zp89k9q1g0855k1x0f1xa_boundary
PolypGen__C5_EndoCV2021_C5_50000208,0.03398166596889496,0.05692972242832184,0.02294805645942688,KvasirCVC__kvasir_cju3u39fog1bo0871lxjrabks_positive;KvasirCVC__cvc_444_positive,KvasirCVC__kvasir_cju87vqa0ndwg0850onjdz7ol_negative,KvasirCVC__kvasir_cju2zp89k9q1g0855k1x0f1xa_boundary
PolypGen__C1_906OLCV1_100H0002,0.03494623675942421,0.9145299196243286,0.8795836828649044,KvasirCVC__kvasir_cju3u39fog1bo0871lxjrabks_positive;KvasirCVC__cvc_444_positive,KvasirCVC__kvasir_cju87vqa0ndwg0850onjdz7ol_negative,KvasirCVC__kvasir_cju2zp89k9q1g0855k1x0f1xa_boundary
PolypGen__C1_718OLCV1_100H0002,0.036528512835502625,0.047440700232982635,0.010912187397480011,KvasirCVC__kvasir_cju3u39fog1bo0871lxjrabks_positive;KvasirCVC__cvc_444_positive,KvasirCVC__kvasir_cju87vqa0ndwg0850onjdz7ol_negative,KvasirCVC__kvasir_cju2zp89k9q1g0855k1x0f1xa_boundary
PolypGen__C3_C3_EndoCV2021_00218,0.03667237609624863,0.9029850959777832,0.8663127198815346,KvasirCVC__kvasir_cju3u39fog1bo0871lxjrabks_positive;KvasirCVC__cvc_444_positive,KvasirCVC__kvasir_cju87vqa0ndwg0850onjdz7ol_negative,KvasirCVC__kvasir_cju2zp89k9q1g0855k1x0f1xa_boundary
PolypGen__C3_C3_EndoCV2021_00466,0.037592507898807526,0.5584137439727783,0.5208212360739708,KvasirCVC__kvasir_cju3u39fog1bo0871lxjrabks_positive;KvasirCVC__cvc_444_positive,KvasirCVC__kvasir_cju87vqa0ndwg0850onjdz7ol_negative,KvasirCVC__kvasir_cju2zp89k9q1g0855k1x0f1xa_boundary
PolypGen__C1_597OLCV1_100H0044,0.040685683488845825,0.859350860118866,0.8186651766300201,KvasirCVC__kvasir_cju3u39fog1bo0871lxjrabks_positive;KvasirCVC__cvc_54_positive,KvasirCVC__cvc_210_negative,KvasirCVC__kvasir_cju2zp89k9q1g0855k1x0f1xa_boundary
PolypGen__C4_21_endocv2021_positive_1498,0.04166945815086365,0.9367470145225525,0.8950775563716888,KvasirCVC__kvasir_cju3u39fog1bo0871lxjrabks_positive;KvasirCVC__cvc_444_positive,KvasirCVC__kvasir_cju87vqa0ndwg0850onjdz7ol_negative,KvasirCVC__kvasir_cju2zp89k9q1g0855k1x0f1xa_boundary
PolypGen__C2_EndoCV2021_001309,0.04196816310286522,0.9456790089607239,0.9037108458578587,KvasirCVC__kvasir_cju3u39fog1bo0871lxjrabks_positive;KvasirCVC__kvasir_cju33w4sdcivk0855x879zht7_positive,KvasirCVC__kvasir_cju87vqa0ndwg0850onjdz7ol_negative,KvasirCVC__kvasir_cju2zp89k9q1g0855k1x0f1xa_boundary
PolypGen__C3_C3_EndoCV2021_00465,0.0421932116150856,0.2978723347187042,0.2556791231036186,KvasirCVC__kvasir_cju3u39fog1bo0871lxjrabks_positive;KvasirCVC__cvc_444_positive,KvasirCVC__kvasir_cju87vqa0ndwg0850onjdz7ol_negative,KvasirCVC__kvasir_cju2zp89k9q1g0855k1x0f1xa_boundary
PolypGen__C3_C3_EndoCV2021_00233,0.04312668368220329,0.685279905796051,0.6421532221138477,KvasirCVC__kvasir_cju3u39fog1bo0871lxjrabks_positive;KvasirCVC__cvc_444_positive,KvasirCVC__kvasir_cju87vqa0ndwg0850onjdz7ol_negative,KvasirCVC__kvasir_cju2zp89k9q1g0855k1x0f1xa_boundary
PolypGen__C5_EndoCV2021_C5_50000229,0.04327666014432907,0.0016849207459017634,-0.04159173939842731,KvasirCVC__kvasir_cju3u39fog1bo0871lxjrabks_positive;KvasirCVC__cvc_54_positive,KvasirCVC__kvasir_cju87vqa0ndwg0850onjdz7ol_negative,KvasirCVC__kvasir_cju2zp89k9q1g0855k1x0f1xa_boundary
PolypGen__C3_C3_EndoCV2021_0051,0.04351548105478287,0.964560866355896,0.9210453853011131,KvasirCVC__kvasir_cju3u39fog1bo0871lxjrabks_positive;KvasirCVC__cvc_444_positive,KvasirCVC__kvasir_cju87vqa0ndwg0850onjdz7ol_negative,KvasirCVC__kvasir_cju2zp89k9q1g0855k1x0f1xa_boundary
PolypGen__C5_EndoCV2021_C5_50000100,0.04596526920795441,0.0512506365776062,0.005285367369651794,KvasirCVC__kvasir_cju3u39fog1bo0871lxjrabks_positive;KvasirCVC__kvasir_cju33w4sdcivk0855x879zht7_positive,KvasirCVC__kvasir_cju87vqa0ndwg0850onjdz7ol_negative,KvasirCVC__kvasir_cju2zp89k9q1g0855k1x0f1xa_boundary
PolypGen__C5_EndoCV2021_C5_50000182,0.045966651290655136,0.045925259590148926,-4.139170050621033e-05,KvasirCVC__kvasir_cju3u39fog1bo0871lxjrabks_positive;KvasirCVC__cvc_444_positive,KvasirCVC__kvasir_cju87vqa0ndwg0850onjdz7ol_negative,KvasirCVC__kvasir_cju2zp89k9q1g0855k1x0f1xa_boundary
PolypGen__C4_4_endocv2021_positive_954,0.046635016798973083,0.06626326590776443,0.01962824910879135,KvasirCVC__kvasir_cju3u39fog1bo0871lxjrabks_positive;KvasirCVC__cvc_444_positive,KvasirCVC__kvasir_cju87vqa0ndwg0850onjdz7ol_negative,KvasirCVC__kvasir_cju2zp89k9q1g0855k1x0f1xa_boundary
PolypGen__C4_21_endocv2021_positive_829,0.04721621051430702,0.3348880708217621,0.28767186030745506,KvasirCVC__kvasir_cju3u39fog1bo0871lxjrabks_positive;KvasirCVC__cvc_444_positive,KvasirCVC__kvasir_cju87vqa0ndwg0850onjdz7ol_negative,KvasirCVC__kvasir_cju2zp89k9q1g0855k1x0f1xa_boundary
PolypGen__C2_EndoCV2021_001032,0.0476190485060215,0.04911741986870766,0.0014983713626861572,KvasirCVC__kvasir_cju3u39fog1bo0871lxjrabks_positive;KvasirCVC__cvc_444_positive,KvasirCVC__kvasir_cju87vqa0ndwg0850onjdz7ol_negative,KvasirCVC__kvasir_cju2zp89k9q1g0855k1x0f1xa_boundary
PolypGen__C2_EndoCV2021_001299,0.048677247017621994,0.04827713221311569,-0.0004001148045063019,KvasirCVC__kvasir_cju3u39fog1bo0871lxjrabks_positive;KvasirCVC__cvc_444_positive,KvasirCVC__kvasir_cju87vqa0ndwg0850onjdz7ol_negative,KvasirCVC__kvasir_cju2zp89k9q1g0855k1x0f1xa_boundary
PolypGen__C5_EndoCV2021_C5_50000168,0.04921912029385567,0.049207475036382675,-1.1645257472991943e-05,KvasirCVC__kvasir_cju3u39fog1bo0871lxjrabks_positive;KvasirCVC__cvc_444_positive,KvasirCVC__kvasir_cju87vqa0ndwg0850onjdz7ol_negative,KvasirCVC__kvasir_cju2zp89k9q1g0855k1x0f1xa_boundary
PolypGen__C5_EndoCV2021_C5_50000319,0.049559980630874634,0.18922275304794312,0.13966277241706848,KvasirCVC__kvasir_cju3u39fog1bo0871lxjrabks_positive;KvasirCVC__cvc_444_positive,KvasirCVC__kvasir_cju87vqa0ndwg0850onjdz7ol_negative,KvasirCVC__kvasir_cju2zp89k9q1g0855k1x0f1xa_boundary
PolypGen__C6_EndoCV2021_C6_0100077,0.05081495642662048,0.07575057446956635,0.024935618042945862,KvasirCVC__kvasir_cju3u39fog1bo0871lxjrabks_positive;KvasirCVC__cvc_444_positive,KvasirCVC__cvc_210_negative,KvasirCVC__cvc_96_boundary
PolypGen__C1_553OLCV1_100H0004,0.05121126398444176,0.40391942858695984,0.3527081646025181,KvasirCVC__kvasir_cju3u39fog1bo0871lxjrabks_positive;KvasirCVC__cvc_54_positive,KvasirCVC__kvasir_cju87vqa0ndwg0850onjdz7ol_negative,KvasirCVC__kvasir_cju2zp89k9q1g0855k1x0f1xa_boundary
PolypGen__C4_8_endocv2021_positive_1447,0.05179256945848465,0.07565820962190628,0.02386564016342163,KvasirCVC__kvasir_cju3u39fog1bo0871lxjrabks_positive;KvasirCVC__cvc_444_positive,KvasirCVC__kvasir_cju87vqa0ndwg0850onjdz7ol_negative,KvasirCVC__kvasir_cju2zp89k9q1g0855k1x0f1xa_boundary
PolypGen__C5_EndoCV2021_C5_50000098,0.052047934383153915,0.05758385360240936,0.005535919219255447,KvasirCVC__kvasir_cju3u39fog1bo0871lxjrabks_positive;KvasirCVC__cvc_444_positive,KvasirCVC__kvasir_cju87vqa0ndwg0850onjdz7ol_negative,KvasirCVC__kvasir_cju2zp89k9q1g0855k1x0f1xa_boundary
PolypGen__C1_376OLCV1_100H0010,0.05229455605149269,0.9551246762275696,0.9028301201760769,KvasirCVC__kvasir_cju3u39fog1bo0871lxjrabks_positive;KvasirCVC__cvc_444_positive,KvasirCVC__kvasir_cju87vqa0ndwg0850onjdz7ol_negative,KvasirCVC__kvasir_cju2zp89k9q1g0855k1x0f1xa_boundary
PolypGen__C4_10_endocv2021_positive_1087,0.05404014512896538,0.3896268308162689,0.33558668568730354,KvasirCVC__kvasir_cju3u39fog1bo0871lxjrabks_positive;KvasirCVC__cvc_444_positive,KvasirCVC__kvasir_cju87vqa0ndwg0850onjdz7ol_negative,KvasirCVC__kvasir_cju2zp89k9q1g0855k1x0f1xa_boundary
PolypGen__C2_EndoCV2021_001113,0.056144483387470245,0.8524590134620667,0.7963145300745964,KvasirCVC__kvasir_cju3u39fog1bo0871lxjrabks_positive;KvasirCVC__cvc_54_positive,KvasirCVC__kvasir_cju87vqa0ndwg0850onjdz7ol_negative,KvasirCVC__kvasir_cju2zp89k9q1g0855k1x0f1xa_boundary
PolypGen__C3_C3_EndoCV2021_0028,0.056607455015182495,0.08074652403593063,0.02413906902074814,KvasirCVC__kvasir_cju3u39fog1bo0871lxjrabks_positive;KvasirCVC__kvasir_cju33w4sdcivk0855x879zht7_positive,KvasirCVC__kvasir_cju87vqa0ndwg0850onjdz7ol_negative,KvasirCVC__kvasir_cju2zp89k9q1g0855k1x0f1xa_boundary
PolypGen__C4_34_endocv2021_positive_638,0.06021702662110329,0.06472811102867126,0.004511084407567978,KvasirCVC__kvasir_cju3u39fog1bo0871lxjrabks_positive;KvasirCVC__cvc_444_positive,KvasirCVC__kvasir_cju87vqa0ndwg0850onjdz7ol_negative,KvasirCVC__kvasir_cju2zp89k9q1g0855k1x0f1xa_boundary
PolypGen__C2_EndoCV2021_001003,0.06118622422218323,0.23212504386901855,0.17093881964683533,KvasirCVC__kvasir_cju3u39fog1bo0871lxjrabks_positive;KvasirCVC__cvc_444_positive,KvasirCVC__kvasir_cju87vqa0ndwg0850onjdz7ol_negative,KvasirCVC__kvasir_cju2zp89k9q1g0855k1x0f1xa_boundary
PolypGen__C4_9_endocv2021_positive_1269,0.061480551958084106,0.06048867851495743,-0.0009918734431266785,KvasirCVC__kvasir_cju3u39fog1bo0871lxjrabks_positive;KvasirCVC__cvc_444_positive,KvasirCVC__kvasir_cju87vqa0ndwg0850onjdz7ol_negative,KvasirCVC__kvasir_cju2zp89k9q1g0855k1x0f1xa_boundary
PolypGen__C4_28_endocv2021_positive_1034,0.061928313225507736,0.2005312144756317,0.13860290125012398,KvasirCVC__kvasir_cju3u39fog1bo0871lxjrabks_positive;KvasirCVC__cvc_444_positive,KvasirCVC__kvasir_cju87vqa0ndwg0850onjdz7ol_negative,KvasirCVC__kvasir_cju2zp89k9q1g0855k1x0f1xa_boundary
PolypGen__C4_6_endocv2021_positive_335,0.06214536726474762,0.030311018228530884,-0.031834349036216736,KvasirCVC__kvasir_cju3u39fog1bo0871lxjrabks_positive;KvasirCVC__cvc_444_positive,KvasirCVC__kvasir_cju87vqa0ndwg0850onjdz7ol_negative,KvasirCVC__kvasir_cju2zp89k9q1g0855k1x0f1xa_boundary
PolypGen__C4_23_endocv2021_positive_269,0.06221028044819832,0.13135652244091034,0.06914624199271202,KvasirCVC__kvasir_cju3u39fog1bo0871lxjrabks_positive;KvasirCVC__cvc_444_positive,KvasirCVC__kvasir_cju87vqa0ndwg0850onjdz7ol_negative,KvasirCVC__kvasir_cju2zp89k9q1g0855k1x0f1xa_boundary
PolypGen__C1_425OLCV1_100H0018,0.062289025634527206,0.9556451439857483,0.8933561183512211,KvasirCVC__kvasir_cju3u39fog1bo0871lxjrabks_positive;KvasirCVC__cvc_444_positive,KvasirCVC__kvasir_cju87vqa0ndwg0850onjdz7ol_negative,KvasirCVC__kvasir_cju2zp89k9q1g0855k1x0f1xa_boundary
PolypGen__C1_290OLCV1_100H0020,0.06287255883216858,0.32030704617500305,0.2574344873428345,KvasirCVC__kvasir_cju3u39fog1bo0871lxjrabks_positive;KvasirCVC__cvc_444_positive,KvasirCVC__kvasir_cju87vqa0ndwg0850onjdz7ol_negative,KvasirCVC__kvasir_cju2zp89k9q1g0855k1x0f1xa_boundary
PolypGen__C5_EndoCV2021_C5_50000125,0.06366686522960663,0.14733466506004333,0.0836677998304367,KvasirCVC__kvasir_cju3u39fog1bo0871lxjrabks_positive;KvasirCVC__cvc_444_positive,KvasirCVC__kvasir_cju87vqa0ndwg0850onjdz7ol_negative,KvasirCVC__kvasir_cju2zp89k9q1g0855k1x0f1xa_boundary
PolypGen__C3_C3_EndoCV2021_00178,0.06506024301052094,0.06558704376220703,0.0005268007516860962,KvasirCVC__kvasir_cju3u39fog1bo0871lxjrabks_positive;KvasirCVC__cvc_444_positive,KvasirCVC__kvasir_cju87vqa0ndwg0850onjdz7ol_negative,KvasirCVC__kvasir_cju2zp89k9q1g0855k1x0f1xa_boundary
PolypGen__C1_100H0050,0.06555362045764923,0.21880461275577545,0.15325099229812622,KvasirCVC__kvasir_cju3u39fog1bo0871lxjrabks_positive;KvasirCVC__kvasir_cju33w4sdcivk0855x879zht7_positive,KvasirCVC__kvasir_cju87vqa0ndwg0850onjdz7ol_negative,KvasirCVC__kvasir_cju2zp89k9q1g0855k1x0f1xa_boundary
PolypGen__C1_470OLCV1_100H0012,0.06661532819271088,0.9444918632507324,0.8778765350580215,KvasirCVC__kvasir_cju3u39fog1bo0871lxjrabks_positive;KvasirCVC__cvc_444_positive,KvasirCVC__kvasir_cju87vqa0ndwg0850onjdz7ol_negative,KvasirCVC__kvasir_cju2zp89k9q1g0855k1x0f1xa_boundary
PolypGen__C5_EndoCV2021_C5_50000003,0.06687772274017334,0.07012448459863663,0.0032467618584632874,KvasirCVC__kvasir_cju3u39fog1bo0871lxjrabks_positive;KvasirCVC__cvc_444_positive,KvasirCVC__kvasir_cju87vqa0ndwg0850onjdz7ol_negative,KvasirCVC__kvasir_cju2zp89k9q1g0855k1x0f1xa_boundary
PolypGen__C2_EndoCV2021_001086,0.06741572916507721,0.0006211181753315032,-0.0667946109897457,KvasirCVC__kvasir_cju3u39fog1bo0871lxjrabks_positive;KvasirCVC__kvasir_cju33w4sdcivk0855x879zht7_positive,KvasirCVC__kvasir_cju87vqa0ndwg0850onjdz7ol_negative,KvasirCVC__kvasir_cju2zp89k9q1g0855k1x0f1xa_boundary
PolypGen__C1_370OLCV1_100H0010,0.06778790801763535,1.6556291893010666e-09,-0.06778790636200616,KvasirCVC__kvasir_cju3u39fog1bo0871lxjrabks_positive;KvasirCVC__cvc_54_positive,KvasirCVC__cvc_210_negative,KvasirCVC__kvasir_cju0tl3uz8blh0993wxvn7ly3_boundary
PolypGen__C2_EndoCV2021_001345,0.06889728456735611,0.06656332314014435,-0.0023339614272117615,KvasirCVC__cvc_54_positive;KvasirCVC__kvasir_cju3u39fog1bo0871lxjrabks_positive,KvasirCVC__cvc_210_negative,KvasirCVC__kvasir_cju0tl3uz8blh0993wxvn7ly3_boundary
PolypGen__C1_124OLCV1_100H0004,0.06893924623727798,0.07953713089227676,0.01059788465499878,KvasirCVC__kvasir_cju3u39fog1bo0871lxjrabks_positive;KvasirCVC__cvc_444_positive,KvasirCVC__kvasir_cju87vqa0ndwg0850onjdz7ol_negative,KvasirCVC__kvasir_cju2zp89k9q1g0855k1x0f1xa_boundary
PolypGen__C4_28_endocv2021_positive_1135,0.06945681571960449,0.07024592906236649,0.0007891133427619934,KvasirCVC__kvasir_cju3u39fog1bo0871lxjrabks_positive;KvasirCVC__cvc_444_positive,KvasirCVC__kvasir_cju87vqa0ndwg0850onjdz7ol_negative,KvasirCVC__kvasir_cju2zp89k9q1g0855k1x0f1xa_boundary
PolypGen__C4_12_endocv2021_positive_768,0.07018943130970001,0.0722866803407669,0.0020972490310668945,KvasirCVC__kvasir_cju3u39fog1bo0871lxjrabks_positive;KvasirCVC__cvc_444_positive,KvasirCVC__kvasir_cju87vqa0ndwg0850onjdz7ol_negative,KvasirCVC__kvasir_cju2zp89k9q1g0855k1x0f1xa_boundary
PolypGen__C2_EndoCV2021_001315,0.0758955180644989,0.07491391897201538,-0.0009815990924835205,KvasirCVC__kvasir_cju3u39fog1bo0871lxjrabks_positive;KvasirCVC__cvc_444_positive,KvasirCVC__kvasir_cju87vqa0ndwg0850onjdz7ol_negative,KvasirCVC__kvasir_cju2zp89k9q1g0855k1x0f1xa_boundary
PolypGen__C4_11_endocv2021_positive_900,0.0781843438744545,0.08728025108575821,0.009095907211303711,KvasirCVC__kvasir_cju3u39fog1bo0871lxjrabks_positive;KvasirCVC__cvc_444_positive,KvasirCVC__kvasir_cju87vqa0ndwg0850onjdz7ol_negative,KvasirCVC__kvasir_cju2zp89k9q1g0855k1x0f1xa_boundary
PolypGen__C6_EndoCV2021_C6_0100086,0.07873823493719101,0.0012395415687933564,-0.07749869336839765,KvasirCVC__kvasir_cju3u39fog1bo0871lxjrabks_positive;KvasirCVC__cvc_54_positive,KvasirCVC__cvc_210_negative,KvasirCVC__cvc_96_boundary
PolypGen__C2_EndoCV2021_001424,0.0789889395236969,0.9545829892158508,0.8755940496921539,KvasirCVC__kvasir_cju3u39fog1bo0871lxjrabks_positive;KvasirCVC__cvc_444_positive,KvasirCVC__kvasir_cju87vqa0ndwg0850onjdz7ol_negative,KvasirCVC__kvasir_cju2zp89k9q1g0855k1x0f1xa_boundary
PolypGen__C2_EndoCV2021_001247,0.08014911413192749,0.7626709342002869,0.6825218200683594,KvasirCVC__kvasir_cju3u39fog1bo0871lxjrabks_positive;KvasirCVC__cvc_444_positive,KvasirCVC__kvasir_cju87vqa0ndwg0850onjdz7ol_negative,KvasirCVC__kvasir_cju2zp89k9q1g0855k1x0f1xa_boundary
PolypGen__C3_C3_EndoCV2021_00427,0.08034640550613403,0.9156535863876343,0.8353071808815002,KvasirCVC__kvasir_cju3u39fog1bo0871lxjrabks_positive;KvasirCVC__cvc_54_positive,KvasirCVC__kvasir_cju87vqa0ndwg0850onjdz7ol_negative,KvasirCVC__kvasir_cju2zp89k9q1g0855k1x0f1xa_boundary
PolypGen__C3_C3_EndoCV2021_00396,0.08379272371530533,0.09171359986066818,0.007920876145362854,KvasirCVC__kvasir_cju3u39fog1bo0871lxjrabks_positive;KvasirCVC__cvc_444_positive,KvasirCVC__kvasir_cju87vqa0ndwg0850onjdz7ol_negative,KvasirCVC__kvasir_cju2zp89k9q1g0855k1x0f1xa_boundary
PolypGen__C4_4_endocv2021_positive_1382,0.08666123449802399,0.11556924134492874,0.028908006846904755,KvasirCVC__kvasir_cju3u39fog1bo0871lxjrabks_positive;KvasirCVC__kvasir_cju33w4sdcivk0855x879zht7_positive,KvasirCVC__kvasir_cju87vqa0ndwg0850onjdz7ol_negative,KvasirCVC__kvasir_cju2zp89k9q1g0855k1x0f1xa_boundary
PolypGen__C5_EndoCV2021_C5_50000026,0.08687558025121689,0.9298701286315918,0.8429945483803749,KvasirCVC__kvasir_cju3u39fog1bo0871lxjrabks_positive;KvasirCVC__cvc_444_positive,KvasirCVC__kvasir_cju87vqa0ndwg0850onjdz7ol_negative,KvasirCVC__kvasir_cju2zp89k9q1g0855k1x0f1xa_boundary
PolypGen__C5_EndoCV2021_C5_50000191,0.08823911845684052,0.40717029571533203,0.3189311772584915,KvasirCVC__kvasir_cju3u39fog1bo0871lxjrabks_positive;KvasirCVC__cvc_444_positive,KvasirCVC__kvasir_cju87vqa0ndwg0850onjdz7ol_negative,KvasirCVC__kvasir_cju2zp89k9q1g0855k1x0f1xa_boundary
PolypGen__C2_EndoCV2021_001420,0.08902920037508011,0.4359102249145508,0.3468810245394707,KvasirCVC__kvasir_cju3u39fog1bo0871lxjrabks_positive;KvasirCVC__cvc_444_positive,KvasirCVC__kvasir_cju87vqa0ndwg0850onjdz7ol_negative,KvasirCVC__kvasir_cju2zp89k9q1g0855k1x0f1xa_boundary
PolypGen__C3_C3_EndoCV2021_00342,0.08922180533409119,0.9742388725280762,0.885017067193985,KvasirCVC__kvasir_cju3u39fog1bo0871lxjrabks_positive;KvasirCVC__kvasir_cju33w4sdcivk0855x879zht7_positive,KvasirCVC__kvasir_cju87vqa0ndwg0850onjdz7ol_negative,KvasirCVC__kvasir_cju2zp89k9q1g0855k1x0f1xa_boundary
PolypGen__C1_127OLCV1_100H0001,0.09020640701055527,0.09791628271341324,0.007709875702857971,KvasirCVC__kvasir_cju3u39fog1bo0871lxjrabks_positive;KvasirCVC__cvc_444_positive,KvasirCVC__kvasir_cju87vqa0ndwg0850onjdz7ol_negative,KvasirCVC__kvasir_cju2zp89k9q1g0855k1x0f1xa_boundary
PolypGen__C4_12_endocv2021_positive_979,0.09023595601320267,0.089845672249794,-0.0003902837634086609,KvasirCVC__kvasir_cju3u39fog1bo0871lxjrabks_positive;KvasirCVC__cvc_444_positive,KvasirCVC__kvasir_cju87vqa0ndwg0850onjdz7ol_negative,KvasirCVC__kvasir_cju2zp89k9q1g0855k1x0f1xa_boundary
PolypGen__C4_12_endocv2021_positive_895,0.09202391654253006,0.09082724899053574,-0.0011966675519943237,KvasirCVC__kvasir_cju3u39fog1bo0871lxjrabks_positive;KvasirCVC__cvc_444_positive,KvasirCVC__kvasir_cju87vqa0ndwg0850onjdz7ol_negative,KvasirCVC__kvasir_cju2zp89k9q1g0855k1x0f1xa_boundary
PolypGen__C5_EndoCV2021_C5_50000141,0.09290041774511337,0.18982118368148804,0.09692076593637466,KvasirCVC__kvasir_cju3u39fog1bo0871lxjrabks_positive;KvasirCVC__cvc_54_positive,KvasirCVC__kvasir_cju87vqa0ndwg0850onjdz7ol_negative,KvasirCVC__kvasir_cju2zp89k9q1g0855k1x0f1xa_boundary
PolypGen__C3_C3_EndoCV2021_00244,0.09331436455249786,0.09168565273284912,-0.0016287118196487427,KvasirCVC__kvasir_cju3u39fog1bo0871lxjrabks_positive;KvasirCVC__cvc_54_positive,KvasirCVC__kvasir_cju87vqa0ndwg0850onjdz7ol_negative,KvasirCVC__kvasir_cju2zp89k9q1g0855k1x0f1xa_boundary
PolypGen__C3_C3_EndoCV2021_00435,0.09354698657989502,0.09734315425157547,0.0037961676716804504,KvasirCVC__kvasir_cju3u39fog1bo0871lxjrabks_positive;KvasirCVC__cvc_444_positive,KvasirCVC__cvc_210_negative,KvasirCVC__kvasir_cju2zp89k9q1g0855k1x0f1xa_boundary
PolypGen__C4_4_endocv2021_positive_34,0.09380604326725006,8.230452430701973e-10,-0.09380604244420482,KvasirCVC__kvasir_cju3u39fog1bo0871lxjrabks_positive;KvasirCVC__cvc_444_positive,KvasirCVC__kvasir_cju87vqa0ndwg0850onjdz7ol_negative,KvasirCVC__kvasir_cju2zp89k9q1g0855k1x0f1xa_boundary
PolypGen__C5_EndoCV2021_C5_50000128,0.09381535649299622,0.20187793672084808,0.10806258022785187,KvasirCVC__kvasir_cju3u39fog1bo0871lxjrabks_positive;KvasirCVC__cvc_444_positive,KvasirCVC__kvasir_cju87vqa0ndwg0850onjdz7ol_negative,KvasirCVC__kvasir_cju2zp89k9q1g0855k1x0f1xa_boundary
PolypGen__C2_EndoCV2021_001119,0.09417835623025894,0.9526315927505493,0.8584532365202904,KvasirCVC__kvasir_cju3u39fog1bo0871lxjrabks_positive;KvasirCVC__cvc_444_positive,KvasirCVC__kvasir_cju87vqa0ndwg0850onjdz7ol_negative,KvasirCVC__kvasir_cju2zp89k9q1g0855k1x0f1xa_boundary
PolypGen__C4_24_endocv2021_positive_1139,0.0944322720170021,0.35231736302375793,0.25788509100675583,KvasirCVC__kvasir_cju3u39fog1bo0871lxjrabks_positive;KvasirCVC__cvc_444_positive,KvasirCVC__kvasir_cju87vqa0ndwg0850onjdz7ol_negative,KvasirCVC__kvasir_cju2zp89k9q1g0855k1x0f1xa_boundary
PolypGen__C2_EndoCV2021_001318,0.09482341259717941,0.2514551877975464,0.15663177520036697,KvasirCVC__kvasir_cju3u39fog1bo0871lxjrabks_positive;KvasirCVC__cvc_444_positive,KvasirCVC__kvasir_cju87vqa0ndwg0850onjdz7ol_negative,KvasirCVC__kvasir_cju2zp89k9q1g0855k1x0f1xa_boundary
PolypGen__C3_C3_EndoCV2021_0030,0.09690751135349274,0.927979588508606,0.8310720771551132,KvasirCVC__kvasir_cju3u39fog1bo0871lxjrabks_positive;KvasirCVC__cvc_444_positive,KvasirCVC__kvasir_cju87vqa0ndwg0850onjdz7ol_negative,KvasirCVC__kvasir_cju2zp89k9q1g0855k1x0f1xa_boundary
PolypGen__C3_C3_EndoCV2021_0048,0.10101009905338287,0.33908629417419434,0.23807619512081146,KvasirCVC__kvasir_cju3u39fog1bo0871lxjrabks_positive;KvasirCVC__cvc_444_positive,KvasirCVC__kvasir_cju87vqa0ndwg0850onjdz7ol_negative,KvasirCVC__kvasir_cju2zp89k9q1g0855k1x0f1xa_boundary
PolypGen__C3_C3_EndoCV2021_00135,0.10235767811536789,0.19210925698280334,0.08975157886743546,KvasirCVC__kvasir_cju3u39fog1bo0871lxjrabks_positive;KvasirCVC__cvc_54_positive,KvasirCVC__cvc_210_negative,KvasirCVC__kvasir_cju2zp89k9q1g0855k1x0f1xa_boundary
PolypGen__C2_EndoCV2021_001133,0.10305240750312805,0.6861435770988464,0.5830911695957184,KvasirCVC__kvasir_cju3u39fog1bo0871lxjrabks_positive;KvasirCVC__cvc_444_positive,KvasirCVC__kvasir_cju87vqa0ndwg0850onjdz7ol_negative,KvasirCVC__kvasir_cju2zp89k9q1g0855k1x0f1xa_boundary
PolypGen__C5_EndoCV2021_C5_50000282,0.1037694662809372,0.9392712712287903,0.8355018049478531,KvasirCVC__kvasir_cju3u39fog1bo0871lxjrabks_positive;KvasirCVC__cvc_444_positive,KvasirCVC__kvasir_cju87vqa0ndwg0850onjdz7ol_negative,KvasirCVC__kvasir_cju2zp89k9q1g0855k1x0f1xa_boundary
PolypGen__C3_C3_EndoCV2021_00221,0.10517287254333496,1.1086473961086085e-09,-0.10517287143468756,KvasirCVC__kvasir_cju3u39fog1bo0871lxjrabks_positive;KvasirCVC__cvc_444_positive,KvasirCVC__kvasir_cju87vqa0ndwg0850onjdz7ol_negative,KvasirCVC__kvasir_cju2zp89k9q1g0855k1x0f1xa_boundary
PolypGen__C1_156OLCV1_100H0002,0.11095700412988663,0.9591240882873535,0.8481670841574669,KvasirCVC__kvasir_cju3u39fog1bo0871lxjrabks_positive;KvasirCVC__cvc_444_positive,KvasirCVC__kvasir_cju87vqa0ndwg0850onjdz7ol_negative,KvasirCVC__kvasir_cju2zp89k9q1g0855k1x0f1xa_boundary
PolypGen__C2_EndoCV2021_001017,0.11120226234197617,0.9298952221870422,0.8186929598450661,KvasirCVC__kvasir_cju3u39fog1bo0871lxjrabks_positive;KvasirCVC__cvc_444_positive,KvasirCVC__kvasir_cju87vqa0ndwg0850onjdz7ol_negative,KvasirCVC__kvasir_cju2zp89k9q1g0855k1x0f1xa_boundary
PolypGen__C1_958OLCV1_100H0002,0.1137409582734108,0.07237422466278076,-0.041366733610630035,KvasirCVC__kvasir_cju3u39fog1bo0871lxjrabks_positive;KvasirCVC__cvc_444_positive,KvasirCVC__kvasir_cju87vqa0ndwg0850onjdz7ol_negative,KvasirCVC__kvasir_cju2zp89k9q1g0855k1x0f1xa_boundary
PolypGen__C1_459OLCV1_100H0016,0.11376715451478958,0.11580110341310501,0.0020339488983154297,KvasirCVC__kvasir_cju3u39fog1bo0871lxjrabks_positive;KvasirCVC__cvc_444_positive,KvasirCVC__kvasir_cju87vqa0ndwg0850onjdz7ol_negative,KvasirCVC__kvasir_cju2zp89k9q1g0855k1x0f1xa_boundary
PolypGen__C4_5_endocv2021_positive_970,0.11641067266464233,0.013460787944495678,-0.10294988472014666,KvasirCVC__kvasir_cju3u39fog1bo0871lxjrabks_positive;KvasirCVC__cvc_444_positive,KvasirCVC__kvasir_cju87vqa0ndwg0850onjdz7ol_negative,KvasirCVC__kvasir_cju2zp89k9q1g0855k1x0f1xa_boundary
PolypGen__C4_9_endocv2021_positive_729,0.11799369752407074,0.8170212507247925,0.6990275532007217,KvasirCVC__kvasir_cju3u39fog1bo0871lxjrabks_positive;KvasirCVC__cvc_444_positive,KvasirCVC__kvasir_cju87vqa0ndwg0850onjdz7ol_negative,KvasirCVC__kvasir_cju2zp89k9q1g0855k1x0f1xa_boundary
PolypGen__C1_409OLCV1_100H0010,0.12501659989356995,0.48480308055877686,0.3597864806652069,KvasirCVC__kvasir_cju3u39fog1bo0871lxjrabks_positive;KvasirCVC__cvc_444_positive,KvasirCVC__kvasir_cju87vqa0ndwg0850onjdz7ol_negative,KvasirCVC__kvasir_cju2zp89k9q1g0855k1x0f1xa_boundary
PolypGen__C6_EndoCV2021_C6_0100042,0.12921833992004395,0.15503482520580292,0.025816485285758972,KvasirCVC__kvasir_cju3u39fog1bo0871lxjrabks_positive;KvasirCVC__cvc_54_positive,KvasirCVC__kvasir_cju87vqa0ndwg0850onjdz7ol_negative,KvasirCVC__kvasir_cju2zp89k9q1g0855k1x0f1xa_boundary
PolypGen__C1_590OLCV1_100H0006,0.12996196746826172,0.9439252614974976,0.8139632940292358,KvasirCVC__kvasir_cju3u39fog1bo0871lxjrabks_positive;KvasirCVC__cvc_54_positive,KvasirCVC__kvasir_cju87vqa0ndwg0850onjdz7ol_negative,KvasirCVC__kvasir_cju2zp89k9q1g0855k1x0f1xa_boundary
PolypGen__C1_481OLCV1_100H0004,0.1323472112417221,0.13473111391067505,0.002383902668952942,KvasirCVC__kvasir_cju3u39fog1bo0871lxjrabks_positive;KvasirCVC__cvc_444_positive,KvasirCVC__kvasir_cju87vqa0ndwg0850onjdz7ol_negative,KvasirCVC__kvasir_cju2zp89k9q1g0855k1x0f1xa_boundary
PolypGen__C4_24_endocv2021_positive_1150,0.13321223855018616,0.9354051351547241,0.802192896604538,KvasirCVC__kvasir_cju3u39fog1bo0871lxjrabks_positive;KvasirCVC__cvc_444_positive,KvasirCVC__kvasir_cju87vqa0ndwg0850onjdz7ol_negative,KvasirCVC__kvasir_cju2zp89k9q1g0855k1x0f1xa_boundary
PolypGen__C5_EndoCV2021_C5_50000202,0.13454270362854004,0.05784805119037628,-0.07669465243816376,KvasirCVC__kvasir_cju3u39fog1bo0871lxjrabks_positive;KvasirCVC__cvc_444_positive,KvasirCVC__kvasir_cju87vqa0ndwg0850onjdz7ol_negative,KvasirCVC__kvasir_cju2zp89k9q1g0855k1x0f1xa_boundary
PolypGen__C4_15_endocv2021_positive_1416,0.13504239916801453,0.9283387660980225,0.7932963669300079,KvasirCVC__cvc_54_positive;KvasirCVC__kvasir_cju3u39fog1bo0871lxjrabks_positive,KvasirCVC__kvasir_cju87vqa0ndwg0850onjdz7ol_negative,KvasirCVC__kvasir_cju0tl3uz8blh0993wxvn7ly3_boundary
PolypGen__C3_C3_EndoCV2021_00177,0.1356421411037445,0.3488371968269348,0.2131950557231903,KvasirCVC__kvasir_cju3u39fog1bo0871lxjrabks_positive;KvasirCVC__cvc_444_positive,KvasirCVC__kvasir_cju87vqa0ndwg0850onjdz7ol_negative,KvasirCVC__kvasir_cju2zp89k9q1g0855k1x0f1xa_boundary
PolypGen__C5_EndoCV2021_C5_50000024,0.1367151290178299,0.2961275577545166,0.1594124287366867,KvasirCVC__kvasir_cju3u39fog1bo0871lxjrabks_positive;KvasirCVC__cvc_444_positive,KvasirCVC__kvasir_cju87vqa0ndwg0850onjdz7ol_negative,KvasirCVC__kvasir_cju2zp89k9q1g0855k1x0f1xa_boundary
PolypGen__C6_EndoCV2021_C6_0100023,0.1375354677438736,0.9505470395088196,0.813011571764946,KvasirCVC__kvasir_cju3u39fog1bo0871lxjrabks_positive;KvasirCVC__cvc_54_positive,KvasirCVC__kvasir_cju87vqa0ndwg0850onjdz7ol_negative,KvasirCVC__kvasir_cju2zp89k9q1g0855k1x0f1xa_boundary
PolypGen__C5_EndoCV2021_C5_50000209,0.13913042843341827,0.1449587345123291,0.005828306078910828,KvasirCVC__kvasir_cju3u39fog1bo0871lxjrabks_positive;KvasirCVC__kvasir_cju33w4sdcivk0855x879zht7_positive,KvasirCVC__kvasir_cju87vqa0ndwg0850onjdz7ol_negative,KvasirCVC__kvasir_cju2zp89k9q1g0855k1x0f1xa_boundary
PolypGen__C3_C3_EndoCV2021_00341,0.14035087823867798,0.9493575096130371,0.8090066313743591,KvasirCVC__kvasir_cju3u39fog1bo0871lxjrabks_positive;KvasirCVC__kvasir_cju33w4sdcivk0855x879zht7_positive,KvasirCVC__kvasir_cju87vqa0ndwg0850onjdz7ol_negative,KvasirCVC__kvasir_cju2zp89k9q1g0855k1x0f1xa_boundary
PolypGen__C6_EndoCV2021_C6_0100001,0.14081524312496185,0.8896734118461609,0.748858168721199,KvasirCVC__kvasir_cju3u39fog1bo0871lxjrabks_positive;KvasirCVC__cvc_444_positive,KvasirCVC__kvasir_cju87vqa0ndwg0850onjdz7ol_negative,KvasirCVC__kvasir_cju2zp89k9q1g0855k1x0f1xa_boundary
PolypGen__C1_530OLCV1_100H0008,0.1423848420381546,0.13704685866832733,-0.0053379833698272705,KvasirCVC__kvasir_cju3u39fog1bo0871lxjrabks_positive;KvasirCVC__cvc_444_positive,KvasirCVC__kvasir_cju87vqa0ndwg0850onjdz7ol_negative,KvasirCVC__kvasir_cju2zp89k9q1g0855k1x0f1xa_boundary
PolypGen__C2_EndoCV2021_001335,0.14394809305667877,0.14279036223888397,-0.0011577308177947998,KvasirCVC__kvasir_cju3u39fog1bo0871lxjrabks_positive;KvasirCVC__cvc_54_positive,KvasirCVC__kvasir_cju87vqa0ndwg0850onjdz7ol_negative,KvasirCVC__kvasir_cju2zp89k9q1g0855k1x0f1xa_boundary
PolypGen__C1_333OLCV1_100H0006,0.14422494173049927,0.28464674949645996,0.1404218077659607,KvasirCVC__kvasir_cju3u39fog1bo0871lxjrabks_positive;KvasirCVC__cvc_444_positive,KvasirCVC__kvasir_cju87vqa0ndwg0850onjdz7ol_negative,KvasirCVC__kvasir_cju2zp89k9q1g0855k1x0f1xa_boundary
PolypGen__C1_242OLCV1_100H0012,0.14460422098636627,0.9238136410713196,0.7792094200849533,KvasirCVC__kvasir_cju3u39fog1bo0871lxjrabks_positive;KvasirCVC__cvc_444_positive,KvasirCVC__kvasir_cju87vqa0ndwg0850onjdz7ol_negative,KvasirCVC__kvasir_cju2zp89k9q1g0855k1x0f1xa_boundary
PolypGen__C4_35_endocv2021_negative_1027,0.14564469456672668,2.6652452467246235e-10,-0.14564469430020216,KvasirCVC__kvasir_cju3u39fog1bo0871lxjrabks_positive;KvasirCVC__cvc_444_positive,KvasirCVC__kvasir_cju87vqa0ndwg0850onjdz7ol_negative,KvasirCVC__kvasir_cju2zp89k9q1g0855k1x0f1xa_boundary
PolypGen__C4_34_endocv2021_positive_1030,0.1468334048986435,0.1475343555212021,0.0007009506225585938,KvasirCVC__kvasir_cju3u39fog1bo0871lxjrabks_positive;KvasirCVC__cvc_444_positive,KvasirCVC__kvasir_cju87vqa0ndwg0850onjdz7ol_negative,KvasirCVC__kvasir_cju2zp89k9q1g0855k1x0f1xa_boundary
PolypGen__C5_EndoCV2021_C5_50000215,0.14747411012649536,0.14833438396453857,0.0008602738380432129,KvasirCVC__kvasir_cju3u39fog1bo0871lxjrabks_positive;KvasirCVC__cvc_444_positive,KvasirCVC__kvasir_cju87vqa0ndwg0850onjdz7ol_negative,KvasirCVC__kvasir_cju2zp89k9q1g0855k1x0f1xa_boundary
PolypGen__C1_413OLCV1_100S0019,0.1491803228855133,0.778375506401062,0.6291951835155487,KvasirCVC__kvasir_cju3u39fog1bo0871lxjrabks_positive;KvasirCVC__cvc_444_positive,KvasirCVC__kvasir_cju87vqa0ndwg0850onjdz7ol_negative,KvasirCVC__kvasir_cju2zp89k9q1g0855k1x0f1xa_boundary
PolypGen__C1_333OLCV1_100H0016,0.15280823409557343,0.4296758472919464,0.276867613196373,KvasirCVC__kvasir_cju3u39fog1bo0871lxjrabks_positive;KvasirCVC__cvc_444_positive,KvasirCVC__kvasir_cju87vqa0ndwg0850onjdz7ol_negative,KvasirCVC__kvasir_cju2zp89k9q1g0855k1x0f1xa_boundary
PolypGen__C1_492OLCV1_100H0016,0.16007326543331146,0.21943259239196777,0.05935932695865631,KvasirCVC__kvasir_cju3u39fog1bo0871lxjrabks_positive;KvasirCVC__cvc_444_positive,KvasirCVC__kvasir_cju87vqa0ndwg0850onjdz7ol_negative,KvasirCVC__kvasir_cju2zp89k9q1g0855k1x0f1xa_boundary
PolypGen__C3_C3_EndoCV2021_00102,0.16157586872577667,0.9251235127449036,0.7635476440191269,KvasirCVC__kvasir_cju3u39fog1bo0871lxjrabks_positive;KvasirCVC__cvc_444_positive,KvasirCVC__kvasir_cju87vqa0ndwg0850onjdz7ol_negative,KvasirCVC__kvasir_cju2zp89k9q1g0855k1x0f1xa_boundary
PolypGen__C3_C3_EndoCV2021_0058,0.16187384724617004,0.21533796191215515,0.05346411466598511,KvasirCVC__kvasir_cju3u39fog1bo0871lxjrabks_positive;KvasirCVC__kvasir_cju33w4sdcivk0855x879zht7_positive,KvasirCVC__cvc_210_negative,KvasirCVC__kvasir_cju2zp89k9q1g0855k1x0f1xa_boundary
PolypGen__C3_C3_EndoCV2021_00468,0.16197282075881958,0.5909428596496582,0.4289700388908386,KvasirCVC__kvasir_cju3u39fog1bo0871lxjrabks_positive;KvasirCVC__kvasir_cju33w4sdcivk0855x879zht7_positive,KvasirCVC__kvasir_cju87vqa0ndwg0850onjdz7ol_negative,KvasirCVC__kvasir_cju2zp89k9q1g0855k1x0f1xa_boundary
PolypGen__C2_EndoCV2021_001425,0.16318827867507935,0.3976687788963318,0.23448050022125244,KvasirCVC__kvasir_cju3u39fog1bo0871lxjrabks_positive;KvasirCVC__cvc_54_positive,KvasirCVC__kvasir_cju87vqa0ndwg0850onjdz7ol_negative,KvasirCVC__kvasir_cju2zp89k9q1g0855k1x0f1xa_boundary
PolypGen__C4_11_endocv2021_positive_861,0.16349896788597107,0.18603375554084778,0.02253478765487671,KvasirCVC__kvasir_cju3u39fog1bo0871lxjrabks_positive;KvasirCVC__cvc_444_positive,KvasirCVC__kvasir_cju87vqa0ndwg0850onjdz7ol_negative,KvasirCVC__kvasir_cju2zp89k9q1g0855k1x0f1xa_boundary
PolypGen__C3_C3_EndoCV2021_0052,0.16352201998233795,0.7030302882194519,0.539508268237114,KvasirCVC__kvasir_cju3u39fog1bo0871lxjrabks_positive;KvasirCVC__cvc_444_positive,KvasirCVC__cvc_210_negative,KvasirCVC__kvasir_cju2zp89k9q1g0855k1x0f1xa_boundary
PolypGen__C3_C3_EndoCV2021_00181,0.16427792608737946,0.1640511453151703,-0.00022678077220916748,KvasirCVC__kvasir_cju3u39fog1bo0871lxjrabks_positive;KvasirCVC__cvc_444_positive,KvasirCVC__kvasir_cju87vqa0ndwg0850onjdz7ol_negative,KvasirCVC__kvasir_cju2zp89k9q1g0855k1x0f1xa_boundary
PolypGen__C6_EndoCV2021_C6_0100004,0.1683892160654068,0.9449304938316345,0.7765412777662277,KvasirCVC__kvasir_cju3u39fog1bo0871lxjrabks_positive;KvasirCVC__cvc_444_positive,KvasirCVC__kvasir_cju87vqa0ndwg0850onjdz7ol_negative,KvasirCVC__kvasir_cju2zp89k9q1g0855k1x0f1xa_boundary
PolypGen__C5_EndoCV2021_C5_50000372,0.18421052396297455,0.41867801547050476,0.2344674915075302,KvasirCVC__kvasir_cju3u39fog1bo0871lxjrabks_positive;KvasirCVC__kvasir_cju33w4sdcivk0855x879zht7_positive,KvasirCVC__kvasir_cju87vqa0ndwg0850onjdz7ol_negative,KvasirCVC__kvasir_cju2zp89k9q1g0855k1x0f1xa_boundary
PolypGen__C4_23_endocv2021_positive_310,0.18427471816539764,0.4700460731983185,0.28577135503292084,KvasirCVC__kvasir_cju3u39fog1bo0871lxjrabks_positive;KvasirCVC__cvc_444_positive,KvasirCVC__kvasir_cju87vqa0ndwg0850onjdz7ol_negative,KvasirCVC__kvasir_cju2zp89k9q1g0855k1x0f1xa_boundary
PolypGen__C4_11_endocv2021_positive_948,0.18466898798942566,0.11465424299240112,-0.07001474499702454,KvasirCVC__kvasir_cju3u39fog1bo0871lxjrabks_positive;KvasirCVC__cvc_444_positive,KvasirCVC__kvasir_cju87vqa0ndwg0850onjdz7ol_negative,KvasirCVC__kvasir_cju2zp89k9q1g0855k1x0f1xa_boundary
PolypGen__C4_31_endocv2021_positive_1318,0.1855670064687729,0.43091458082199097,0.24534757435321808,KvasirCVC__kvasir_cju3u39fog1bo0871lxjrabks_positive;KvasirCVC__cvc_444_positive,KvasirCVC__kvasir_cju87vqa0ndwg0850onjdz7ol_negative,KvasirCVC__kvasir_cju2zp89k9q1g0855k1x0f1xa_boundary
PolypGen__C4_20_endocv2021_positive_994,0.18704092502593994,0.19475552439689636,0.007714599370956421,KvasirCVC__kvasir_cju3u39fog1bo0871lxjrabks_positive;KvasirCVC__cvc_444_positive,KvasirCVC__kvasir_cju87vqa0ndwg0850onjdz7ol_negative,KvasirCVC__kvasir_cju2zp89k9q1g0855k1x0f1xa_boundary
PolypGen__C1_176OLCV1_100H0846,0.18768271803855896,1.720578124420058e-10,-0.18768271786650115,KvasirCVC__kvasir_cju3u39fog1bo0871lxjrabks_positive;KvasirCVC__cvc_444_positive,KvasirCVC__kvasir_cju87vqa0ndwg0850onjdz7ol_negative,KvasirCVC__kvasir_cju2zp89k9q1g0855k1x0f1xa_boundary
PolypGen__C1_491OLCV1_100H0004,0.1878163069486618,0.4931831657886505,0.3053668588399887,KvasirCVC__kvasir_cju3u39fog1bo0871lxjrabks_positive;KvasirCVC__cvc_444_positive,KvasirCVC__kvasir_cju87vqa0ndwg0850onjdz7ol_negative,KvasirCVC__kvasir_cju2zp89k9q1g0855k1x0f1xa_boundary
PolypGen__C4_4_endocv2021_positive_1020,0.18892508745193481,0.18143899738788605,-0.007486090064048767,KvasirCVC__kvasir_cju3u39fog1bo0871lxjrabks_positive;KvasirCVC__kvasir_cju33w4sdcivk0855x879zht7_positive,KvasirCVC__kvasir_cju87vqa0ndwg0850onjdz7ol_negative,KvasirCVC__kvasir_cju2zp89k9q1g0855k1x0f1xa_boundary
PolypGen__C1_177OLCV1_100H0040,0.1906558871269226,0.9097918272018433,0.7191359400749207,KvasirCVC__kvasir_cju3u39fog1bo0871lxjrabks_positive;KvasirCVC__cvc_444_positive,KvasirCVC__kvasir_cju87vqa0ndwg0850onjdz7ol_negative,KvasirCVC__kvasir_cju2zp89k9q1g0855k1x0f1xa_boundary
PolypGen__C1_150OLCV1_100H0016,0.19207683205604553,0.19278846681118011,0.0007116347551345825,KvasirCVC__kvasir_cju3u39fog1bo0871lxjrabks_positive;KvasirCVC__cvc_444_positive,KvasirCVC__kvasir_cju87vqa0ndwg0850onjdz7ol_negative,KvasirCVC__kvasir_cju2zp89k9q1g0855k1x0f1xa_boundary
PolypGen__C4_11_endocv2021_positive_968,0.19223986566066742,0.11745919287204742,-0.07478067278862,KvasirCVC__kvasir_cju3u39fog1bo0871lxjrabks_positive;KvasirCVC__cvc_444_positive,KvasirCVC__kvasir_cju87vqa0ndwg0850onjdz7ol_negative,KvasirCVC__kvasir_cju2zp89k9q1g0855k1x0f1xa_boundary
PolypGen__C1_711OLCV1_100H0002,0.19365572929382324,7.097232246344731e-10,-0.19365572858410002,KvasirCVC__kvasir_cju3u39fog1bo0871lxjrabks_positive;KvasirCVC__cvc_444_positive,KvasirCVC__kvasir_cju87vqa0ndwg0850onjdz7ol_negative,KvasirCVC__kvasir_cju2zp89k9q1g0855k1x0f1xa_boundary
PolypGen__C4_10_endocv2021_positive_1006,0.19586427509784698,0.2112850695848465,0.015420794486999512,KvasirCVC__kvasir_cju3u39fog1bo0871lxjrabks_positive;KvasirCVC__cvc_444_positive,KvasirCVC__kvasir_cju87vqa0ndwg0850onjdz7ol_negative,KvasirCVC__kvasir_cju2zp89k9q1g0855k1x0f1xa_boundary
PolypGen__C4_11_endocv2021_positive_976,0.19891826808452606,0.12127736210823059,-0.07764090597629547,KvasirCVC__kvasir_cju3u39fog1bo0871lxjrabks_positive;KvasirCVC__cvc_444_positive,KvasirCVC__kvasir_cju87vqa0ndwg0850onjdz7ol_negative,KvasirCVC__kvasir_cju2zp89k9q1g0855k1x0f1xa_boundary
PolypGen__C3_C3_EndoCV2021_00278,0.20166540145874023,0.34897205233573914,0.1473066508769989,KvasirCVC__kvasir_cju3u39fog1bo0871lxjrabks_positive;KvasirCVC__cvc_444_positive,KvasirCVC__kvasir_cju87vqa0ndwg0850onjdz7ol_negative,KvasirCVC__kvasir_cju2zp89k9q1g0855k1x0f1xa_boundary
PolypGen__C4_31_endocv2021_positive_251,0.20510327816009521,0.2763157784938812,0.07121250033378601,KvasirCVC__kvasir_cju3u39fog1bo0871lxjrabks_positive;KvasirCVC__cvc_444_positive,KvasirCVC__kvasir_cju87vqa0ndwg0850onjdz7ol_negative,KvasirCVC__kvasir_cju2zp89k9q1g0855k1x0f1xa_boundary
PolypGen__C2_EndoCV2021_001109,0.2088698148727417,0.5025125741958618,0.2936427593231201,KvasirCVC__kvasir_cju3u39fog1bo0871lxjrabks_positive;KvasirCVC__cvc_444_positive,KvasirCVC__kvasir_cju87vqa0ndwg0850onjdz7ol_negative,KvasirCVC__kvasir_cju2zp89k9q1g0855k1x0f1xa_boundary
PolypGen__C3_C3_EndoCV2021_00141,0.20921649038791656,0.5684270262718201,0.3592105358839035,KvasirCVC__kvasir_cju3u39fog1bo0871lxjrabks_positive;KvasirCVC__cvc_54_positive,KvasirCVC__kvasir_cju87vqa0ndwg0850onjdz7ol_negative,KvasirCVC__kvasir_cju2zp89k9q1g0855k1x0f1xa_boundary
PolypGen__C5_EndoCV2021_C5_50000359,0.20952381193637848,0.22042587399482727,0.010902062058448792,KvasirCVC__kvasir_cju3u39fog1bo0871lxjrabks_positive;KvasirCVC__cvc_54_positive,KvasirCVC__kvasir_cju87vqa0ndwg0850onjdz7ol_negative,KvasirCVC__kvasir_cju2zp89k9q1g0855k1x0f1xa_boundary
PolypGen__C4_28_endocv2021_positive_1311,0.21052631735801697,0.20912715792655945,-0.0013991594314575195,KvasirCVC__kvasir_cju3u39fog1bo0871lxjrabks_positive;KvasirCVC__cvc_444_positive,KvasirCVC__kvasir_cju87vqa0ndwg0850onjdz7ol_negative,KvasirCVC__kvasir_cju2zp89k9q1g0855k1x0f1xa_boundary
PolypGen__C3_C3_EndoCV2021_00478,0.21424564719200134,0.28663331270217896,0.07238766551017761,KvasirCVC__kvasir_cju3u39fog1bo0871lxjrabks_positive;KvasirCVC__kvasir_cju33w4sdcivk0855x879zht7_positive,KvasirCVC__kvasir_cju87vqa0ndwg0850onjdz7ol_negative,KvasirCVC__kvasir_cju2zp89k9q1g0855k1x0f1xa_boundary
PolypGen__C2_EndoCV2021_001273,0.21457983553409576,0.3953956961631775,0.18081586062908173,KvasirCVC__kvasir_cju3u39fog1bo0871lxjrabks_positive;KvasirCVC__cvc_444_positive,KvasirCVC__kvasir_cju87vqa0ndwg0850onjdz7ol_negative,KvasirCVC__kvasir_cju2zp89k9q1g0855k1x0f1xa_boundary
PolypGen__C4_20_endocv2021_positive_873,0.21664676070213318,0.24482448399066925,0.028177723288536072,KvasirCVC__kvasir_cju3u39fog1bo0871lxjrabks_positive;KvasirCVC__cvc_444_positive,KvasirCVC__kvasir_cju87vqa0ndwg0850onjdz7ol_negative,KvasirCVC__kvasir_cju2zp89k9q1g0855k1x0f1xa_boundary
PolypGen__C4_23_endocv2021_positive_440,0.21733951568603516,0.22395193576812744,0.006612420082092285,KvasirCVC__kvasir_cju3u39fog1bo0871lxjrabks_positive;KvasirCVC__kvasir_cju33w4sdcivk0855x879zht7_positive,KvasirCVC__kvasir_cju87vqa0ndwg0850onjdz7ol_negative,KvasirCVC__kvasir_cju2zp89k9q1g0855k1x0f1xa_boundary
PolypGen__C1_500OLCV1_100H0008,0.2181164175271988,0.9625275731086731,0.7444111555814743,KvasirCVC__kvasir_cju3u39fog1bo0871lxjrabks_positive;KvasirCVC__cvc_444_positive,KvasirCVC__kvasir_cju87vqa0ndwg0850onjdz7ol_negative,KvasirCVC__kvasir_cju2zp89k9q1g0855k1x0f1xa_boundary
PolypGen__C6_EndoCV2021_C6_0100110,0.21958673000335693,0.3825250267982483,0.16293829679489136,KvasirCVC__kvasir_cju3u39fog1bo0871lxjrabks_positive;KvasirCVC__cvc_54_positive,KvasirCVC__cvc_210_negative,KvasirCVC__kvasir_cju2zp89k9q1g0855k1x0f1xa_boundary
PolypGen__C1_887OLCV1_100H0002,0.22056074440479279,0.8030467629432678,0.582486018538475,KvasirCVC__kvasir_cju3u39fog1bo0871lxjrabks_positive;KvasirCVC__cvc_444_positive,KvasirCVC__kvasir_cju87vqa0ndwg0850onjdz7ol_negative,KvasirCVC__kvasir_cju2zp89k9q1g0855k1x0f1xa_boundary
PolypGen__C3_C3_EndoCV2021_00374,0.22329246997833252,0.761904776096344,0.5386123061180115,KvasirCVC__kvasir_cju3u39fog1bo0871lxjrabks_positive;KvasirCVC__cvc_444_positive,KvasirCVC__kvasir_cju87vqa0ndwg0850onjdz7ol_negative,KvasirCVC__kvasir_cju2zp89k9q1g0855k1x0f1xa_boundary
PolypGen__C5_EndoCV2021_C5_50000348,0.22474460303783417,0.22298850119113922,-0.0017561018466949463,KvasirCVC__kvasir_cju3u39fog1bo0871lxjrabks_positive;KvasirCVC__cvc_444_positive,KvasirCVC__kvasir_cju87vqa0ndwg0850onjdz7ol_negative,KvasirCVC__kvasir_cju2zp89k9q1g0855k1x0f1xa_boundary
PolypGen__C3_C3_EndoCV2021_00366,0.22518862783908844,0.27965492010116577,0.05446629226207733,KvasirCVC__kvasir_cju3u39fog1bo0871lxjrabks_positive;KvasirCVC__cvc_54_positive,KvasirCVC__cvc_210_negative,KvasirCVC__cvc_96_boundary
PolypGen__C4_23_endocv2021_positive_316,0.22898952662944794,0.33205854892730713,0.10306902229785919,KvasirCVC__kvasir_cju3u39fog1bo0871lxjrabks_positive;KvasirCVC__cvc_444_positive,KvasirCVC__kvasir_cju87vqa0ndwg0850onjdz7ol_negative,KvasirCVC__kvasir_cju2zp89k9q1g0855k1x0f1xa_boundary
PolypGen__C3_C3_EndoCV2021_00202,0.23101410269737244,0.4093567132949829,0.17834261059761047,KvasirCVC__kvasir_cju3u39fog1bo0871lxjrabks_positive;KvasirCVC__cvc_444_positive,KvasirCVC__kvasir_cju87vqa0ndwg0850onjdz7ol_negative,KvasirCVC__kvasir_cju2zp89k9q1g0855k1x0f1xa_boundary
PolypGen__C1_378OLCV1_100H0016,0.23517844080924988,0.7632129192352295,0.5280344784259796,KvasirCVC__kvasir_cju3u39fog1bo0871lxjrabks_positive;KvasirCVC__cvc_444_positive,KvasirCVC__kvasir_cju87vqa0ndwg0850onjdz7ol_negative,KvasirCVC__kvasir_cju2zp89k9q1g0855k1x0f1xa_boundary
PolypGen__C1_419OLCV1_100H0006,0.23780690133571625,0.8750898838043213,0.637282982468605,KvasirCVC__kvasir_cju3u39fog1bo0871lxjrabks_positive;KvasirCVC__cvc_444_positive,KvasirCVC__kvasir_cju87vqa0ndwg0850onjdz7ol_negative,KvasirCVC__kvasir_cju2zp89k9q1g0855k1x0f1xa_boundary
PolypGen__C2_EndoCV2021_001412,0.23791417479515076,0.9655370712280273,0.7276228964328766,KvasirCVC__kvasir_cju3u39fog1bo0871lxjrabks_positive;KvasirCVC__cvc_444_positive,KvasirCVC__kvasir_cju87vqa0ndwg0850onjdz7ol_negative,KvasirCVC__kvasir_cju2zp89k9q1g0855k1x0f1xa_boundary
PolypGen__C4_31_endocv2021_positive_1403,0.24010808765888214,0.27394846081733704,0.033840373158454895,KvasirCVC__kvasir_cju3u39fog1bo0871lxjrabks_positive;KvasirCVC__cvc_444_positive,KvasirCVC__kvasir_cju87vqa0ndwg0850onjdz7ol_negative,KvasirCVC__kvasir_cju2zp89k9q1g0855k1x0f1xa_boundary
PolypGen__C2_EndoCV2021_001325,0.24325230717658997,0.27475884556770325,0.03150653839111328,KvasirCVC__kvasir_cju3u39fog1bo0871lxjrabks_positive;KvasirCVC__cvc_54_positive,KvasirCVC__kvasir_cju87vqa0ndwg0850onjdz7ol_negative,KvasirCVC__kvasir_cju2zp89k9q1g0855k1x0f1xa_boundary
PolypGen__C1_597OLCV1_100H0032,0.24334517121315002,0.22418394684791565,-0.019161224365234375,KvasirCVC__kvasir_cju3u39fog1bo0871lxjrabks_positive;KvasirCVC__cvc_444_positive,KvasirCVC__kvasir_cju87vqa0ndwg0850onjdz7ol_negative,KvasirCVC__kvasir_cju2zp89k9q1g0855k1x0f1xa_boundary
PolypGen__C2_EndoCV2021_001112,0.25201892852783203,0.9567257761955261,0.7047068476676941,KvasirCVC__kvasir_cju3u39fog1bo0871lxjrabks_positive;KvasirCVC__cvc_54_positive,KvasirCVC__cvc_210_negative,KvasirCVC__kvasir_cju2zp89k9q1g0855k1x0f1xa_boundary
PolypGen__C3_C3_EndoCV2021_00485,0.2548064589500427,0.6903360486030579,0.43552958965301514,KvasirCVC__kvasir_cju3u39fog1bo0871lxjrabks_positive;KvasirCVC__cvc_444_positive,KvasirCVC__cvc_210_negative,KvasirCVC__kvasir_cju2zp89k9q1g0855k1x0f1xa_boundary
PolypGen__C1_169OLCV1_100H0007,0.2564593255519867,0.39303991198539734,0.13658058643341064,KvasirCVC__kvasir_cju3u39fog1bo0871lxjrabks_positive;KvasirCVC__cvc_444_positive,KvasirCVC__kvasir_cju87vqa0ndwg0850onjdz7ol_negative,KvasirCVC__kvasir_cju2zp89k9q1g0855k1x0f1xa_boundary
PolypGen__C4_24_endocv2021_positive_1074,0.25750476121902466,0.9257872700691223,0.6682825088500977,KvasirCVC__kvasir_cju3u39fog1bo0871lxjrabks_positive;KvasirCVC__cvc_444_positive,KvasirCVC__kvasir_cju87vqa0ndwg0850onjdz7ol_negative,KvasirCVC__kvasir_cju2zp89k9q1g0855k1x0f1xa_boundary
PolypGen__C3_C3_EndoCV2021_00398,0.25838759541511536,0.4493783414363861,0.19099074602127075,KvasirCVC__kvasir_cju3u39fog1bo0871lxjrabks_positive;KvasirCVC__cvc_444_positive,KvasirCVC__kvasir_cju87vqa0ndwg0850onjdz7ol_negative,KvasirCVC__kvasir_cju2zp89k9q1g0855k1x0f1xa_boundary
PolypGen__C5_EndoCV2021_C5_50000087,0.2595312297344208,0.9487406015396118,0.689209371805191,KvasirCVC__kvasir_cju3u39fog1bo0871lxjrabks_positive;KvasirCVC__cvc_444_positive,KvasirCVC__kvasir_cju87vqa0ndwg0850onjdz7ol_negative,KvasirCVC__kvasir_cju2zp89k9q1g0855k1x0f1xa_boundary
PolypGen__C5_EndoCV2021_C5_50000222,0.26059049367904663,0.15933960676193237,-0.10125088691711426,KvasirCVC__kvasir_cju3u39fog1bo0871lxjrabks_positive;KvasirCVC__cvc_54_positive,KvasirCVC__kvasir_cju87vqa0ndwg0850onjdz7ol_negative,KvasirCVC__kvasir_cju0tl3uz8blh0993wxvn7ly3_boundary
PolypGen__C4_35_endocv2021_negative_1005,0.26641011238098145,0.24774743616580963,-0.018662676215171814,KvasirCVC__kvasir_cju3u39fog1bo0871lxjrabks_positive;KvasirCVC__cvc_444_positive,KvasirCVC__kvasir_cju87vqa0ndwg0850onjdz7ol_negative,KvasirCVC__kvasir_cju2zp89k9q1g0855k1x0f1xa_boundary
PolypGen__C3_C3_EndoCV2021_00454,0.26829269528388977,0.2719220519065857,0.003629356622695923,KvasirCVC__kvasir_cju3u39fog1bo0871lxjrabks_positive;KvasirCVC__cvc_444_positive,KvasirCVC__kvasir_cju87vqa0ndwg0850onjdz7ol_negative,KvasirCVC__kvasir_cju2zp89k9q1g0855k1x0f1xa_boundary
PolypGen__C2_EndoCV2021_001090,0.2714809775352478,0.2720588147640228,0.0005778372287750244,KvasirCVC__kvasir_cju3u39fog1bo0871lxjrabks_positive;KvasirCVC__cvc_444_positive,KvasirCVC__kvasir_cju87vqa0ndwg0850onjdz7ol_negative,KvasirCVC__kvasir_cju2zp89k9q1g0855k1x0f1xa_boundary
PolypGen__C5_EndoCV2021_C5_50000008,0.272612601518631,0.2292059063911438,-0.04340669512748718,KvasirCVC__kvasir_cju3u39fog1bo0871lxjrabks_positive;KvasirCVC__cvc_444_positive,KvasirCVC__kvasir_cju87vqa0ndwg0850onjdz7ol_negative,KvasirCVC__kvasir_cju2zp89k9q1g0855k1x0f1xa_boundary
PolypGen__C4_29_endocv2021_positive_471,0.27288079261779785,0.795354425907135,0.5224736332893372,KvasirCVC__kvasir_cju3u39fog1bo0871lxjrabks_positive;KvasirCVC__cvc_444_positive,KvasirCVC__kvasir_cju87vqa0ndwg0850onjdz7ol_negative,KvasirCVC__kvasir_cju2zp89k9q1g0855k1x0f1xa_boundary
PolypGen__C1_963OLCV1_100H0006,0.2738884389400482,0.28825047612190247,0.014362037181854248,KvasirCVC__kvasir_cju3u39fog1bo0871lxjrabks_positive;KvasirCVC__cvc_444_positive,KvasirCVC__kvasir_cju87vqa0ndwg0850onjdz7ol_negative,KvasirCVC__kvasir_cju2zp89k9q1g0855k1x0f1xa_boundary
PolypGen__C2_EndoCV2021_001374,0.2781289517879486,0.28440964221954346,0.006280690431594849,KvasirCVC__kvasir_cju3u39fog1bo0871lxjrabks_positive;KvasirCVC__cvc_444_positive,KvasirCVC__kvasir_cju87vqa0ndwg0850onjdz7ol_negative,KvasirCVC__kvasir_cju2zp89k9q1g0855k1x0f1xa_boundary
PolypGen__C4_19_endocv2021_positive_1496,0.2785104811191559,0.3564453125,0.07793483138084412,KvasirCVC__kvasir_cju3u39fog1bo0871lxjrabks_positive;KvasirCVC__cvc_54_positive,KvasirCVC__kvasir_cju87vqa0ndwg0850onjdz7ol_negative,KvasirCVC__kvasir_cju2zp89k9q1g0855k1x0f1xa_boundary
PolypGen__C3_C3_EndoCV2021_00229,0.27868202328681946,0.7546754479408264,0.47599342465400696,KvasirCVC__kvasir_cju3u39fog1bo0871lxjrabks_positive;KvasirCVC__cvc_444_positive,KvasirCVC__kvasir_cju87vqa0ndwg0850onjdz7ol_negative,KvasirCVC__kvasir_cju2zp89k9q1g0855k1x0f1xa_boundary
PolypGen__C3_C3_EndoCV2021_0059,0.2798400819301605,0.25072047114372253,-0.02911961078643799,KvasirCVC__kvasir_cju3u39fog1bo0871lxjrabks_positive;KvasirCVC__cvc_444_positive,KvasirCVC__cvc_210_negative,KvasirCVC__kvasir_cju2zp89k9q1g0855k1x0f1xa_boundary
PolypGen__C3_C3_EndoCV2021_009,0.28500354290008545,0.32385820150375366,0.03885465860366821,KvasirCVC__kvasir_cju3u39fog1bo0871lxjrabks_positive;KvasirCVC__cvc_444_positive,KvasirCVC__kvasir_cju87vqa0ndwg0850onjdz7ol_negative,KvasirCVC__kvasir_cju2zp89k9q1g0855k1x0f1xa_boundary
PolypGen__C6_EndoCV2021_C6_0100031,0.2869032919406891,0.3283456861972809,0.0414423942565918,KvasirCVC__kvasir_cju3u39fog1bo0871lxjrabks_positive;KvasirCVC__cvc_54_positive,KvasirCVC__kvasir_cju87vqa0ndwg0850onjdz7ol_negative,KvasirCVC__kvasir_cju2zp89k9q1g0855k1x0f1xa_boundary
PolypGen__C2_EndoCV2021_001327,0.2896976172924042,0.29303500056266785,0.003337383270263672,KvasirCVC__kvasir_cju3u39fog1bo0871lxjrabks_positive;KvasirCVC__cvc_444_positive,KvasirCVC__kvasir_cju87vqa0ndwg0850onjdz7ol_negative,KvasirCVC__kvasir_cju2zp89k9q1g0855k1x0f1xa_boundary
PolypGen__C3_C3_EndoCV2021_00169,0.2936117947101593,0.4598672389984131,0.16625544428825378,KvasirCVC__kvasir_cju3u39fog1bo0871lxjrabks_positive;KvasirCVC__cvc_444_positive,KvasirCVC__kvasir_cju87vqa0ndwg0850onjdz7ol_negative,KvasirCVC__kvasir_cju2zp89k9q1g0855k1x0f1xa_boundary
PolypGen__C4_14_endocv2021_positive_1435,0.29365527629852295,0.5725457668304443,0.2788904905319214,KvasirCVC__kvasir_cju3u39fog1bo0871lxjrabks_positive;KvasirCVC__cvc_444_positive,KvasirCVC__kvasir_cju87vqa0ndwg0850onjdz7ol_negative,KvasirCVC__kvasir_cju2zp89k9q1g0855k1x0f1xa_boundary
PolypGen__C3_C3_EndoCV2021_00179,0.29591837525367737,0.4566929042339325,0.16077452898025513,KvasirCVC__kvasir_cju3u39fog1bo0871lxjrabks_positive;KvasirCVC__cvc_54_positive,KvasirCVC__cvc_210_negative,KvasirCVC__kvasir_cju2zp89k9q1g0855k1x0f1xa_boundary
PolypGen__C5_EndoCV2021_C5_50000116,0.30296099185943604,0.25513535737991333,-0.047825634479522705,KvasirCVC__kvasir_cju3u39fog1bo0871lxjrabks_positive;KvasirCVC__cvc_54_positive,KvasirCVC__kvasir_cju87vqa0ndwg0850onjdz7ol_negative,KvasirCVC__kvasir_cju2zp89k9q1g0855k1x0f1xa_boundary
PolypGen__C1_419OLCV1_100H0014,0.30450451374053955,0.3157610297203064,0.011256515979766846,KvasirCVC__kvasir_cju3u39fog1bo0871lxjrabks_positive;KvasirCVC__cvc_444_positive,KvasirCVC__kvasir_cju87vqa0ndwg0850onjdz7ol_negative,KvasirCVC__kvasir_cju2zp89k9q1g0855k1x0f1xa_boundary
PolypGen__C1_295OLCV1_100H0004,0.30535101890563965,0.46095070242881775,0.1555996835231781,KvasirCVC__kvasir_cju3u39fog1bo0871lxjrabks_positive;KvasirCVC__cvc_444_positive,KvasirCVC__kvasir_cju87vqa0ndwg0850onjdz7ol_negative,KvasirCVC__kvasir_cju2zp89k9q1g0855k1x0f1xa_boundary
PolypGen__C5_EndoCV2021_C5_50000232,0.3075571060180664,0.4072135090827942,0.09965640306472778,KvasirCVC__kvasir_cju3u39fog1bo0871lxjrabks_positive;KvasirCVC__cvc_54_positive,KvasirCVC__cvc_210_negative,KvasirCVC__kvasir_cju2zp89k9q1g0855k1x0f1xa_boundary
PolypGen__C6_EndoCV2021_C6_0100019,0.32189255952835083,0.32158079743385315,-0.00031176209449768066,KvasirCVC__kvasir_cju3u39fog1bo0871lxjrabks_positive;KvasirCVC__cvc_444_positive,KvasirCVC__kvasir_cju87vqa0ndwg0850onjdz7ol_negative,KvasirCVC__kvasir_cju2zp89k9q1g0855k1x0f1xa_boundary
PolypGen__C5_EndoCV2021_C5_50000224,0.3225208520889282,0.3222222328186035,-0.00029861927032470703,KvasirCVC__cvc_54_positive;KvasirCVC__kvasir_cju3u39fog1bo0871lxjrabks_positive,KvasirCVC__cvc_210_negative,KvasirCVC__kvasir_cju2zp89k9q1g0855k1x0f1xa_boundary
PolypGen__C6_EndoCV2021_C6_0100018,0.3285168707370758,0.33569660782814026,0.007179737091064453,KvasirCVC__kvasir_cju3u39fog1bo0871lxjrabks_positive;KvasirCVC__cvc_444_positive,KvasirCVC__kvasir_cju87vqa0ndwg0850onjdz7ol_negative,KvasirCVC__kvasir_cju2zp89k9q1g0855k1x0f1xa_boundary
PolypGen__C4_29_endocv2021_positive_738,0.3310048282146454,0.9576359987258911,0.6266311705112457,KvasirCVC__kvasir_cju3u39fog1bo0871lxjrabks_positive;KvasirCVC__cvc_54_positive,KvasirCVC__cvc_210_negative,KvasirCVC__kvasir_cju0tl3uz8blh0993wxvn7ly3_boundary
PolypGen__C2_EndoCV2021_001091,0.3334706723690033,0.3312414586544037,-0.0022292137145996094,KvasirCVC__kvasir_cju3u39fog1bo0871lxjrabks_positive;KvasirCVC__cvc_444_positive,KvasirCVC__kvasir_cju87vqa0ndwg0850onjdz7ol_negative,KvasirCVC__kvasir_cju2zp89k9q1g0855k1x0f1xa_boundary
PolypGen__C4_29_endocv2021_positive_606,0.3368329107761383,0.6322770714759827,0.29544416069984436,KvasirCVC__kvasir_cju3u39fog1bo0871lxjrabks_positive;KvasirCVC__kvasir_cju33w4sdcivk0855x879zht7_positive,KvasirCVC__kvasir_cju87vqa0ndwg0850onjdz7ol_negative,KvasirCVC__kvasir_cju2zp89k9q1g0855k1x0f1xa_boundary
PolypGen__C5_EndoCV2021_C5_50000166,0.3477098345756531,3.2819166828623736e-10,-0.3477098342474614,KvasirCVC__kvasir_cju3u39fog1bo0871lxjrabks_positive;KvasirCVC__cvc_444_positive,KvasirCVC__kvasir_cju87vqa0ndwg0850onjdz7ol_negative,KvasirCVC__kvasir_cju2zp89k9q1g0855k1x0f1xa_boundary
PolypGen__C6_EndoCV2021_C6_0100049,0.3486131429672241,0.4504603147506714,0.10184717178344727,KvasirCVC__kvasir_cju3u39fog1bo0871lxjrabks_positive;KvasirCVC__cvc_54_positive,KvasirCVC__kvasir_cju87vqa0ndwg0850onjdz7ol_negative,KvasirCVC__kvasir_cju2zp89k9q1g0855k1x0f1xa_boundary
PolypGen__C1_177OLCV1_100S0005,0.34934496879577637,0.326934278011322,-0.022410690784454346,KvasirCVC__kvasir_cju3u39fog1bo0871lxjrabks_positive;KvasirCVC__cvc_444_positive,KvasirCVC__kvasir_cju87vqa0ndwg0850onjdz7ol_negative,KvasirCVC__kvasir_cju2zp89k9q1g0855k1x0f1xa_boundary
PolypGen__C2_EndoCV2021_001073,0.350505530834198,0.37710437178611755,0.026598840951919556,KvasirCVC__kvasir_cju3u39fog1bo0871lxjrabks_positive;KvasirCVC__cvc_54_positive,KvasirCVC__kvasir_cju87vqa0ndwg0850onjdz7ol_negative,KvasirCVC__kvasir_cju2zp89k9q1g0855k1x0f1xa_boundary
PolypGen__C4_14_endocv2021_positive_1266,0.350653737783432,0.47057127952575684,0.11991754174232483,KvasirCVC__kvasir_cju3u39fog1bo0871lxjrabks_positive;KvasirCVC__cvc_444_positive,KvasirCVC__kvasir_cju87vqa0ndwg0850onjdz7ol_negative,KvasirCVC__kvasir_cju2zp89k9q1g0855k1x0f1xa_boundary
PolypGen__C4_25_endocv2021_positive_1037,0.35256409645080566,0.4311557710170746,0.07859167456626892,KvasirCVC__kvasir_cju3u39fog1bo0871lxjrabks_positive;KvasirCVC__cvc_444_positive,KvasirCVC__kvasir_cju87vqa0ndwg0850onjdz7ol_negative,KvasirCVC__kvasir_cju2zp89k9q1g0855k1x0f1xa_boundary
PolypGen__C3_C3_EndoCV2021_00136,0.3569607436656952,0.5720595121383667,0.2150987684726715,KvasirCVC__kvasir_cju3u39fog1bo0871lxjrabks_positive;KvasirCVC__kvasir_cju33w4sdcivk0855x879zht7_positive,KvasirCVC__kvasir_cju87vqa0ndwg0850onjdz7ol_negative,KvasirCVC__kvasir_cju2zp89k9q1g0855k1x0f1xa_boundary
PolypGen__C1_155OLCV1_100H0010,0.3613312244415283,9.765624975344167e-10,-0.3613312234649658,KvasirCVC__kvasir_cju3u39fog1bo0871lxjrabks_positive;KvasirCVC__cvc_444_positive,KvasirCVC__kvasir_cju87vqa0ndwg0850onjdz7ol_negative,KvasirCVC__kvasir_cju2zp89k9q1g0855k1x0f1xa_boundary
PolypGen__C1_350OLCV1_100H0004,0.3617977499961853,0.3538055717945099,-0.007992178201675415,KvasirCVC__kvasir_cju3u39fog1bo0871lxjrabks_positive;KvasirCVC__cvc_54_positive,KvasirCVC__cvc_210_negative,KvasirCVC__kvasir_cju2zp89k9q1g0855k1x0f1xa_boundary
PolypGen__C3_C3_EndoCV2021_00154,0.3620150089263916,0.5781131982803345,0.21609818935394287,KvasirCVC__kvasir_cju3u39fog1bo0871lxjrabks_positive;KvasirCVC__cvc_444_positive,KvasirCVC__kvasir_cju87vqa0ndwg0850onjdz7ol_negative,KvasirCVC__kvasir_cju2zp89k9q1g0855k1x0f1xa_boundary
PolypGen__C1_422OLCV1_100H0002,0.36383476853370667,0.8291884660720825,0.46535369753837585,KvasirCVC__kvasir_cju3u39fog1bo0871lxjrabks_positive;KvasirCVC__cvc_444_positive,KvasirCVC__kvasir_cju87vqa0ndwg0850onjdz7ol_negative,KvasirCVC__kvasir_cju2zp89k9q1g0855k1x0f1xa_boundary
PolypGen__C4_24_endocv2021_positive_801,0.36469608545303345,0.40865832567214966,0.04396224021911621,KvasirCVC__kvasir_cju3u39fog1bo0871lxjrabks_positive;KvasirCVC__cvc_444_positive,KvasirCVC__kvasir_cju87vqa0ndwg0850onjdz7ol_negative,KvasirCVC__kvasir_cju2zp89k9q1g0855k1x0f1xa_boundary
PolypGen__C4_34_endocv2021_positive_432,0.3653061091899872,0.5407066345214844,0.1754005253314972,KvasirCVC__kvasir_cju3u39fog1bo0871lxjrabks_positive;KvasirCVC__cvc_444_positive,KvasirCVC__kvasir_cju87vqa0ndwg0850onjdz7ol_negative,KvasirCVC__kvasir_cju2zp89k9q1g0855k1x0f1xa_boundary
PolypGen__C5_EndoCV2021_C5_50000252,0.37256720662117004,0.55360347032547,0.18103626370429993,KvasirCVC__kvasir_cju3u39fog1bo0871lxjrabks_positive;KvasirCVC__cvc_444_positive,KvasirCVC__kvasir_cju87vqa0ndwg0850onjdz7ol_negative,KvasirCVC__kvasir_cju2zp89k9q1g0855k1x0f1xa_boundary
PolypGen__C2_EndoCV2021_001386,0.37387657165527344,0.5422483682632446,0.1683717966079712,KvasirCVC__kvasir_cju3u39fog1bo0871lxjrabks_positive;KvasirCVC__cvc_54_positive,KvasirCVC__cvc_210_negative,KvasirCVC__kvasir_cju2zp89k9q1g0855k1x0f1xa_boundary
PolypGen__C4_19_endocv2021_positive_1410,0.3750581741333008,0.37827715277671814,0.0032189786434173584,KvasirCVC__kvasir_cju3u39fog1bo0871lxjrabks_positive;KvasirCVC__cvc_54_positive,KvasirCVC__kvasir_cju87vqa0ndwg0850onjdz7ol_negative,KvasirCVC__kvasir_cju2zp89k9q1g0855k1x0f1xa_boundary
PolypGen__C4_22_endocv2021_positive_1095,0.3794384300708771,0.9724215865135193,0.5929831564426422,KvasirCVC__kvasir_cju3u39fog1bo0871lxjrabks_positive;KvasirCVC__cvc_444_positive,KvasirCVC__kvasir_cju87vqa0ndwg0850onjdz7ol_negative,KvasirCVC__kvasir_cju2zp89k9q1g0855k1x0f1xa_boundary
PolypGen__C5_EndoCV2021_C5_50000352,0.3829236626625061,0.3839170038700104,0.0009933412075042725,KvasirCVC__kvasir_cju3u39fog1bo0871lxjrabks_positive;KvasirCVC__cvc_444_positive,KvasirCVC__kvasir_cju87vqa0ndwg0850onjdz7ol_negative,KvasirCVC__kvasir_cju2zp89k9q1g0855k1x0f1xa_boundary
PolypGen__C3_C3_EndoCV2021_0024,0.3861386179924011,0.3861386179924011,0.0,KvasirCVC__kvasir_cju3u39fog1bo0871lxjrabks_positive;KvasirCVC__cvc_444_positive,KvasirCVC__kvasir_cju87vqa0ndwg0850onjdz7ol_negative,KvasirCVC__kvasir_cju2zp89k9q1g0855k1x0f1xa_boundary
PolypGen__C2_EndoCV2021_001156,0.38692495226860046,0.3461538553237915,-0.04077109694480896,KvasirCVC__kvasir_cju3u39fog1bo0871lxjrabks_positive;KvasirCVC__cvc_444_positive,KvasirCVC__kvasir_cju87vqa0ndwg0850onjdz7ol_negative,KvasirCVC__kvasir_cju2zp89k9q1g0855k1x0f1xa_boundary
PolypGen__C4_25_endocv2021_positive_172,0.39024388790130615,0.4492405951023102,0.05899670720100403,KvasirCVC__kvasir_cju3u39fog1bo0871lxjrabks_positive;KvasirCVC__cvc_444_positive,KvasirCVC__kvasir_cju87vqa0ndwg0850onjdz7ol_negative,KvasirCVC__kvasir_cju2zp89k9q1g0855k1x0f1xa_boundary
PolypGen__C3_C3_EndoCV2021_0042,0.3919949233531952,0.4007582366466522,0.008763313293457031,KvasirCVC__kvasir_cju3u39fog1bo0871lxjrabks_positive;KvasirCVC__cvc_444_positive,KvasirCVC__kvasir_cju87vqa0ndwg0850onjdz7ol_negative,KvasirCVC__kvasir_cju2zp89k9q1g0855k1x0f1xa_boundary
PolypGen__C2_EndoCV2021_001129,0.39528024196624756,0.39417722821235657,-0.0011030137538909912,KvasirCVC__kvasir_cju3u39fog1bo0871lxjrabks_positive;KvasirCVC__cvc_444_positive,KvasirCVC__kvasir_cju87vqa0ndwg0850onjdz7ol_negative,KvasirCVC__kvasir_cju2zp89k9q1g0855k1x0f1xa_boundary
PolypGen__C2_EndoCV2021_001236,0.3954697251319885,0.3811555504798889,-0.01431417465209961,KvasirCVC__kvasir_cju3u39fog1bo0871lxjrabks_positive;KvasirCVC__cvc_444_positive,KvasirCVC__kvasir_cju87vqa0ndwg0850onjdz7ol_negative,KvasirCVC__kvasir_cju2zp89k9q1g0855k1x0f1xa_boundary
PolypGen__C1_106OLCV1_100H0012,0.39710918068885803,0.8858257532119751,0.48871657252311707,KvasirCVC__kvasir_cju3u39fog1bo0871lxjrabks_positive;KvasirCVC__cvc_444_positive,KvasirCVC__kvasir_cju87vqa0ndwg0850onjdz7ol_negative,KvasirCVC__kvasir_cju2zp89k9q1g0855k1x0f1xa_boundary
PolypGen__C3_C3_EndoCV2021_00489,0.39777469635009766,0.39834025502204895,0.0005655586719512939,KvasirCVC__kvasir_cju3u39fog1bo0871lxjrabks_positive;KvasirCVC__cvc_444_positive,KvasirCVC__kvasir_cju87vqa0ndwg0850onjdz7ol_negative,KvasirCVC__kvasir_cju2zp89k9q1g0855k1x0f1xa_boundary
PolypGen__C4_9_endocv2021_positive_864,0.3999609649181366,0.400818407535553,0.0008574426174163818,KvasirCVC__kvasir_cju3u39fog1bo0871lxjrabks_positive;KvasirCVC__cvc_444_positive,KvasirCVC__kvasir_cju87vqa0ndwg0850onjdz7ol_negative,KvasirCVC__kvasir_cju2zp89k9q1g0855k1x0f1xa_boundary
PolypGen__C5_EndoCV2021_C5_50000082,0.4087468385696411,0.5781131982803345,0.16936635971069336,KvasirCVC__kvasir_cju3u39fog1bo0871lxjrabks_positive;KvasirCVC__cvc_444_positive,KvasirCVC__kvasir_cju87vqa0ndwg0850onjdz7ol_negative,KvasirCVC__kvasir_cju2zp89k9q1g0855k1x0f1xa_boundary
PolypGen__C3_C3_EndoCV2021_00490,0.4118993282318115,0.4037706255912781,-0.008128702640533447,KvasirCVC__kvasir_cju3u39fog1bo0871lxjrabks_positive;KvasirCVC__cvc_444_positive,KvasirCVC__cvc_210_negative,KvasirCVC__kvasir_cju2zp89k9q1g0855k1x0f1xa_boundary
PolypGen__C1_596OLCV1_100H0002,0.41346660256385803,0.1836552768945694,-0.22981132566928864,KvasirCVC__kvasir_cju3u39fog1bo0871lxjrabks_positive;KvasirCVC__cvc_444_positive,KvasirCVC__kvasir_cju87vqa0ndwg0850onjdz7ol_negative,KvasirCVC__kvasir_cju2zp89k9q1g0855k1x0f1xa_boundary
PolypGen__C2_EndoCV2021_001192,0.4186991751194,0.4002242088317871,-0.018474966287612915,KvasirCVC__kvasir_cju3u39fog1bo0871lxjrabks_positive;KvasirCVC__cvc_54_positive,KvasirCVC__kvasir_cju87vqa0ndwg0850onjdz7ol_negative,KvasirCVC__kvasir_cju2zp89k9q1g0855k1x0f1xa_boundary
PolypGen__C6_EndoCV2021_C6_0100113,0.41951218247413635,0.419853538274765,0.0003413558006286621,KvasirCVC__kvasir_cju3u39fog1bo0871lxjrabks_positive;KvasirCVC__cvc_54_positive,KvasirCVC__kvasir_cju87vqa0ndwg0850onjdz7ol_negative,KvasirCVC__kvasir_cju2zp89k9q1g0855k1x0f1xa_boundary
PolypGen__C4_9_endocv2021_positive_1006,0.42074331641197205,0.8979151248931885,0.47717180848121643,KvasirCVC__kvasir_cju3u39fog1bo0871lxjrabks_positive;KvasirCVC__cvc_444_positive,KvasirCVC__kvasir_cju87vqa0ndwg0850onjdz7ol_negative,KvasirCVC__kvasir_cju2zp89k9q1g0855k1x0f1xa_boundary
PolypGen__C4_19_endocv2021_positive_1307,0.42337262630462646,0.448486864566803,0.025114238262176514,KvasirCVC__kvasir_cju3u39fog1bo0871lxjrabks_positive;KvasirCVC__cvc_444_positive,KvasirCVC__kvasir_cju87vqa0ndwg0850onjdz7ol_negative,KvasirCVC__kvasir_cju2zp89k9q1g0855k1x0f1xa_boundary
PolypGen__C2_EndoCV2021_001183,0.42374005913734436,0.4256170690059662,0.0018770098686218262,KvasirCVC__kvasir_cju3u39fog1bo0871lxjrabks_positive;KvasirCVC__cvc_54_positive,KvasirCVC__cvc_210_negative,KvasirCVC__kvasir_cju2zp89k9q1g0855k1x0f1xa_boundary
PolypGen__C5_EndoCV2021_C5_50000284,0.42683929204940796,0.3719803988933563,-0.054858893156051636,KvasirCVC__kvasir_cju3u39fog1bo0871lxjrabks_positive;KvasirCVC__cvc_444_positive,KvasirCVC__kvasir_cju87vqa0ndwg0850onjdz7ol_negative,KvasirCVC__kvasir_cju2zp89k9q1g0855k1x0f1xa_boundary
PolypGen__C5_EndoCV2021_C5_50000285,0.42738795280456543,0.37327978014945984,-0.05410817265510559,KvasirCVC__kvasir_cju3u39fog1bo0871lxjrabks_positive;KvasirCVC__cvc_444_positive,KvasirCVC__kvasir_cju87vqa0ndwg0850onjdz7ol_negative,KvasirCVC__kvasir_cju2zp89k9q1g0855k1x0f1xa_boundary
PolypGen__C3_C3_EndoCV2021_00368,0.42828282713890076,0.42655935883522034,-0.00172346830368042,KvasirCVC__kvasir_cju3u39fog1bo0871lxjrabks_positive;KvasirCVC__cvc_444_positive,KvasirCVC__kvasir_cju87vqa0ndwg0850onjdz7ol_negative,KvasirCVC__kvasir_cju2zp89k9q1g0855k1x0f1xa_boundary
PolypGen__C5_EndoCV2021_C5_50000338,0.4306287467479706,0.6938313245773315,0.26320257782936096,KvasirCVC__kvasir_cju3u39fog1bo0871lxjrabks_positive;KvasirCVC__cvc_444_positive,KvasirCVC__cvc_210_negative,KvasirCVC__kvasir_cju43kj2pm34f0850l28ahpni_boundary
PolypGen__C1_296OLCV1_100H0008,0.43152710795402527,0.2927128076553345,-0.1388143002986908,KvasirCVC__kvasir_cju3u39fog1bo0871lxjrabks_positive;KvasirCVC__cvc_444_positive,KvasirCVC__kvasir_cju87vqa0ndwg0850onjdz7ol_negative,KvasirCVC__kvasir_cju2zp89k9q1g0855k1x0f1xa_boundary
PolypGen__C5_EndoCV2021_C5_50000361,0.4327676296234131,0.49607181549072266,0.06330418586730957,KvasirCVC__kvasir_cju3u39fog1bo0871lxjrabks_positive;KvasirCVC__cvc_444_positive,KvasirCVC__kvasir_cju87vqa0ndwg0850onjdz7ol_negative,KvasirCVC__kvasir_cju2zp89k9q1g0855k1x0f1xa_boundary
PolypGen__C3_C3_EndoCV2021_00155,0.4384250342845917,0.8317808508872986,0.3933558166027069,KvasirCVC__kvasir_cju3u39fog1bo0871lxjrabks_positive;KvasirCVC__cvc_444_positive,KvasirCVC__kvasir_cju87vqa0ndwg0850onjdz7ol_negative,KvasirCVC__kvasir_cju2zp89k9q1g0855k1x0f1xa_boundary
PolypGen__C1_459OLCV1_100H0012,0.43989336490631104,0.899552583694458,0.459659218788147,KvasirCVC__kvasir_cju3u39fog1bo0871lxjrabks_positive;KvasirCVC__cvc_54_positive,KvasirCVC__kvasir_cju87vqa0ndwg0850onjdz7ol_negative,KvasirCVC__kvasir_cju2zp89k9q1g0855k1x0f1xa_boundary
PolypGen__C4_25_endocv2021_positive_761,0.4477897882461548,0.43288010358810425,-0.014909684658050537,KvasirCVC__kvasir_cju3u39fog1bo0871lxjrabks_positive;KvasirCVC__cvc_444_positive,KvasirCVC__kvasir_cju87vqa0ndwg0850onjdz7ol_negative,KvasirCVC__kvasir_cju2zp89k9q1g0855k1x0f1xa_boundary
PolypGen__C5_EndoCV2021_C5_50000198,0.4482084810733795,0.44869905710220337,0.0004905760288238525,KvasirCVC__kvasir_cju3u39fog1bo0871lxjrabks_positive;KvasirCVC__cvc_444_positive,KvasirCVC__kvasir_cju87vqa0ndwg0850onjdz7ol_negative,KvasirCVC__kvasir_cju2zp89k9q1g0855k1x0f1xa_boundary
PolypGen__C2_EndoCV2021_001281,0.449122816324234,0.606965184211731,0.15784236788749695,KvasirCVC__kvasir_cju3u39fog1bo0871lxjrabks_positive;KvasirCVC__cvc_54_positive,KvasirCVC__kvasir_cju87vqa0ndwg0850onjdz7ol_negative,KvasirCVC__kvasir_cju2zp89k9q1g0855k1x0f1xa_boundary
PolypGen__C2_EndoCV2021_001382,0.4514435827732086,0.9487179517745972,0.49727436900138855,KvasirCVC__kvasir_cju3u39fog1bo0871lxjrabks_positive;KvasirCVC__cvc_444_positive,KvasirCVC__kvasir_cju87vqa0ndwg0850onjdz7ol_negative,KvasirCVC__kvasir_cju2zp89k9q1g0855k1x0f1xa_boundary
PolypGen__C1_241OLCV1_100H0002,0.45167118310928345,0.6871542930603027,0.2354831099510193,KvasirCVC__kvasir_cju3u39fog1bo0871lxjrabks_positive;KvasirCVC__cvc_444_positive,KvasirCVC__kvasir_cju87vqa0ndwg0850onjdz7ol_negative,KvasirCVC__kvasir_cju2zp89k9q1g0855k1x0f1xa_boundary
PolypGen__C2_EndoCV2021_001008,0.4529717266559601,0.5163170099258423,0.0633452832698822,KvasirCVC__kvasir_cju3u39fog1bo0871lxjrabks_positive;KvasirCVC__cvc_444_positive,KvasirCVC__kvasir_cju87vqa0ndwg0850onjdz7ol_negative,KvasirCVC__kvasir_cju2zp89k9q1g0855k1x0f1xa_boundary
PolypGen__C5_EndoCV2021_C5_50000362,0.4538508653640747,0.4538942277431488,4.336237907409668e-05,KvasirCVC__kvasir_cju3u39fog1bo0871lxjrabks_positive;KvasirCVC__cvc_444_positive,KvasirCVC__kvasir_cju87vqa0ndwg0850onjdz7ol_negative,KvasirCVC__kvasir_cju2zp89k9q1g0855k1x0f1xa_boundary
PolypGen__C4_33_endocv2021_positive_1130,0.45390403270721436,0.7517509460449219,0.2978469133377075,KvasirCVC__kvasir_cju3u39fog1bo0871lxjrabks_positive;KvasirCVC__kvasir_cju33w4sdcivk0855x879zht7_positive,KvasirCVC__kvasir_cju87vqa0ndwg0850onjdz7ol_negative,KvasirCVC__kvasir_cju2zp89k9q1g0855k1x0f1xa_boundary
PolypGen__C3_C3_EndoCV2021_00483,0.45584046840667725,0.4533333480358124,-0.002507120370864868,KvasirCVC__kvasir_cju3u39fog1bo0871lxjrabks_positive;KvasirCVC__cvc_444_positive,KvasirCVC__kvasir_cju87vqa0ndwg0850onjdz7ol_negative,KvasirCVC__cvc_96_boundary
PolypGen__C3_C3_EndoCV2021_00424,0.4576705992221832,0.4897959232330322,0.032125324010849,KvasirCVC__kvasir_cju3u39fog1bo0871lxjrabks_positive;KvasirCVC__cvc_54_positive,KvasirCVC__cvc_210_negative,KvasirCVC__kvasir_cju2zp89k9q1g0855k1x0f1xa_boundary
PolypGen__C4_5_endocv2021_positive_632,0.46399998664855957,0.41652408242225647,-0.0474759042263031,KvasirCVC__kvasir_cju3u39fog1bo0871lxjrabks_positive;KvasirCVC__cvc_444_positive,KvasirCVC__kvasir_cju87vqa0ndwg0850onjdz7ol_negative,KvasirCVC__kvasir_cju2zp89k9q1g0855k1x0f1xa_boundary
PolypGen__C4_19_endocv2021_positive_1477,0.46599775552749634,0.4835994243621826,0.01760166883468628,KvasirCVC__kvasir_cju3u39fog1bo0871lxjrabks_positive;KvasirCVC__cvc_444_positive,KvasirCVC__kvasir_cju87vqa0ndwg0850onjdz7ol_negative,KvasirCVC__kvasir_cju2zp89k9q1g0855k1x0f1xa_boundary
PolypGen__C5_EndoCV2021_C5_50000193,0.46612465381622314,0.5472095608711243,0.08108490705490112,KvasirCVC__kvasir_cju3u39fog1bo0871lxjrabks_positive;KvasirCVC__cvc_444_positive,KvasirCVC__kvasir_cju87vqa0ndwg0850onjdz7ol_negative,KvasirCVC__kvasir_cju2zp89k9q1g0855k1x0f1xa_boundary
PolypGen__C6_EndoCV2021_C6_0100022,0.4665215015411377,0.46739131212234497,0.0008698105812072754,KvasirCVC__kvasir_cju3u39fog1bo0871lxjrabks_positive;KvasirCVC__cvc_444_positive,KvasirCVC__kvasir_cju87vqa0ndwg0850onjdz7ol_negative,KvasirCVC__kvasir_cju2zp89k9q1g0855k1x0f1xa_boundary
PolypGen__C3_C3_EndoCV2021_00245,0.4730331599712372,0.6192222833633423,0.1461891233921051,KvasirCVC__kvasir_cju3u39fog1bo0871lxjrabks_positive;KvasirCVC__kvasir_cju33w4sdcivk0855x879zht7_positive,KvasirCVC__kvasir_cju87vqa0ndwg0850onjdz7ol_negative,KvasirCVC__kvasir_cju2zp89k9q1g0855k1x0f1xa_boundary
PolypGen__C5_EndoCV2021_C5_50000327,0.47601810097694397,0.4628099203109741,-0.013208180665969849,KvasirCVC__cvc_444_positive;KvasirCVC__kvasir_cju3u39fog1bo0871lxjrabks_positive,KvasirCVC__kvasir_cju87vqa0ndwg0850onjdz7ol_negative,KvasirCVC__kvasir_cju2zp89k9q1g0855k1x0f1xa_boundary
PolypGen__C4_9_endocv2021_positive_586,0.4770468473434448,0.5272431969642639,0.05019634962081909,KvasirCVC__kvasir_cju3u39fog1bo0871lxjrabks_positive;KvasirCVC__cvc_444_positive,KvasirCVC__kvasir_cju87vqa0ndwg0850onjdz7ol_negative,KvasirCVC__kvasir_cju2zp89k9q1g0855k1x0f1xa_boundary
PolypGen__C3_C3_EndoCV2021_00277,0.47771430015563965,0.5690125226974487,0.09129822254180908,KvasirCVC__kvasir_cju3u39fog1bo0871lxjrabks_positive;KvasirCVC__cvc_444_positive,KvasirCVC__kvasir_cju87vqa0ndwg0850onjdz7ol_negative,KvasirCVC__kvasir_cju2zp89k9q1g0855k1x0f1xa_boundary
PolypGen__C6_EndoCV2021_C6_0100092,0.4814090132713318,0.5583524107933044,0.07694339752197266,KvasirCVC__kvasir_cju3u39fog1bo0871lxjrabks_positive;KvasirCVC__cvc_54_positive,KvasirCVC__cvc_210_negative,KvasirCVC__kvasir_cju3u39fog1bo0871lxjrabks_boundary
PolypGen__C4_9_endocv2021_positive_198,0.4853522479534149,0.7501221895217896,0.26476994156837463,KvasirCVC__kvasir_cju3u39fog1bo0871lxjrabks_positive;KvasirCVC__cvc_444_positive,KvasirCVC__kvasir_cju87vqa0ndwg0850onjdz7ol_negative,KvasirCVC__kvasir_cju2zp89k9q1g0855k1x0f1xa_boundary
PolypGen__C6_EndoCV2021_C6_0100028,0.48605579137802124,0.20552262663841248,-0.28053316473960876,KvasirCVC__kvasir_cju33w4sdcivk0855x879zht7_positive;KvasirCVC__kvasir_cju3u39fog1bo0871lxjrabks_positive,KvasirCVC__kvasir_cju87vqa0ndwg0850onjdz7ol_negative,KvasirCVC__kvasir_cju2zp89k9q1g0855k1x0f1xa_boundary
PolypGen__C5_EndoCV2021_C5_50000214,0.4910522401332855,0.4848484992980957,-0.006203740835189819,KvasirCVC__kvasir_cju3u39fog1bo0871lxjrabks_positive;KvasirCVC__cvc_444_positive,KvasirCVC__kvasir_cju87vqa0ndwg0850onjdz7ol_negative,KvasirCVC__kvasir_cju2zp89k9q1g0855k1x0f1xa_boundary
PolypGen__C4_14_endocv2021_positive_902,0.4956784248352051,0.8426276445388794,0.3469492197036743,KvasirCVC__kvasir_cju3u39fog1bo0871lxjrabks_positive;KvasirCVC__cvc_444_positive,KvasirCVC__kvasir_cju87vqa0ndwg0850onjdz7ol_negative,KvasirCVC__kvasir_cju2zp89k9q1g0855k1x0f1xa_boundary
PolypGen__C1_205OLCV1_100H0004,0.49619659781455994,0.04785894230008125,-0.4483376555144787,KvasirCVC__kvasir_cju3u39fog1bo0871lxjrabks_positive;KvasirCVC__cvc_444_positive,KvasirCVC__kvasir_cju87vqa0ndwg0850onjdz7ol_negative,KvasirCVC__kvasir_cju2zp89k9q1g0855k1x0f1xa_boundary
PolypGen__C5_EndoCV2021_C5_50000371,0.49956783652305603,0.668208122253418,0.16864028573036194,KvasirCVC__kvasir_cju3u39fog1bo0871lxjrabks_positive;KvasirCVC__kvasir_cju33w4sdcivk0855x879zht7_positive,KvasirCVC__kvasir_cju87vqa0ndwg0850onjdz7ol_negative,KvasirCVC__kvasir_cju2zp89k9q1g0855k1x0f1xa_boundary
PolypGen__C1_148OLCV1_100H0004,0.499703973531723,0.4088931977748871,-0.09081077575683594,KvasirCVC__kvasir_cju3u39fog1bo0871lxjrabks_positive;KvasirCVC__cvc_444_positive,KvasirCVC__kvasir_cju87vqa0ndwg0850onjdz7ol_negative,KvasirCVC__kvasir_cju2zp89k9q1g0855k1x0f1xa_boundary
PolypGen__C4_16_endocv2021_positive_711,0.503531813621521,0.5888708829879761,0.08533906936645508,KvasirCVC__kvasir_cju3u39fog1bo0871lxjrabks_positive;KvasirCVC__cvc_444_positive,KvasirCVC__kvasir_cju87vqa0ndwg0850onjdz7ol_negative,KvasirCVC__kvasir_cju2zp89k9q1g0855k1x0f1xa_boundary
PolypGen__C1_278OLCV1_100H0010,0.5047022104263306,0.49170437455177307,-0.012997835874557495,KvasirCVC__kvasir_cju3u39fog1bo0871lxjrabks_positive;KvasirCVC__cvc_444_positive,KvasirCVC__kvasir_cju87vqa0ndwg0850onjdz7ol_negative,KvasirCVC__kvasir_cju2zp89k9q1g0855k1x0f1xa_boundary
PolypGen__C1_535OLCV1_100H0010,0.506903350353241,0.6059171557426453,0.0990138053894043,KvasirCVC__kvasir_cju3u39fog1bo0871lxjrabks_positive;KvasirCVC__cvc_54_positive,KvasirCVC__kvasir_cju87vqa0ndwg0850onjdz7ol_negative,KvasirCVC__kvasir_cju2zp89k9q1g0855k1x0f1xa_boundary
PolypGen__C1_176OLCV1_100H0089,0.507387101650238,0.5220779180526733,0.014690816402435303,KvasirCVC__kvasir_cju3u39fog1bo0871lxjrabks_positive;KvasirCVC__kvasir_cju33w4sdcivk0855x879zht7_positive,KvasirCVC__kvasir_cju87vqa0ndwg0850onjdz7ol_negative,KvasirCVC__kvasir_cju2zp89k9q1g0855k1x0f1xa_boundary
PolypGen__C3_C3_EndoCV2021_00284,0.5084956288337708,0.9641467332839966,0.45565110445022583,KvasirCVC__kvasir_cju3u39fog1bo0871lxjrabks_positive;KvasirCVC__cvc_444_positive,KvasirCVC__kvasir_cju87vqa0ndwg0850onjdz7ol_negative,KvasirCVC__kvasir_cju2zp89k9q1g0855k1x0f1xa_boundary
PolypGen__C3_C3_EndoCV2021_00449,0.5087255239486694,0.5102095007896423,0.0014839768409729004,KvasirCVC__kvasir_cju3u39fog1bo0871lxjrabks_positive;KvasirCVC__cvc_54_positive,KvasirCVC__cvc_210_negative,KvasirCVC__kvasir_cju2zp89k9q1g0855k1x0f1xa_boundary
PolypGen__C1_106OLCV1_100H0014,0.5115144848823547,0.5964579582214355,0.08494347333908081,KvasirCVC__kvasir_cju3u39fog1bo0871lxjrabks_positive;KvasirCVC__cvc_444_positive,KvasirCVC__kvasir_cju87vqa0ndwg0850onjdz7ol_negative,KvasirCVC__kvasir_cju2zp89k9q1g0855k1x0f1xa_boundary
PolypGen__C2_EndoCV2021_001306,0.5132578015327454,0.5502012968063354,0.03694349527359009,KvasirCVC__kvasir_cju3u39fog1bo0871lxjrabks_positive;KvasirCVC__cvc_444_positive,KvasirCVC__kvasir_cju87vqa0ndwg0850onjdz7ol_negative,KvasirCVC__kvasir_cju2zp89k9q1g0855k1x0f1xa_boundary
PolypGen__C4_14_endocv2021_positive_519,0.5157829523086548,0.749028742313385,0.23324579000473022,KvasirCVC__kvasir_cju3u39fog1bo0871lxjrabks_positive;KvasirCVC__kvasir_cju33w4sdcivk0855x879zht7_positive,KvasirCVC__kvasir_cju87vqa0ndwg0850onjdz7ol_negative,KvasirCVC__kvasir_cju2zp89k9q1g0855k1x0f1xa_boundary
PolypGen__C5_EndoCV2021_C5_50000181,0.5163934230804443,0.5299860239028931,0.01359260082244873,KvasirCVC__cvc_54_positive;KvasirCVC__kvasir_cju3u39fog1bo0871lxjrabks_positive,KvasirCVC__cvc_210_negative,KvasirCVC__kvasir_cju2zp89k9q1g0855k1x0f1xa_boundary
PolypGen__C3_C3_EndoCV2021_00262,0.5167785286903381,0.42970821261405945,-0.08707031607627869,KvasirCVC__kvasir_cju3u39fog1bo0871lxjrabks_positive;KvasirCVC__cvc_444_positive,KvasirCVC__cvc_210_negative,KvasirCVC__kvasir_cju2zp89k9q1g0855k1x0f1xa_boundary
PolypGen__C2_EndoCV2021_001363,0.518161952495575,0.49297574162483215,-0.025186210870742798,KvasirCVC__kvasir_cju3u39fog1bo0871lxjrabks_positive;KvasirCVC__cvc_444_positive,KvasirCVC__kvasir_cju87vqa0ndwg0850onjdz7ol_negative,KvasirCVC__kvasir_cju2zp89k9q1g0855k1x0f1xa_boundary
PolypGen__C1_186OLCV1_100H0066,0.5184129476547241,0.5433325171470642,0.024919569492340088,KvasirCVC__kvasir_cju3u39fog1bo0871lxjrabks_positive;KvasirCVC__cvc_444_positive,KvasirCVC__kvasir_cju87vqa0ndwg0850onjdz7ol_negative,KvasirCVC__kvasir_cju2zp89k9q1g0855k1x0f1xa_boundary
PolypGen__C2_EndoCV2021_001311,0.519002377986908,0.5391197800636292,0.02011740207672119,KvasirCVC__kvasir_cju3u39fog1bo0871lxjrabks_positive;KvasirCVC__kvasir_cju33w4sdcivk0855x879zht7_positive,KvasirCVC__kvasir_cju87vqa0ndwg0850onjdz7ol_negative,KvasirCVC__kvasir_cju2zp89k9q1g0855k1x0f1xa_boundary
PolypGen__C5_EndoCV2021_C5_50000369,0.5216595530509949,0.5013380646705627,-0.02032148838043213,KvasirCVC__kvasir_cju3u39fog1bo0871lxjrabks_positive;KvasirCVC__cvc_444_positive,KvasirCVC__kvasir_cju87vqa0ndwg0850onjdz7ol_negative,KvasirCVC__kvasir_cju2zp89k9q1g0855k1x0f1xa_boundary
PolypGen__C1_597OLCV1_100H0042,0.522947371006012,0.5383614897727966,0.015414118766784668,KvasirCVC__kvasir_cju3u39fog1bo0871lxjrabks_positive;KvasirCVC__cvc_444_positive,KvasirCVC__kvasir_cju87vqa0ndwg0850onjdz7ol_negative,KvasirCVC__kvasir_cju2zp89k9q1g0855k1x0f1xa_boundary
PolypGen__C4_11_endocv2021_positive_843,0.5268787145614624,0.5298216938972473,0.002942979335784912,KvasirCVC__kvasir_cju3u39fog1bo0871lxjrabks_positive;KvasirCVC__cvc_444_positive,KvasirCVC__kvasir_cju87vqa0ndwg0850onjdz7ol_negative,KvasirCVC__kvasir_cju2zp89k9q1g0855k1x0f1xa_boundary
PolypGen__C6_EndoCV2021_C6_0100093,0.5281285643577576,0.6267030239105225,0.09857445955276489,KvasirCVC__kvasir_cju3u39fog1bo0871lxjrabks_positive;KvasirCVC__cvc_54_positive,KvasirCVC__cvc_210_negative,KvasirCVC__kvasir_cju2zp89k9q1g0855k1x0f1xa_boundary
PolypGen__C6_EndoCV2021_C6_0100011,0.5282337069511414,0.5472080111503601,0.01897430419921875,KvasirCVC__kvasir_cju3u39fog1bo0871lxjrabks_positive;KvasirCVC__cvc_444_positive,KvasirCVC__kvasir_cju87vqa0ndwg0850onjdz7ol_negative,KvasirCVC__kvasir_cju2zp89k9q1g0855k1x0f1xa_boundary
PolypGen__C2_EndoCV2021_001336,0.5285493731498718,0.4722849726676941,-0.056264400482177734,KvasirCVC__kvasir_cju3u39fog1bo0871lxjrabks_positive;KvasirCVC__cvc_444_positive,KvasirCVC__kvasir_cju87vqa0ndwg0850onjdz7ol_negative,KvasirCVC__kvasir_cju2zp89k9q1g0855k1x0f1xa_boundary
PolypGen__C3_C3_EndoCV2021_00337,0.5321100950241089,0.5377532243728638,0.005643129348754883,KvasirCVC__kvasir_cju3u39fog1bo0871lxjrabks_positive;KvasirCVC__cvc_54_positive,KvasirCVC__cvc_210_negative,KvasirCVC__kvasir_cju2zp89k9q1g0855k1x0f1xa_boundary
PolypGen__C2_EndoCV2021_001322,0.5370187759399414,0.5960264801979065,0.05900770425796509,KvasirCVC__kvasir_cju3u39fog1bo0871lxjrabks_positive;KvasirCVC__cvc_54_positive,KvasirCVC__cvc_210_negative,KvasirCVC__kvasir_cju0tl3uz8blh0993wxvn7ly3_boundary
PolypGen__C1_422OLCV1_100H0038,0.5388760566711426,0.6167401075363159,0.07786405086517334,KvasirCVC__kvasir_cju3u39fog1bo0871lxjrabks_positive;KvasirCVC__cvc_444_positive,KvasirCVC__kvasir_cju87vqa0ndwg0850onjdz7ol_negative,KvasirCVC__kvasir_cju2zp89k9q1g0855k1x0f1xa_boundary
PolypGen__C1_186OLCV1_100H0063,0.5427034497261047,0.548879861831665,0.006176412105560303,KvasirCVC__kvasir_cju3u39fog1bo0871lxjrabks_positive;KvasirCVC__cvc_444_positive,KvasirCVC__kvasir_cju87vqa0ndwg0850onjdz7ol_negative,KvasirCVC__kvasir_cju2zp89k9q1g0855k1x0f1xa_boundary
PolypGen__C3_C3_EndoCV2021_00443,0.54609614610672,0.512274980545044,-0.033821165561676025,KvasirCVC__kvasir_cju3u39fog1bo0871lxjrabks_positive;KvasirCVC__cvc_444_positive,KvasirCVC__kvasir_cju87vqa0ndwg0850onjdz7ol_negative,KvasirCVC__kvasir_cju2zp89k9q1g0855k1x0f1xa_boundary
PolypGen__C3_C3_EndoCV2021_00417,0.5468786954879761,0.5495602488517761,0.002681553363800049,KvasirCVC__kvasir_cju3u39fog1bo0871lxjrabks_positive;KvasirCVC__cvc_444_positive,KvasirCVC__kvasir_cju87vqa0ndwg0850onjdz7ol_negative,KvasirCVC__kvasir_cju2zp89k9q1g0855k1x0f1xa_boundary
PolypGen__C5_EndoCV2021_C5_50000337,0.5470548272132874,0.5535774230957031,0.0065225958824157715,KvasirCVC__kvasir_cju3u39fog1bo0871lxjrabks_positive;KvasirCVC__cvc_444_positive,KvasirCVC__kvasir_cju87vqa0ndwg0850onjdz7ol_negative,KvasirCVC__cvc_96_boundary
PolypGen__C2_EndoCV2021_001307,0.5478343367576599,0.5474435091018677,-0.00039082765579223633,KvasirCVC__kvasir_cju3u39fog1bo0871lxjrabks_positive;KvasirCVC__cvc_444_positive,KvasirCVC__kvasir_cju87vqa0ndwg0850onjdz7ol_negative,KvasirCVC__kvasir_cju2zp89k9q1g0855k1x0f1xa_boundary
PolypGen__C5_EndoCV2021_C5_50000028,0.5502347350120544,0.5493885278701782,-0.0008462071418762207,KvasirCVC__kvasir_cju3u39fog1bo0871lxjrabks_positive;KvasirCVC__cvc_444_positive,KvasirCVC__kvasir_cju87vqa0ndwg0850onjdz7ol_negative,KvasirCVC__kvasir_cju2zp89k9q1g0855k1x0f1xa_boundary
PolypGen__C6_EndoCV2021_C6_0100075,0.5504527688026428,0.5356695652008057,-0.014783203601837158,KvasirCVC__kvasir_cju3u39fog1bo0871lxjrabks_positive;KvasirCVC__cvc_54_positive,KvasirCVC__cvc_210_negative,KvasirCVC__cvc_54_boundary
PolypGen__C3_C3_EndoCV2021_00318,0.5512073040008545,0.4732016921043396,-0.07800561189651489,KvasirCVC__kvasir_cju3u39fog1bo0871lxjrabks_positive;KvasirCVC__cvc_444_positive,KvasirCVC__cvc_210_negative,KvasirCVC__kvasir_cju2zp89k9q1g0855k1x0f1xa_boundary
PolypGen__C5_EndoCV2021_C5_50000027,0.5557836890220642,2.349072047991285e-10,-0.555783688787157,KvasirCVC__kvasir_cju3u39fog1bo0871lxjrabks_positive;KvasirCVC__kvasir_cju33w4sdcivk0855x879zht7_positive,KvasirCVC__kvasir_cju87vqa0ndwg0850onjdz7ol_negative,KvasirCVC__kvasir_cju2zp89k9q1g0855k1x0f1xa_boundary
PolypGen__C3_C3_EndoCV2021_00375,0.5679012537002563,0.5679012537002563,0.0,KvasirCVC__kvasir_cju3u39fog1bo0871lxjrabks_positive;KvasirCVC__cvc_444_positive,KvasirCVC__cvc_210_negative,KvasirCVC__kvasir_cju2zp89k9q1g0855k1x0f1xa_boundary
PolypGen__C5_EndoCV2021_C5_50000240,0.5679641366004944,0.7724227905273438,0.20445865392684937,KvasirCVC__kvasir_cju3u39fog1bo0871lxjrabks_positive;KvasirCVC__cvc_444_positive,KvasirCVC__kvasir_cju87vqa0ndwg0850onjdz7ol_negative,KvasirCVC__kvasir_cju2zp89k9q1g0855k1x0f1xa_boundary
PolypGen__C3_C3_EndoCV2021_0085,0.5681470036506653,0.5674846768379211,-0.0006623268127441406,KvasirCVC__kvasir_cju3u39fog1bo0871lxjrabks_positive;KvasirCVC__cvc_444_positive,KvasirCVC__kvasir_cju87vqa0ndwg0850onjdz7ol_negative,KvasirCVC__kvasir_cju3u39fog1bo0871lxjrabks_boundary
PolypGen__C5_EndoCV2021_C5_50000199,0.5686489939689636,0.7001613974571228,0.13151240348815918,KvasirCVC__kvasir_cju3u39fog1bo0871lxjrabks_positive;KvasirCVC__cvc_444_positive,KvasirCVC__kvasir_cju87vqa0ndwg0850onjdz7ol_negative,KvasirCVC__kvasir_cju2zp89k9q1g0855k1x0f1xa_boundary
PolypGen__C3_C3_EndoCV2021_00391,0.5692007541656494,0.720588207244873,0.15138745307922363,KvasirCVC__kvasir_cju3u39fog1bo0871lxjrabks_positive;KvasirCVC__cvc_444_positive,KvasirCVC__kvasir_cju87vqa0ndwg0850onjdz7ol_negative,KvasirCVC__kvasir_cju2zp89k9q1g0855k1x0f1xa_boundary
PolypGen__C3_C3_EndoCV2021_00230,0.5692983269691467,0.587131917476654,0.017833590507507324,KvasirCVC__kvasir_cju3u39fog1bo0871lxjrabks_positive;KvasirCVC__cvc_444_positive,KvasirCVC__kvasir_cju87vqa0ndwg0850onjdz7ol_negative,KvasirCVC__kvasir_cju2zp89k9q1g0855k1x0f1xa_boundary
PolypGen__C3_C3_EndoCV2021_0095,0.5706925392150879,0.7751842737197876,0.2044917345046997,KvasirCVC__kvasir_cju3u39fog1bo0871lxjrabks_positive;KvasirCVC__cvc_54_positive,KvasirCVC__cvc_210_negative,KvasirCVC__kvasir_cju2zp89k9q1g0855k1x0f1xa_boundary
PolypGen__C1_284OLCV1_100H0004,0.5715792179107666,0.9457158446311951,0.37413662672042847,KvasirCVC__kvasir_cju3u39fog1bo0871lxjrabks_positive;KvasirCVC__cvc_54_positive,KvasirCVC__kvasir_cju87vqa0ndwg0850onjdz7ol_negative,KvasirCVC__kvasir_cju2zp89k9q1g0855k1x0f1xa_boundary
PolypGen__C1_176OLCV1_100H0255,0.5738182067871094,0.5634833574295044,-0.01033484935760498,KvasirCVC__kvasir_cju3u39fog1bo0871lxjrabks_positive;KvasirCVC__cvc_444_positive,KvasirCVC__kvasir_cju87vqa0ndwg0850onjdz7ol_negative,KvasirCVC__kvasir_cju2zp89k9q1g0855k1x0f1xa_boundary
PolypGen__C4_22_endocv2021_positive_1318,0.5778103470802307,0.6612229347229004,0.08341258764266968,KvasirCVC__kvasir_cju3u39fog1bo0871lxjrabks_positive;KvasirCVC__kvasir_cju33w4sdcivk0855x879zht7_positive,KvasirCVC__kvasir_cju87vqa0ndwg0850onjdz7ol_negative,KvasirCVC__kvasir_cju2zp89k9q1g0855k1x0f1xa_boundary
PolypGen__C5_EndoCV2021_C5_50000360,0.5784832239151001,0.5839762687683105,0.005493044853210449,KvasirCVC__kvasir_cju3u39fog1bo0871lxjrabks_positive;KvasirCVC__cvc_444_positive,KvasirCVC__kvasir_cju87vqa0ndwg0850onjdz7ol_negative,KvasirCVC__kvasir_cju2zp89k9q1g0855k1x0f1xa_boundary
PolypGen__C4_9_endocv2021_positive_324,0.5793293714523315,0.5707737803459167,-0.008555591106414795,KvasirCVC__kvasir_cju3u39fog1bo0871lxjrabks_positive;KvasirCVC__cvc_444_positive,KvasirCVC__kvasir_cju87vqa0ndwg0850onjdz7ol_negative,KvasirCVC__kvasir_cju2zp89k9q1g0855k1x0f1xa_boundary
PolypGen__C1_177OLCV1_100H0038,0.582411527633667,0.6130245923995972,0.030613064765930176,KvasirCVC__kvasir_cju33w4sdcivk0855x879zht7_positive;KvasirCVC__cvc_54_positive,KvasirCVC__kvasir_cju87vqa0ndwg0850onjdz7ol_negative,KvasirCVC__kvasir_cju2zp89k9q1g0855k1x0f1xa_boundary
PolypGen__C4_5_endocv2021_positive_868,0.5844878554344177,0.6146175861358643,0.030129730701446533,KvasirCVC__kvasir_cju3u39fog1bo0871lxjrabks_positive;KvasirCVC__cvc_444_positive,KvasirCVC__kvasir_cju87vqa0ndwg0850onjdz7ol_negative,KvasirCVC__kvasir_cju2zp89k9q1g0855k1x0f1xa_boundary
PolypGen__C2_EndoCV2021_001324,0.584557056427002,0.5883476734161377,0.003790616989135742,KvasirCVC__kvasir_cju3u39fog1bo0871lxjrabks_positive;KvasirCVC__kvasir_cju33w4sdcivk0855x879zht7_positive,KvasirCVC__kvasir_cju87vqa0ndwg0850onjdz7ol_negative,KvasirCVC__kvasir_cju2zp89k9q1g0855k1x0f1xa_boundary
PolypGen__C1_667OLCV1_100H0024,0.5850622653961182,0.6151832342147827,0.03012096881866455,KvasirCVC__kvasir_cju3u39fog1bo0871lxjrabks_positive;KvasirCVC__cvc_444_positive,KvasirCVC__kvasir_cju87vqa0ndwg0850onjdz7ol_negative,KvasirCVC__kvasir_cju2zp89k9q1g0855k1x0f1xa_boundary
PolypGen__C2_EndoCV2021_001348,0.5855752825737,0.5816643238067627,-0.003910958766937256,KvasirCVC__kvasir_cju3u39fog1bo0871lxjrabks_positive;KvasirCVC__cvc_54_positive,KvasirCVC__kvasir_cju87vqa0ndwg0850onjdz7ol_negative,KvasirCVC__kvasir_cju2zp89k9q1g0855k1x0f1xa_boundary
PolypGen__C2_EndoCV2021_001024,0.587352454662323,0.4564603865146637,-0.1308920681476593,KvasirCVC__kvasir_cju3u39fog1bo0871lxjrabks_positive;KvasirCVC__cvc_444_positive,KvasirCVC__kvasir_cju87vqa0ndwg0850onjdz7ol_negative,KvasirCVC__kvasir_cju2zp89k9q1g0855k1x0f1xa_boundary
PolypGen__C5_EndoCV2021_C5_50000251,0.5893011093139648,0.587779700756073,-0.0015214085578918457,KvasirCVC__kvasir_cju3u39fog1bo0871lxjrabks_positive;KvasirCVC__cvc_444_positive,KvasirCVC__kvasir_cju87vqa0ndwg0850onjdz7ol_negative,KvasirCVC__kvasir_cju2zp89k9q1g0855k1x0f1xa_boundary
PolypGen__C5_EndoCV2021_C5_50000323,0.591928243637085,0.6565656661987305,0.06463742256164551,KvasirCVC__kvasir_cju3u39fog1bo0871lxjrabks_positive;KvasirCVC__cvc_444_positive,KvasirCVC__kvasir_cju87vqa0ndwg0850onjdz7ol_negative,KvasirCVC__kvasir_cju2zp89k9q1g0855k1x0f1xa_boundary
PolypGen__C1_204OLCV1_100H0006,0.5927750468254089,0.5874068140983582,-0.005368232727050781,KvasirCVC__kvasir_cju3u39fog1bo0871lxjrabks_positive;KvasirCVC__kvasir_cju33w4sdcivk0855x879zht7_positive,KvasirCVC__kvasir_cju87vqa0ndwg0850onjdz7ol_negative,KvasirCVC__kvasir_cju2zp89k9q1g0855k1x0f1xa_boundary
PolypGen__C1_742OLCV1_100H0008,0.5953654050827026,0.596802830696106,0.0014374256134033203,KvasirCVC__kvasir_cju3u39fog1bo0871lxjrabks_positive;KvasirCVC__cvc_54_positive,KvasirCVC__cvc_210_negative,KvasirCVC__kvasir_cju2zp89k9q1g0855k1x0f1xa_boundary
PolypGen__C3_C3_EndoCV2021_00283,0.5960643887519836,0.9538583159446716,0.357793927192688,KvasirCVC__kvasir_cju3u39fog1bo0871lxjrabks_positive;KvasirCVC__cvc_444_positive,KvasirCVC__kvasir_cju87vqa0ndwg0850onjdz7ol_negative,KvasirCVC__kvasir_cju43kj2pm34f0850l28ahpni_boundary
PolypGen__C6_EndoCV2021_C6_0100076,0.5963476300239563,0.556940495967865,-0.03940713405609131,KvasirCVC__kvasir_cju3u39fog1bo0871lxjrabks_positive;KvasirCVC__cvc_444_positive,KvasirCVC__cvc_210_negative,KvasirCVC__kvasir_cju43kj2pm34f0850l28ahpni_boundary
PolypGen__C3_C3_EndoCV2021_00455,0.5966851115226746,0.6208774447441101,0.024192333221435547,KvasirCVC__kvasir_cju3u39fog1bo0871lxjrabks_positive;KvasirCVC__kvasir_cju33w4sdcivk0855x879zht7_positive,KvasirCVC__kvasir_cju87vqa0ndwg0850onjdz7ol_negative,KvasirCVC__kvasir_cju2zp89k9q1g0855k1x0f1xa_boundary
PolypGen__C5_EndoCV2021_C5_50000153,0.5988971590995789,0.6250293254852295,0.026132166385650635,KvasirCVC__kvasir_cju3u39fog1bo0871lxjrabks_positive;KvasirCVC__cvc_444_positive,KvasirCVC__kvasir_cju87vqa0ndwg0850onjdz7ol_negative,KvasirCVC__kvasir_cju2zp89k9q1g0855k1x0f1xa_boundary
PolypGen__C3_C3_EndoCV2021_00351,0.5998495221138,0.6534879803657532,0.053638458251953125,KvasirCVC__kvasir_cju3u39fog1bo0871lxjrabks_positive;KvasirCVC__cvc_444_positive,KvasirCVC__kvasir_cju87vqa0ndwg0850onjdz7ol_negative,KvasirCVC__kvasir_cju3u39fog1bo0871lxjrabks_boundary
PolypGen__C4_28_endocv2021_positive_1342,0.600115180015564,0.6017290949821472,0.001613914966583252,KvasirCVC__kvasir_cju3u39fog1bo0871lxjrabks_positive;KvasirCVC__cvc_444_positive,KvasirCVC__kvasir_cju87vqa0ndwg0850onjdz7ol_negative,KvasirCVC__kvasir_cju2zp89k9q1g0855k1x0f1xa_boundary
PolypGen__C4_9_endocv2021_positive_457,0.6003739237785339,0.5836454629898071,-0.016728460788726807,KvasirCVC__kvasir_cju3u39fog1bo0871lxjrabks_positive;KvasirCVC__cvc_444_positive,KvasirCVC__kvasir_cju87vqa0ndwg0850onjdz7ol_negative,KvasirCVC__kvasir_cju2zp89k9q1g0855k1x0f1xa_boundary
PolypGen__C4_9_endocv2021_positive_538,0.6031510233879089,0.6545506119728088,0.0513995885848999,KvasirCVC__kvasir_cju3u39fog1bo0871lxjrabks_positive;KvasirCVC__cvc_444_positive,KvasirCVC__kvasir_cju87vqa0ndwg0850onjdz7ol_negative,KvasirCVC__kvasir_cju2zp89k9q1g0855k1x0f1xa_boundary
PolypGen__C3_C3_EndoCV2021_00152,0.6077032685279846,0.6059532165527344,-0.0017500519752502441,KvasirCVC__kvasir_cju3u39fog1bo0871lxjrabks_positive;KvasirCVC__cvc_444_positive,KvasirCVC__kvasir_cju87vqa0ndwg0850onjdz7ol_negative,KvasirCVC__kvasir_cju2zp89k9q1g0855k1x0f1xa_boundary
PolypGen__C1_419OLCV1_100H0020,0.6085718870162964,0.6028723120689392,-0.005699574947357178,KvasirCVC__kvasir_cju3u39fog1bo0871lxjrabks_positive;KvasirCVC__cvc_444_positive,KvasirCVC__kvasir_cju87vqa0ndwg0850onjdz7ol_negative,KvasirCVC__kvasir_cju2zp89k9q1g0855k1x0f1xa_boundary
PolypGen__C5_EndoCV2021_C5_50000196,0.6147631406784058,0.6169449687004089,0.002181828022003174,KvasirCVC__kvasir_cju3u39fog1bo0871lxjrabks_positive;KvasirCVC__cvc_444_positive,KvasirCVC__kvasir_cju87vqa0ndwg0850onjdz7ol_negative,KvasirCVC__kvasir_cju2zp89k9q1g0855k1x0f1xa_boundary
PolypGen__C3_C3_EndoCV2021_0032,0.6159036159515381,0.6273745894432068,0.011470973491668701,KvasirCVC__kvasir_cju3u39fog1bo0871lxjrabks_positive;KvasirCVC__cvc_444_positive,KvasirCVC__kvasir_cju87vqa0ndwg0850onjdz7ol_negative,KvasirCVC__kvasir_cju2zp89k9q1g0855k1x0f1xa_boundary
PolypGen__C3_C3_EndoCV2021_00434,0.61654132604599,0.6218905448913574,0.005349218845367432,KvasirCVC__kvasir_cju3u39fog1bo0871lxjrabks_positive;KvasirCVC__cvc_444_positive,KvasirCVC__kvasir_cju87vqa0ndwg0850onjdz7ol_negative,KvasirCVC__kvasir_cju2zp89k9q1g0855k1x0f1xa_boundary
PolypGen__C2_EndoCV2021_001274,0.6187307238578796,0.6440621018409729,0.02533137798309326,KvasirCVC__kvasir_cju3u39fog1bo0871lxjrabks_positive;KvasirCVC__kvasir_cju33w4sdcivk0855x879zht7_positive,KvasirCVC__kvasir_cju87vqa0ndwg0850onjdz7ol_negative,KvasirCVC__kvasir_cju2zp89k9q1g0855k1x0f1xa_boundary
PolypGen__C1_554OLCV1_100H0002,0.6205704212188721,0.6270742416381836,0.0065038204193115234,KvasirCVC__kvasir_cju3u39fog1bo0871lxjrabks_positive;KvasirCVC__cvc_444_positive,KvasirCVC__cvc_210_negative,KvasirCVC__kvasir_cju2zp89k9q1g0855k1x0f1xa_boundary
PolypGen__C3_C3_EndoCV2021_00367,0.6214689016342163,0.6214689016342163,0.0,KvasirCVC__kvasir_cju3u39fog1bo0871lxjrabks_positive;KvasirCVC__cvc_54_positive,KvasirCVC__cvc_210_negative,KvasirCVC__kvasir_cju2zp89k9q1g0855k1x0f1xa_boundary
PolypGen__C3_C3_EndoCV2021_00448,0.6231883764266968,0.6269185543060303,0.003730177879333496,KvasirCVC__kvasir_cju3u39fog1bo0871lxjrabks_positive;KvasirCVC__cvc_54_positive,KvasirCVC__cvc_210_negative,KvasirCVC__cvc_54_boundary
PolypGen__C5_EndoCV2021_C5_50000072,0.6241116523742676,0.699837327003479,0.07572567462921143,KvasirCVC__kvasir_cju3u39fog1bo0871lxjrabks_positive;KvasirCVC__kvasir_cju33w4sdcivk0855x879zht7_positive,KvasirCVC__kvasir_cju87vqa0ndwg0850onjdz7ol_negative,KvasirCVC__kvasir_cju2zp89k9q1g0855k1x0f1xa_boundary
PolypGen__C3_C3_EndoCV2021_00486,0.6292771697044373,0.7532656192779541,0.12398844957351685,KvasirCVC__kvasir_cju3u39fog1bo0871lxjrabks_positive;KvasirCVC__cvc_444_positive,KvasirCVC__kvasir_cju87vqa0ndwg0850onjdz7ol_negative,KvasirCVC__cvc_96_boundary
PolypGen__C1_356OLCV1_100S0007,0.6321428418159485,0.9441672563552856,0.31202441453933716,KvasirCVC__kvasir_cju3u39fog1bo0871lxjrabks_positive;KvasirCVC__cvc_444_positive,KvasirCVC__kvasir_cju87vqa0ndwg0850onjdz7ol_negative,KvasirCVC__kvasir_cju2zp89k9q1g0855k1x0f1xa_boundary
PolypGen__C3_C3_EndoCV2021_00142,0.6326963901519775,0.6313559412956238,-0.0013404488563537598,KvasirCVC__kvasir_cju3u39fog1bo0871lxjrabks_positive;KvasirCVC__cvc_54_positive,KvasirCVC__cvc_210_negative,KvasirCVC__kvasir_cju2zp89k9q1g0855k1x0f1xa_boundary
PolypGen__C5_EndoCV2021_C5_50000378,0.634482741355896,0.6328461170196533,-0.0016366243362426758,KvasirCVC__kvasir_cju3u39fog1bo0871lxjrabks_positive;KvasirCVC__cvc_54_positive,KvasirCVC__cvc_210_negative,KvasirCVC__kvasir_cju2zp89k9q1g0855k1x0f1xa_boundary
PolypGen__C3_C3_EndoCV2021_00180,0.6351351141929626,0.4057970941066742,-0.22933802008628845,KvasirCVC__cvc_54_positive;KvasirCVC__kvasir_cju3u39fog1bo0871lxjrabks_positive,KvasirCVC__cvc_210_negative,KvasirCVC__kvasir_cju2zp89k9q1g0855k1x0f1xa_boundary
PolypGen__C2_EndoCV2021_001023,0.6388042569160461,0.6430141925811768,0.004209935665130615,KvasirCVC__kvasir_cju3u39fog1bo0871lxjrabks_positive;KvasirCVC__cvc_54_positive,KvasirCVC__kvasir_cju87vqa0ndwg0850onjdz7ol_negative,KvasirCVC__kvasir_cju2zp89k9q1g0855k1x0f1xa_boundary
PolypGen__C3_C3_EndoCV2021_00258,0.6391869187355042,0.7159557938575745,0.07676887512207031,KvasirCVC__kvasir_cju3u39fog1bo0871lxjrabks_positive;KvasirCVC__cvc_444_positive,KvasirCVC__kvasir_cju87vqa0ndwg0850onjdz7ol_negative,KvasirCVC__kvasir_cju2zp89k9q1g0855k1x0f1xa_boundary
PolypGen__C5_EndoCV2021_C5_50000124,0.6393223404884338,0.6397542953491211,0.00043195486068725586,KvasirCVC__cvc_54_positive;KvasirCVC__kvasir_cju3u39fog1bo0871lxjrabks_positive,KvasirCVC__kvasir_cju87vqa0ndwg0850onjdz7ol_negative,KvasirCVC__kvasir_cju2zp89k9q1g0855k1x0f1xa_boundary
PolypGen__C3_C3_EndoCV2021_00496,0.6416263580322266,0.584067702293396,-0.057558655738830566,KvasirCVC__kvasir_cju3u39fog1bo0871lxjrabks_positive;KvasirCVC__cvc_444_positive,KvasirCVC__kvasir_cju87vqa0ndwg0850onjdz7ol_negative,KvasirCVC__kvasir_cju2zp89k9q1g0855k1x0f1xa_boundary
PolypGen__C5_EndoCV2021_C5_50000322,0.6422150135040283,0.6378262639045715,-0.004388749599456787,KvasirCVC__kvasir_cju3u39fog1bo0871lxjrabks_positive;KvasirCVC__cvc_444_positive,KvasirCVC__kvasir_cju87vqa0ndwg0850onjdz7ol_negative,KvasirCVC__kvasir_cju2zp89k9q1g0855k1x0f1xa_boundary
PolypGen__C3_C3_EndoCV2021_00249,0.6461347937583923,0.7966843843460083,0.15054959058761597,KvasirCVC__kvasir_cju3u39fog1bo0871lxjrabks_positive;KvasirCVC__cvc_444_positive,KvasirCVC__kvasir_cju87vqa0ndwg0850onjdz7ol_negative,KvasirCVC__kvasir_cju2zp89k9q1g0855k1x0f1xa_boundary
PolypGen__C1_425OLCV1_100H0016,0.6462931632995605,0.937685489654541,0.29139232635498047,KvasirCVC__cvc_54_positive;KvasirCVC__kvasir_cju3u39fog1bo0871lxjrabks_positive,KvasirCVC__cvc_210_negative,KvasirCVC__kvasir_cju2zp89k9q1g0855k1x0f1xa_boundary
PolypGen__C5_EndoCV2021_C5_50000206,0.6514285802841187,0.8331177234649658,0.18168914318084717,KvasirCVC__kvasir_cju3u39fog1bo0871lxjrabks_positive;KvasirCVC__cvc_444_positive,KvasirCVC__kvasir_cju87vqa0ndwg0850onjdz7ol_negative,KvasirCVC__kvasir_cju2zp89k9q1g0855k1x0f1xa_boundary
PolypGen__C6_EndoCV2021_C6_0100109,0.6620039343833923,0.695929765701294,0.03392583131790161,KvasirCVC__kvasir_cju3u39fog1bo0871lxjrabks_positive;KvasirCVC__cvc_444_positive,KvasirCVC__kvasir_cju87vqa0ndwg0850onjdz7ol_negative,KvasirCVC__kvasir_cju2zp89k9q1g0855k1x0f1xa_boundary
PolypGen__C3_C3_EndoCV2021_00369,0.6634615659713745,0.662665069103241,-0.0007964968681335449,KvasirCVC__kvasir_cju3u39fog1bo0871lxjrabks_positive;KvasirCVC__cvc_444_positive,KvasirCVC__kvasir_cju87vqa0ndwg0850onjdz7ol_negative,KvasirCVC__cvc_96_boundary
PolypGen__C4_20_endocv2021_positive_69,0.6697889566421509,0.664878785610199,-0.004910171031951904,KvasirCVC__kvasir_cju3u39fog1bo0871lxjrabks_positive;KvasirCVC__cvc_444_positive,KvasirCVC__kvasir_cju87vqa0ndwg0850onjdz7ol_negative,KvasirCVC__kvasir_cju2zp89k9q1g0855k1x0f1xa_boundary
PolypGen__C1_176OLCV1_100H0912,0.6698899865150452,0.6512335538864136,-0.018656432628631592,KvasirCVC__kvasir_cju3u39fog1bo0871lxjrabks_positive;KvasirCVC__cvc_444_positive,KvasirCVC__kvasir_cju87vqa0ndwg0850onjdz7ol_negative,KvasirCVC__kvasir_cju2zp89k9q1g0855k1x0f1xa_boundary
PolypGen__C3_C3_EndoCV2021_00363,0.6708295941352844,0.9019003510475159,0.23107075691223145,KvasirCVC__kvasir_cju3u39fog1bo0871lxjrabks_positive;KvasirCVC__cvc_54_positive,KvasirCVC__cvc_210_negative,KvasirCVC__cvc_96_boundary
PolypGen__C1_187OLCV1_100H0079,0.6718246340751648,0.6761107444763184,0.0042861104011535645,KvasirCVC__kvasir_cju3u39fog1bo0871lxjrabks_positive;KvasirCVC__cvc_54_positive,KvasirCVC__kvasir_cju87vqa0ndwg0850onjdz7ol_negative,KvasirCVC__kvasir_cju2zp89k9q1g0855k1x0f1xa_boundary
PolypGen__C5_EndoCV2021_C5_50000194,0.6754800081253052,0.6662412285804749,-0.009238779544830322,KvasirCVC__kvasir_cju3u39fog1bo0871lxjrabks_positive;KvasirCVC__cvc_444_positive,KvasirCVC__kvasir_cju87vqa0ndwg0850onjdz7ol_negative,KvasirCVC__kvasir_cju2zp89k9q1g0855k1x0f1xa_boundary
PolypGen__C3_C3_EndoCV2021_00403,0.6788488030433655,0.6739625930786133,-0.004886209964752197,KvasirCVC__kvasir_cju3u39fog1bo0871lxjrabks_positive;KvasirCVC__cvc_444_positive,KvasirCVC__kvasir_cju87vqa0ndwg0850onjdz7ol_negative,KvasirCVC__kvasir_cju2zp89k9q1g0855k1x0f1xa_boundary
PolypGen__C3_C3_EndoCV2021_00370,0.6796785593032837,0.8661749362945557,0.18649637699127197,KvasirCVC__kvasir_cju3u39fog1bo0871lxjrabks_positive;KvasirCVC__cvc_444_positive,KvasirCVC__cvc_210_negative,KvasirCVC__kvasir_cju2zp89k9q1g0855k1x0f1xa_boundary
PolypGen__C2_EndoCV2021_001331,0.6834198236465454,0.7334504723548889,0.050030648708343506,KvasirCVC__cvc_54_positive;KvasirCVC__kvasir_cju3u39fog1bo0871lxjrabks_positive,KvasirCVC__kvasir_cju87vqa0ndwg0850onjdz7ol_negative,KvasirCVC__cvc_54_boundary
PolypGen__C6_EndoCV2021_C6_0100007,0.6838247179985046,0.7846622467041016,0.10083752870559692,KvasirCVC__kvasir_cju3u39fog1bo0871lxjrabks_positive;KvasirCVC__cvc_444_positive,KvasirCVC__kvasir_cju87vqa0ndwg0850onjdz7ol_negative,KvasirCVC__kvasir_cju2zp89k9q1g0855k1x0f1xa_boundary
PolypGen__C3_C3_EndoCV2021_0064,0.6848167777061462,0.6878582835197449,0.003041505813598633,KvasirCVC__kvasir_cju3u39fog1bo0871lxjrabks_positive;KvasirCVC__cvc_444_positive,KvasirCVC__cvc_210_negative,KvasirCVC__kvasir_cju3u39fog1bo0871lxjrabks_boundary
PolypGen__C2_EndoCV2021_001123,0.6857970952987671,0.8733518719673157,0.18755477666854858,KvasirCVC__kvasir_cju3u39fog1bo0871lxjrabks_positive;KvasirCVC__cvc_444_positive,KvasirCVC__kvasir_cju87vqa0ndwg0850onjdz7ol_negative,KvasirCVC__kvasir_cju2zp89k9q1g0855k1x0f1xa_boundary
PolypGen__C4_19_endocv2021_positive_1222,0.6864054799079895,0.6981990337371826,0.011793553829193115,KvasirCVC__kvasir_cju3u39fog1bo0871lxjrabks_positive;KvasirCVC__cvc_54_positive,KvasirCVC__kvasir_cju87vqa0ndwg0850onjdz7ol_negative,KvasirCVC__kvasir_cju2zp89k9q1g0855k1x0f1xa_boundary
PolypGen__C3_C3_EndoCV2021_00299,0.691171407699585,0.695414125919342,0.00424271821975708,KvasirCVC__kvasir_cju3u39fog1bo0871lxjrabks_positive;KvasirCVC__cvc_444_positive,KvasirCVC__kvasir_cju87vqa0ndwg0850onjdz7ol_negative,KvasirCVC__kvasir_cju2zp89k9q1g0855k1x0f1xa_boundary
PolypGen__C3_C3_EndoCV2021_00491,0.6912869811058044,0.7128651142120361,0.02157813310623169,KvasirCVC__kvasir_cju3u39fog1bo0871lxjrabks_positive;KvasirCVC__cvc_54_positive,KvasirCVC__kvasir_cju87vqa0ndwg0850onjdz7ol_negative,KvasirCVC__cvc_96_boundary
PolypGen__C1_925OLCV1_100H0014,0.6922411918640137,0.7400643229484558,0.04782313108444214,KvasirCVC__kvasir_cju3u39fog1bo0871lxjrabks_positive;KvasirCVC__cvc_444_positive,KvasirCVC__kvasir_cju87vqa0ndwg0850onjdz7ol_negative,KvasirCVC__kvasir_cju2zp89k9q1g0855k1x0f1xa_boundary
PolypGen__C2_EndoCV2021_001097,0.6930409669876099,0.6916864514350891,-0.001354515552520752,KvasirCVC__kvasir_cju3u39fog1bo0871lxjrabks_positive;KvasirCVC__cvc_444_positive,KvasirCVC__kvasir_cju87vqa0ndwg0850onjdz7ol_negative,KvasirCVC__kvasir_cju2zp89k9q1g0855k1x0f1xa_boundary
PolypGen__C2_EndoCV2021_001071,0.693508505821228,0.6587225198745728,-0.03478598594665527,KvasirCVC__kvasir_cju3u39fog1bo0871lxjrabks_positive;KvasirCVC__cvc_444_positive,KvasirCVC__kvasir_cju87vqa0ndwg0850onjdz7ol_negative,KvasirCVC__kvasir_cju2zp89k9q1g0855k1x0f1xa_boundary
PolypGen__C3_C3_EndoCV2021_00487,0.695177435874939,0.7291865944862366,0.03400915861129761,KvasirCVC__cvc_54_positive;KvasirCVC__kvasir_cju3u39fog1bo0871lxjrabks_positive,KvasirCVC__cvc_210_negative,KvasirCVC__kvasir_cju43kj2pm34f0850l28ahpni_boundary
PolypGen__C5_EndoCV2021_C5_50000230,0.6972476840019226,0.4426281154155731,-0.2546195685863495,KvasirCVC__kvasir_cju3u39fog1bo0871lxjrabks_positive;KvasirCVC__cvc_54_positive,KvasirCVC__kvasir_cju87vqa0ndwg0850onjdz7ol_negative,KvasirCVC__kvasir_cju2zp89k9q1g0855k1x0f1xa_boundary
